:020000040000fa
:020000041fc01b
:042ff000fffffff8e8
:020000040000fa
:020000041fc01b
:042ff400d9f9f8ff10
:020000040000fa
:020000041fc01b
:042ff800dbcc74ffbb
:020000040000fa
:020000041fc01b
:042ffc00ffffff7f55
:020000040000fa
:020000041fc01b
:100000000200f00f0000000000601a40c0045a7f98
:100010000500401300000000039d1a3c98415a2738
:10002000080040030000000002a01d3cf8ffbd27af
:1000300000a01c3cf07f9c27026009402058200152
:10004000801e2a7d8449497d02608940c0000000ed
:1000500000e0dc4102608b40c0000000039d083cd2
:100060001c47082509f800010000000000a0083c1a
:100070002800082500a0093ca00129250300001044
:1000800000000000000000ad040008252b08090155
:10009000fcff201400000000039d083c78bf0825e9
:1000a00009f80001000000000000093c00002925bb
:1000b00010002011000000000200093c000029256a
:1000c00088bf0a3c10204a25000049ad0200093cc7
:1000d0000000292588bf0a3c20204a25000049ada0
:1000e0000200093c0000292588bf0a3c30204a252f
:1000f000000049ad00488040ffff0a2400588a40b4
:100100004000083c00600a4025500a0100608a4017
:10011000c09f093c00102925c000000001788940db
:100120000000093c0100292500000a2444492a7dd9
:1001300001608a408000093c0068894000800840d6
:100140008005097d404c0900006008405800013cd2
:10015000244001012540280100608840c0000000c3
:10016000039d083c2447082509f800010000000011
:1001700000600840bfff013cffff21342440010123
:1001800000608840000084300000a530039d083cda
:0c019000800008250800000100000000ad
:020000040000fa
:020000041fc01b
:10038000039d1a3c80415a270800400300000000ea
:020000040000fa
:020000041fc01b
:10118000029d1a3c38625a27080040030000000004
:020000040000fa
:020000041fc01b
:08120000678a400b00000000aa
:020000040000fa
:020000041fc01b
:0812200079c4400b000000003e
:020000040000fa
:020000041fc01b
:0812400079c4400b000000001e
:020000040000fa
:020000041fc01b
:0812600079c4400b00000000fe
:020000040000fa
:020000041fc01b
:08128000ab8a400b00000000e6
:020000040000fa
:020000041fc01b
:0812a00079c4400b00000000be
:020000040000fa
:020000041fc01b
:0812c00079c4400b000000009e
:020000040000fa
:020000041fc01b
:0812e00079c4400b000000007e
:020000040000fa
:020000041fc01b
:0813000079c4400b000000005d
:020000040000fa
:020000041fc01b
:0813200079c4400b000000003d
:020000040000fa
:020000041fc01b
:0813400079c4400b000000001d
:020000040000fa
:020000041fc01b
:0813600079c4400b00000000fd
:020000040000fa
:020000041fc01b
:0813800079c4400b00000000dd
:020000040000fa
:020000041fc01b
:0813a00079c4400b00000000bd
:020000040000fa
:020000041fc01b
:0813c00079c4400b000000009d
:020000040000fa
:020000041fc01b
:0813e00079c4400b000000007d
:020000040000fa
:020000041fc01b
:0814000079c4400b000000005c
:020000040000fa
:020000041fc01b
:0814200079c4400b000000003c
:020000040000fa
:020000041fc01b
:0814400079c4400b000000001c
:020000040000fa
:020000041fc01b
:0814600079c4400b00000000fc
:020000040000fa
:020000041fc01b
:0814800079c4400b00000000dc
:020000040000fa
:020000041fc01b
:0814a00079c4400b00000000bc
:020000040000fa
:020000041fc01b
:0814c00079c4400b000000009c
:020000040000fa
:020000041fc01b
:0814e00079c4400b000000007c
:020000040000fa
:020000041fc01b
:08150000ef8a400b000000001f
:020000040000fa
:020000041fc01b
:0815200079c4400b000000003b
:020000040000fa
:020000041fc01b
:0815400079c4400b000000001b
:020000040000fa
:020000041fc01b
:0815600079c4400b00000000fb
:020000040000fa
:020000041fc01b
:0815800079c4400b00000000db
:020000040000fa
:020000041fc01b
:0815a00079c4400b00000000bb
:020000040000fa
:020000041fc01b
:0815c00079c4400b000000009b
:020000040000fa
:020000041fc01b
:0815e00079c4400b000000007b
:020000040000fa
:020000041fc01b
:0816000079c4400b000000005a
:020000040000fa
:020000041fc01b
:0816200079c4400b000000003a
:020000040000fa
:020000041fc01b
:0816400079c4400b000000001a
:020000040000fa
:020000041fc01b
:0816600079c4400b00000000fa
:020000040000fa
:020000041fc01b
:0816800079c4400b00000000da
:020000040000fa
:020000041fc01b
:0816a00079c4400b00000000ba
:020000040000fa
:020000041fc01b
:0816c00079c4400b000000009a
:020000040000fa
:020000041fc01b
:0816e00079c4400b000000007a
:020000040000fa
:020000041fc01b
:0817000079c4400b0000000059
:020000040000fa
:020000041fc01b
:0817200079c4400b0000000039
:020000040000fa
:020000041fc01b
:0817400079c4400b0000000019
:020000040000fa
:020000041fc01b
:0817600079c4400b00000000f9
:020000040000fa
:020000041fc01b
:0817800079c4400b00000000d9
:020000040000fa
:020000041fc01b
:0817a00079c4400b00000000b9
:020000040000fa
:020000041fc01b
:0817c00079c4400b0000000099
:020000040000fa
:020000041fc01b
:0817e00079c4400b0000000079
:020000040000fa
:020000041fc01b
:08180000338b400b00000000d7
:020000040000fa
:020000041fc01b
:0818200079c4400b0000000038
:020000040000fa
:020000041fc01b
:0818400079c4400b0000000018
:020000040000fa
:020000041fc01b
:0818600079c4400b00000000f8
:020000040000fa
:020000041fc01b
:1004800000f89b40c0000000039d1b3cc4177b2765
:10049000020060130000000000c09b4000f81b40f9
:0c04a000c00000001f000042000000002f
:020000040000fa
:020000041d00dd
:10000000a0ffbd275c00bfaf5800b4af5400b3af32
:100010005000b2af4c00b1af4800b0af1800a327fa
:100020002580000008000824200007241600001086
:100030000900062400008280feff4750010084244e
:10004000fcff465001008424240040100000000002
:1000500001001026ff001032000064ac0100858012
:100060000700a010010082240400a750000040a057
:10007000faffa65425204000000040a00200822480
:1000800004006324252040000000828013004010fb
:1000900000000000e8ff08161800b18f009d053c25
:1000a000483fa52468aa400f2520200206004014de
:1000b000009d053c503fa52468aa400f2520200242
:1000c00010004010009d053c009d043cf3b7400f1c
:1000d000543f8424040000105c00bf8fefff001623
:1000e0001800b18f5c00bf8f5800b48f5400b38fdd
:1000f0005000b28f4c00b18f4800b08f0800e00371
:100100006000bd277c45a52468aa400f2520200259
:1001100023004014009d053cac45a52468aa400f6f
:100120002520200223004014009d053cb045a52455
:1001300068aa400f2520200222004014009d053ca3
:10014000c445a52468aa400f252020024200401083
:10015000009d053c0200102e280000163800a5273f
:100160003a93400f1c00a48f240040103800a5973c
:100170000002a22c260040104000a627c6ac400f6b
:100180008c81848f27004050009d043c009d043cde
:100190005cc8400f583e8424d3ff00105c00bf8f22
:1001a000009d043cf3b7400f80458424ceff00102f
:1001b0005c00bf8f6699400f00000000caff00106e
:1001c0005c00bf8febac400f8c81848f6699400f31
:1001d0002580400005000016009d043cf3b7400f49
:1001e000b8458424c0ff00105c00bf8f98a0400f6a
:1001f00025200002bcff00105c00bf8f009d043c66
:100200005cc8400fc8458424b7ff00105c00bf8f56
:10021000009d043c5cc8400fdc458424b2ff001004
:100220005c00bf8ff3b7400fe8458424d7b7400f79
:100230003800a497009d043cf3b7400fec4584249c
:100240009ec1400f4000a4933dbd400f0a0004240e
:10025000a5ff00105c00bf8ff445a52468aa400fdd
:100260002520200222004010009d053c0300102e96
:10027000050000163800a5273a93400f1c00a48ff4
:10028000060040143a00a527009d043c5cc8400fbe
:10029000f845842494ff00105c00bf8f3a93400f10
:1002a0002000a48ff8ff40103800a5970002a22c70
:1002b000040040103a00a6970001c22c060040142a
:1002c000ff00c630009d043c5cc8400f10468424eb
:1002d00085ff00105c00bf8f72ba400f8c81848f45
:1002e00098a0400f252040007fff00105c00bf8fca
:1002f0001846a52468aa400f25202002220040109d
:10030000009d053c0300102e050000163800a527af
:100310003a93400f1c00a48f060040143a00a52712
:10032000009d043c5cc8400f1c4684246eff0010f6
:100330005c00bf8f3a93400f2000a48ff8ff40105d
:100340003800a5970002a22c040040103a00a6979e
:100350000001c22c06004014ff00c630009d043c82
:100360005cc8400f104684245fff00105c00bf8f04
:100370008cba400f8c81848f98a0400f25204000bc
:1003800059ff00105c00bf8f3846a52468aa400fb3
:100390002520200226004010009d053c0500102e5f
:1003a000050000163800a5273a93400f1c00a48fc3
:1003b000060040143a00a527009d043c5cc8400f8d
:1003c0003c46842448ff00105c00bf8f3a93400fe6
:1003d0002000a48ff9ff4010009d043c3c00a5279d
:1003e0003a93400f2400a48ff4ff4010009d043c7a
:1003f0003e00a5273a93400f2800a48fefff40103e
:10040000009d043c3e00a2931000a2af3c00a793c5
:100410003a00a6933800a5972098400f8c81848fce
:1004200098a0400f252040002fff00105c00bf8fd8
:100430006446a52468aa400f252020025c004010d5
:10044000100002243800a0a73a00a2a70200022e42
:100450000c0040102598000010001024211070029c
:100460000102422c2a0040142588000000021024ba
:1004700023801302ffff1032009d123c4100001048
:100480007c4652263800a5273a93400f1c00a48fc3
:10049000110040100300102e050000163a00a52799
:1004a0003a93400f2000a48f10004050009d043c60
:1004b0003800b3970002622e100040103a00b09747
:1004c000ffff0226ffff42300002422c10000324ef
:1004d000e2ff00100a806200009d043c5cc8400fef
:1004e0006c46842400ff00105c00bf8f5cc8400f86
:1004f00074468424fcfe00105c00bf8f009d043c09
:100500005cc8400f6c468424f7fe00105c00bf8f6f
:10051000d9ff0016000000003dbd400f0a00042472
:10052000f1fe00105c00bf8f3dbd400f0a000424a7
:1005300021203302d7b7400fffff8430f3b7400fbd
:1005400025204002212833024000a627ffffa530c6
:10055000c6ac400f8c81848f11004014009d043c78
:100560009ec1400f4000a4933dbd400f20000424d5
:1005700001003126ffff31322b103002e6ff401020
:10058000000000000f002232eeff40144000a0a344
:10059000e8ff205221203302e3ff0010000000009a
:1005a0005cc8400f583e8424cffe00105c00bf8f13
:1005b000009d053c8046a52468aa400f2520200206
:1005c00018004010009d053c0300102e0500001689
:1005d0003800a5273a93400f1c00a48f0600401452
:1005e0003a00a527009d043c5cc8400f884684243f
:1005f000bdfe00105c00bf8f3a93400f2000a48f17
:10060000f9ff4010009d043c3a00a5938ac1400fb9
:100610003800a49798a0400f25204000b2fe00109b
:100620005c00bf8fa446a52468aa400f25202002a5
:100630001f004010010002240d0002123800a527ff
:100640003a93400f1c00a48f040040103800a2977a
:100650002000432c100060148c81838f009d043c8b
:100660005cc8400fb44684249ffe00105c00bf8f1e
:10067000009d043cf3b7400fa84684248c81828ff0
:100680009ec1400f000044903dbd400f0a0004246d
:1006900095fe00105c00bf8f000062a0009d043c2e
:1006a000f3b7400f0c3e84248ffe00105c00bf8f18
:1006b000009d053cc046a52468aa400f25202002c5
:1006c00017004014009d053cd046a52468aa400fa1
:1006d0002520200219004014009d053ce046a52479
:1006e00068aa400f2520200228004010009d053cec
:1006f0000200102e050000163800a5273a93400f7f
:100700001c00a48f140040543800a497009d043ca2
:100710005cc8400fe446842473fe00105c00bf8f69
:100720004ece400f01000424009d043cf3b7400f5f
:10073000c44684246cfe00105c00bf8f4ece400f78
:1007400025200000009d043cf3b7400fd4468424cc
:1007500065fe00105c00bf8f15d0400f2b200400f9
:100760003800a29707004014009d043c009d043c03
:10077000403f8424f3b7400f000000005afe0010f1
:100780005c00bf8ffbff0010383f8424f446a52493
:1007900068aa400f2520200217004014009d053c48
:1007a000fc46a52468aa400f252020021900401409
:1007b000009d053c0047a52468aa400f2520200283
:1007c00066004010009d053c0300102e0500001639
:1007d0003a00a5273a93400f2000a48f130040143d
:1007e0001c00b08f009d043c5cc8400f044784246b
:1007f0003dfe00105c00bf8f4dc8400f00000000a0
:10080000009d043cf3b7400f0c3e842436fe0010dc
:100810005c00bf8f25bd400f8c81848f98a0400f56
:100820002520400030fe00105c00bf8f009d053c7d
:100830002047a52468aa400f252000022e00401062
:100840003800a527b7d1400f0000000001000324a5
:10085000020043142f809193308091930400201262
:1008600025800000010014240e0000100400132451
:10087000009d043c5cc8400f244784241afe0010ed
:100880005c00bf8f252840026dc9400f8c81848f8a
:100890001100401400000000010010261200135245
:1008a000009d043c0610110201004230faff401086
:1008b000ff001232b7d1400f00000000f1ff5410ca
:1008c0003a00a6932528400289c9400f8c81848f65
:1008d000efff00100000000098a0400f252040000e
:1008e00001fe00105c00bf8ff3b7400f0c3e842464
:1008f000fdfd00105c00bf8f3a93400f25200002e1
:1009000005004014009d043c5cc8400f044784244b
:10091000f5fd00105c00bf8fb7d1400f0000000054
:1009200001000324080043103a00a6933800a59361
:1009300089c9400f8c81848f98a0400f25204000ea
:10094000e9fd00105c00bf8f3800a5936dc9400f12
:100950008c81848ff8ff0010000000003c47a52424
:1009600068aa400f2520200259004010009d053c38
:100970000300102e050000163a00a5273a93400ff9
:100980002000a48f060040141c00b08f009d043c82
:100990005cc8400f40478424d3fd00105c00bf8f2b
:1009a000009d053c2047a52468aa400f2520000291
:1009b0002e0040103800a527b7d1400f00000000de
:1009c00001000324020043142f80919330809193ff
:1009d0000f002012258000000100142404001324bd
:1009e00006101102010042300e004014ff001232c6
:1009f00001001026fbff131606101102009d043c97
:100a0000f3b7400f0c3e8424b7fd00105c00bf8f8d
:100a1000009d043c5cc8400f24478424b2fd0010b4
:100a20005c00bf8fb7d1400f0000000006005410db
:100a30003a00a6932528400297c9400f8c81848fe5
:100a40000400001000000000252840027bc9400f70
:100a50008c81848fe7ff40100100102698a0400f82
:100a600025204000a0fd00105c00bf8f3a93400f8e
:100a70002520000205004014009d043c5cc8400f86
:100a80004047842498fd00105c00bf8fb7d1400f11
:100a90000000000001000324080043143a00a6935c
:100aa0003800a5937bc9400f8c81848f98a0400f9c
:100ab000252040008cfd00105c00bf8f3800a593fe
:100ac00097c9400f8c81848ff8ff00100000000050
:100ad0005c47a52468aa400f25202002130040107f
:100ae000009d053c0200102e050000163800a527c9
:100af0003a93400f1c00a48f060040143800a593c1
:100b0000009d043c5cc8400f6447842476fd0010bf
:100b10005c00bf8ff2ce400f8c81848f98a0400f75
:100b20002520400070fd00105c00bf8f7847a52491
:100b300068aa400f2520200217004014009d053ca4
:100b40008047a52468aa400f2520200242004010bb
:100b5000009d053c0300102e0a0000163800a52752
:100b60003a93400f1c00a48f07004010009d043ce6
:100b70003a00a5273a93400f2000a48f0c004014a0
:100b80003800a397009d043c5cc8400f8447842430
:100b900055fd00105c00bf8fbbb4400f8c81848f6b
:100ba00098a0400f252040004ffd00105c00bf8f33
:100bb0000002622c060040143a00a297009d043cfb
:100bc0005cc8400fa447842447fd00105c00bf8f21
:100bd0000600405421206200009d043c5cc8400f88
:100be000b047842440fd00105c00bf8f0102842cbc
:100bf0000600805401000424009d043c5cc8400fa2
:100c0000c447842438fd00105c00bf8f8a8184a310
:100c1000888183a7868182a7848180a7828180a71b
:100c2000808180a3009d043cf3b7400fdc478424ff
:100c30009d9b400f3a00a497009d043cf3b7400fe2
:100c4000e4478424009d043cf3b7400f10488424fb
:100c500025fd00105c00bf8f2048a52468aa400f26
:100c6000252020023e004010009d053c0300102e70
:100c70000a0000163800a5273a93400f1c00a48fe5
:100c800007004010009d043c3a00a5273a93400f0e
:100c90002000a48f060040143800a297009d043c59
:100ca0005cc8400f284884240ffd00105c00bf8ff3
:100cb0003a00a397211043000102422c0d0040107e
:100cc000258000001f0011243a00a2972b18020271
:100cd0000d0060544000a0a31f00423002fd4050b0
:100ce0005c00bf8f3dbd400f0a000424fefc0010d5
:100cf0005c00bf8f009d043c5cc8400f10468424fc
:100d0000f9fc00105c00bf8f3800a5972128050270
:100d10004000a627ffffa530c6ac400f8c81848f12
:100d200005004010009d043c5cc8400f583e8424e0
:100d3000edfc00105c00bf8f9ec1400f4000a493eb
:100d40001f00023204005154010010263dbd400f27
:100d50000a00042401001026dbff0010ffff103200
:100d60004c48a52468aa400f2520200235004010d9
:100d7000010002240d0002163800a52754000624a5
:100d800030808593009d043c0e91400f5048842490
:100d9000520006242f808593009d043c0e91400f45
:100da00058488424d0fc00105c00bf8f3a93400f59
:100db0001c00a48f040040103800a5971000a22c3e
:100dc00006004014ff00a230009d043c5cc8400fa8
:100dd00060488424c4fc00105c00bf8f308082a374
:100de0002f8082a38c81848f040082900a0040109f
:100df00054000624cea3400f2530a000060040106a
:100e000054000624009d043c5cc8400f583e8424d6
:100e1000b5fc00105c00bf8f30808593009d043cc2
:100e20000e91400f50488424520006242f80859351
:100e3000009d043c0e91400f58488424aafc0010e9
:100e40005c00bf8f009d053c8c48a52468aa400f1c
:100e5000252020022900401001000224080002166b
:100e60003800a5275400062430808593009d043c5b
:100e70000e91400f504884249bfc00105c00bf8ff3
:100e80003a93400f1c00a48f040040103800a5972f
:100e90001000a22c06004054308085a3009d043c25
:100ea0005cc8400f944884248ffc00105c00bf8f06
:100eb0008c81848f040082900a0040105400062424
:100ec000cea3400fffff0624060040105400062466
:100ed000009d043c5cc8400f583e842482fc0010f6
:100ee0005c00bf8f30808593009d043c0e91400fc5
:100ef000504884247cfc00105c00bf8f009d053ca2
:100f0000c848a52468aa400f2520200229004010c7
:100f100001000224080002163800a527520006240a
:100f20002f808593009d043c0e91400f58488424e7
:100f30006dfc00105c00bf8f3a93400f1c00a48f23
:100f4000040040103800a6971000c22c0600405440
:100f50002f8086a3009d043c5cc8400fd0488424a9
:100f600061fc00105c00bf8f8c81848f0400829034
:100f70000a00405052000624cea3400fffff052474
:100f80000600401052000624009d043c5cc8400f3f
:100f9000583e842454fc00105c00bf8f2f80859342
:100fa000009d043c0e91400f584884244efc0010d4
:100fb0005c00bf8f009d053c0449a52468aa400f32
:100fc000252020025b0040101f0002244000a2a741
:100fd0000400022e060040501c00a48f009d043c1b
:100fe0005cc8400f084984243ffc00105c00bf8fa0
:100ff000000083802e00022410006214308082934f
:101000003800a2a73a00a5273a93400f2000a48fea
:10101000050040103c00a5273a93400f2400a48f00
:101020000f0040140500022e009d043c5cc8400fd8
:10103000084984242cfc00105c00bf8f3a93400fb9
:101040003800a527f0ff40143a00a527009d043c76
:101050005cc8400f0849842423fc00105c00bf8f4b
:1010600019004014258800002800b28f009d053c1f
:101070004449a52468aa400f25204002130040548b
:101080000600102e009d053c4849a52468aa400f83
:10109000252040020c00401401001124009d053c55
:1010a0004c49a52468aa400f2520400206004014a0
:1010b00002001124009d043c5cc8400f5049842468
:1010c00009fc00105c00bf8f0600102e0a000016fd
:1010d0004000a5273a93400f2c00a48f07004054ee
:1010e000009d043c009d043c5cc8400f6c49842476
:1010f000fdfb00105c00bf8f009d043cf3b7400f68
:10110000784984244000a2931400a2af1000b1af2c
:101110003c00a7933a00a6933800a593ee7a400fbf
:101120008c81848f98a0400f25204000eefb00109a
:101130005c00bf8f009d053c9449a52468aa400f20
:1011400025202002390040100400022e06004050e5
:101150001c00a48f009d043c5cc8400f9849842467
:10116000e1fb00105c00bf8f000083802e00022492
:10117000100062142f8082933800a2a73a00a5279e
:101180003a93400f2000a48f050040103c00a52793
:101190003a93400f2400a48f0f004014258840008c
:1011a000009d043c5cc8400f98498424cefb00108d
:1011b0005c00bf8f3a93400f3800a527f0ff401422
:1011c0003a00a527009d043c5cc8400f9849842440
:1011d000c5fb00105c00bf8f0500102e07000056f5
:1011e000009d043c009d053ccc49a52468aa400f05
:1011f0002800a48f25884000009d043cf3b7400fd1
:10120000d44984241000b1af3c00a7933a00a693c0
:101210003800a5938e5e400f8c81848f98a0400f7c
:1012200025204000b0fb00105c00bf8f009d053cf6
:10123000f049a52468aa400f25202002290040106b
:101240000200022e060040144000a0a73800a52787
:101250003a93400f1c00a48f060040140300102e88
:10126000009d043c5cc8400ff44984249efb0010a0
:101270005c00bf8f0a0000164000a5273a93400f7c
:101280002000a48f070040144000a297009d043c5a
:101290005cc8400f144a842493fb00105c00bf8f8d
:1012a0004000a2971000a2af253800007f0006245e
:1012b0003800a5931095400f8c81848f98a0400f23
:1012c000252040004000a29787fb40545c00bf8f60
:1012d000009d043cf3b7400f1c4a842482fb00109d
:1012e0005c00bf8f009d053c4c4aa52468aa400fb6
:1012f00025202002290040100200022e0600401482
:101300004000a0a73800a5273a93400f1c00a48fe7
:10131000060040140300102e009d043c5cc8400fe2
:10132000544a842470fb00105c00bf8f0a00001632
:101330004000a5273a93400f2000a48f07004014d7
:101340004000a297009d043c5cc8400f144a8424ce
:1013500065fb00105c00bf8f4000a2971000a2af99
:101360007f000724253000003800a593ec93400f40
:101370008c81848f98a0400f252040004000a297c8
:1013800059fb40545c00bf8f009d043cf3b7400ff5
:10139000744a842454fb00105c00bf8f009d053c00
:1013a000a44aa52468aa400f25202002230040104b
:1013b000070002244400a2a70200102e0b00001612
:1013c0004000a0a74400a5273a93400f1c00a48f1b
:1013d000070040144000a627009d043c5cc8400f55
:1013e000ac4a842440fb00105c00bf8f4000a6275d
:1013f0004400a5935189400f8c81848f0600405092
:10140000009d043c009d043c5cc8400fc04a8424fd
:1014100035fb00105c00bf8ff3b7400fcc4a84242b
:101420009d9b400f4000a497009d043cf3b7400fe4
:10143000e04a84242cfb00105c00bf8f009d053c1b
:10144000ec4aa52468aa400f252020024000401045
:101450000200102e090000164400a0a73800a5279e
:101460003a93400f1c00a48f040040103800a59749
:101470000400a22c060040144000a727009d043c55
:101480005cc8400ff44a842417fb00105c00bf8f37
:101490004400a627ff00a5308162400f8c81848f15
:1014a0000600401025804000009d043c5cc8400fb1
:1014b000084b84240cfb00105c00bf8f009d043c93
:1014c000f3b7400f144b84244400a2870600410464
:1014d000000000003dbd400f2d0004244400a297f1
:1014e000231002004400a2a79d9b400f4400a49734
:1014f0003dbd400f0a000424009d023c304b5324a4
:10150000009d113c7c46312604001224f3b7400fa5
:10151000252060029d9b400fffff0432f3b7400f70
:10152000252020024000a227211050009d9b400f43
:10153000000044903dbd400f0a0004240100102625
:10154000f2ff12165c00bf8fe8fa00105800b48f4b
:10155000009d043c5cc8400f404b8424e2fa00101c
:041560005c00bf8fdd
:020000040000fa
:020000041d00dd
:1015640088ffbd277400bfaf7000beaf6c00b7af7b
:101574006800b6af6400b5af6000b4af5c00b3af51
:101584005800b2af5400b1af5000b0af0f00052403
:1015940011c8400f0a00042425b040000100423065
:1015a40010004014009d023c0200d632ca03c0164b
:1015b4005080828f7400bf8f7000be8f6c00b78f15
:1015c4006800b68f6400b58f6000b48f5c00b38f81
:1015d4005800b28f5400b18f5000b08f0800e00360
:1015e4007800bd27601b42243400a2af6210023c85
:1015f400d34d4224e40400103000a2af1800378e0b
:101604001000e2262c00a2af0c00e28e1800a2af5c
:101614001000e28e1c00a2af2000a0a3060002244a
:101624002100a2a35b56400f2520a0022200a2a7fe
:10163400253000000c0005246356400f1800a42731
:1016440027100200ffff4630220022960400423099
:10165400220040102528a0022538c0002530a00211
:10166400252880020a89400f25202002c304401443
:10167400f6ff052430b5400f252080020c00828e31
:101684000019427cff004230801002002800a2af03
:101694001c003e8e0200c5979a04a0105080868fcd
:1016a4000e00f3960c00e296219862020000c297a5
:1016b40021986202269865029404c010ffff7332d9
:1016c4002800278e6080898f251000002580000067
:1016d400251800000c0000100b0008246356400f6e
:1016e40025208002e1ff0010000000000100655089
:1016f4000a805002010042242016027c2b2046005e
:1017040027008010251840008018030021182301a9
:101714000000728cf8ff4052010042246e00449293
:10172400f5ff8850010042246f0043920200632cad
:10173400f1ff6050010042244000438e030060101a
:1017440000000000ecffe35401004224e7ff801096
:101754006a004396e8ff7314010042240000c48f1a
:101764005800438ee4ff8314000000003800448ec8
:101774000c00e38ee1ff83142016027c0100022496
:101784006f0042a2400047ae2c00a68f0100052442
:10179400a1c3400f25204002130000102580400201
:1017a40076040012f1ff05240c00e28e380002ae2c
:1017b400010002246f0002a2400007ae2c00a68f95
:1017c40001000524a1c3400f252000026a0013a6ce
:1017d4000000c297580002a60200c2975a0002a64f
:1017e4000000028e100002ae1000238e0c006294e2
:1017f4002800a48f231044000c0062a40d009292d0
:1018040008009e8e36000296004043303e0060146d
:101814000400938e6c0002960442027c6c0002a6c3
:101824006e000292490040100100032470004350ee
:10183400040042321400b5262800a38f23a8a30273
:10184400ffffb532ecffa326ffff77303c00b7afb4
:1018540001004332030060104000a3afedffb52642
:10186400ffffb73202004332030060101c00048ef5
:101874000100e326ffff77302000038e2b2883002e
:101884009100a054231864001800058e1400068edd
:101894002328a600231883002318a300ffff633026
:1018a4002800a3af5000038e231863022c00a3afbb
:1018b4009500e0123800a3af2800a58f8a00a0503d
:1018c40004005232840062042c00a48f2b1865009b
:1018d40097006014060043322518e0022800a48f04
:1018e400231883002c00a58f2a20a4008f008014c5
:1018f4002c00a48f2a1864008d0060500600433227
:10190400790000100400523202004230c1ff40143a
:10191400710000a21ec3400f000000002c00a2af03
:1019240055c4400f680017960210e2723000a38f6e
:101934001900430010100000821102002c00a38f34
:1019440021104300b3ff0010240002ae0400423211
:1019540014004014100042321700401402005232a6
:101964001f0040122528000001007326500013ae0a
:10197400ac84400f25208002620002a6aec0400f56
:101984002520000201000624120005242b1c400f10
:1019940025200002020002246e0002a2bf020010f1
:1019a40025a80000252800001360400f2520000210
:1019b400ba02001025a800004c001eae253000001d
:1019c400040005242b1c400f2520000225280000bc
:1019d4001360400f25200002b002001025a800006b
:1019e4001360400f25200002ac02001025a800005f
:1019f400a902401410004232d903401002005232ae
:101a04004c00158e1c00d5574c001eaea30240128c
:101a140025a8000001007326500013ae0e00829624
:101a2400660002a65c0002a6ac84400f252080025a
:101a3400620002a6aec0400f252000020100062469
:101a4400100005242b1c400f252000020300022453
:101a54006e0002a236000296004042300d0040148f
:101a640000000000360002964408027c360002a6fc
:101a74008a02001000011524010006240400052434
:101a84002b1c400f252000024c0015ae83020010d1
:101a940025a800001ec3400f000000002598400048
:101aa40055c4400f68001296021042723000a38f92
:101ab400190043001010000082110200211053008d
:101ac400e8ff0010240002aeffff6324ffff633031
:101ad40074ff00102800a3af212097007fff801c13
:101ae4002518e002040052326c02401625a80000ba
:101af40001000624100005242b1c400f25200002a1
:101b040067020010720006963800a38f0800605028
:101b140006004332f3ff60042800a48f2c00a38f37
:101b24002a186400f0ff6050040052320600433269
:101b34001400601410004332650260100a00432c44
:101b440008016010801002003400a38f211062008d
:101b54000000428c0800400000000000681f009d47
:101b6400681f009dbc1b009df41b009df41b009d81
:101b7400f41b009df41b009d681f009df41b009d39
:101b8400441f009d040052320600401225a80000a4
:101b94003600029601000324444a627c360002a601
:101ba40000081524252800001360400f252000029a
:101bb4003b020010720006964c00158e0400d517e7
:101bc400030002246e0002a20a0000100001152482
:101bd4004c001eae01000624040005242b1c400ffb
:101be400252000024c0015ae2c02001025a8000090
:101bf40025a800000800058e1000038e2320a300f2
:101c0400130082040400028e4c00068e2310c603c7
:101c140023104400180040584c00088e6c00048eb9
:101c24000402843004000724030087140100042400
:101c34000b0044500100c624253000001000052488
:101c44002b1c400f2520000215020010720006967e
:101c54000000068e23104600ebff001021208200b6
:101c64004c0006ae6c00029601000424444a827cb7
:101c74006c0002a64c00088e0c00068e2b10660029
:101c84001f004010233866000400048e0000028efa
:101c9400232082002310c803211047002110820052
:101ca400240040586c00029604000a8e0000048e42
:101cb400232044012b4882001b0020152110c20060
:101cc4006c0007960421077c4429077c6c0007a656
:101cd400360007964429077c360007a621186400bd
:101ce4002b3062005200c0140c0002ae2b184a00c4
:101cf400510360541000028e4d0300102310440061
:101d04002320c803211087000700401800000000aa
:101d140004000a8e0000048e232044012b48820014
:101d2400310320516c0007961f0066500c00028e90
:101d34006c00029610004430170080506c0002962c
:101d440020004230100040506c00029623380701f6
:101d54002b186600060060104c0007ae0400028ecb
:101d64000000038e231043002338e2004c0007ae2a
:101d7400100006ae3600029601000324c439627cca
:101d8400360002a66c000296010003244429627cfa
:101d94006c0002a66c000296010003240421627cfc
:101da4006c0002a60c00028e2600a2503600029699
:101db4000e008396660002962b10430001004054e7
:101dc400660003a64c00038e0e0082962110c20307
:101dd400231043005c00049607008014ffff423088
:101de400060040505c0002a636000496010005245b
:101df4008431a47c360004a65c0002a66e00029224
:101e040004000424340044100600042457004454fd
:101e140020005232a201c357720006962528000002
:101e24001360400f252000029d01001072000696e9
:101e340023184300214068004c0008aef80200104b
:101e4400100002ae00014330180060544c00028eb2
:101e540000404230050040140000000036000296a5
:101e64004408027cd2ff0010360002a61ec3400fb5
:101e7400000000004400a2af6800039655c4400f60
:101e84004800a3af4800a38f02106270e803032444
:101e94001b004300f4016000121000004400a38ff3
:101ea40021104300edff0010240002aec1ffc25711
:101eb4000e0083966c00029604004230bdff405031
:101ec4000e008396360002964408027c0442027c8b
:101ed400b7ff0010360002a60600c3536c0002963a
:101ee400200052322b0040123c00a38f6c010010e2
:101ef4007200069604004230faff4010200052326d
:101f04001ec3400f0000000055c4400f4400a2afa0
:101f14008813032402104370e80303241b004300c6
:101f2400f4016000121000004400a38f211043004c
:101f3400300002ae05000224eaff00106e0002a287
:101f44004c00028e010042245401c21725a800004f
:101f5400252800001360400f2520000250010010c6
:101f64007200069625a80000200052324c0140560b
:101f7400720006966e000392f8ff6224ff0042305e
:101f84000200422c45014014060002244301621061
:101f94003c00a38f340060103800a28f6700401803
:101fa4003c00a28f2c00a38f211043002800a48f93
:101fb4002a108200050040500c00828e23108300fa
:101fc400ffff42303c00a2af0c00828e0019427c1d
:101fd4008010020021a082022400b4af1c00058ef0
:101fe4001800038e3c00a28f2c00a48f2110440003
:101ff4002110a2002b106200bb00401023a065003a
:102004000100942623a08402a9008006ffff9432d5
:10201400010012241000b2af253880022400a62744
:102024002128a400a087400f252020022800a2af69
:102034003c00a28f233854001400058e1000b2af68
:10204400ffffe7302400a627a087400f25202002a9
:102054002800a38f21106200ffff42303c00a38fb1
:10206400ab0062505400028e1500e0124000a28fb3
:102074006e000292fdff4224ff0042300300422c16
:1020840004004054360002961c00028e200002ae6a
:102094003600029610004230c700401401000624a6
:1020a40036000296010003240421627c360002a655
:1020b40008004230c5004050360002964000a28f0e
:1020c400f7004050720006965000028e0100422430
:1020d4002198f302f200535472000696500002aea7
:1020e40036000296010003248452627c360002a664
:1020f4006e00029203000324cc0043100004b536a2
:102104000400432cbf00601404000324cf004310d8
:1021140005000324d10043141000052425300000d9
:102124002b1c400f25200002252800001360400fbf
:1021340025200002da000010720006960c00828e40
:102144000019427c801002002c00a48f231044004c
:1021540021a082022400b4af21906400ffff523218
:102164002800a38f2b1043020a9062001c00058ee6
:102174001800028e2118b2002b1843004200605050
:102184000100022423104500010042242800a2afcc
:10219400ffff4430010014241000b4af2c00a4af9e
:1021a400253880002400a627a087400f2520200280
:1021b4003800a2af2c00a48f233844021400058eeb
:1021c4001000b4afffffe7302400a627a087400f1c
:1021d400252020023800a48f21108200ffff423006
:1021e4002800a38f232043021400038e21186400c7
:1021f4009dff5214000000005000048e2120440270
:10220400500004ae1c0003ae6e000292fdff422497
:10221400ff0042300300422c010040540002b53656
:102224005400028effff05248fff451023905200b7
:10223400540012ae60000296211052001a004204ab
:10224400ffff022488ff401e211862002120820023
:10225400500004ae1c0003ae1800028e2b20430075
:1022640007008050ffff02241400048e2310440052
:1022740027100200211862001c0003aeffff022495
:1022840079ff0010540002ae1000a2af25384002be
:102294002400a627a087400f252020021c00038ebf
:1022a400d3ff0010211872006fff0010540002ae1b
:1022b4002c00a28fffff42241400048e2318640014
:1022c40023184300010002241000a2af3c00a78f92
:1022d4002400a6272128a300a087400f2520200240
:1022e4005fff00103c00a38f010002241000a2af86
:1022f4003c00a78f2400a6272c00a28f2128a2002f
:10230400a087400f2520200255ff00103c00a38f1a
:10231400ffff0324170043102c00a68f2b18c200c4
:1023240019006050600003963c00a38f21206600d2
:1023340060000396212862002b28a4000900a05401
:102344003c00a28f2b208200060080543c00a28f08
:102354002110620023104600ffff42303c00a2af70
:102364003c00a28f600002a62c00a28f3eff00104a
:10237400540002ae2c00a28f540002ae3c00a28f87
:1023840039ff0010600002a6211862003c00a68fed
:102394002c00a58f2120c5002b20640032ff801063
:1023a4002b18650030ff60142310a2002110c20016
:1023b4002dff0010600002a6100005242b1c400f06
:1023c400252000023eff00104000a28fc418627c4a
:1023d4001ec3400f360002a655c4400f259040008e
:1023e4006400032402104370e80303241b00430029
:1023f400f401600012100000219052002fff001021
:102404002c0012ae02000324140043140900022419
:102414006e0002a201000624110005242b1c400fab
:10242400252000021e0000107200069608000224f7
:102434006e0002a26c000296000142300800405077
:102444000100062416000010720006964c00028e4d
:102454000800c213060002246e0002a20100062432
:10246400100005242b1c400f252000020c00001036
:102474007200069625300000100005242b1c400f26
:1024840025200002252800001360400f25200002ab
:10249400030000107200069625a80000720006963c
:1024a4002430d5003501c010020005247400028eca
:1024b400330140500a0006247800078e2800258e38
:1024c40009f84000340004862c01001002000524a1
:1024d400f2ff001025a8000036fc401025880000fb
:1024e400251000000b001224009d133c282673269f
:1024f4006210143cc0000010d34d9426ce0000108e
:1025040025b000001ec3400f000000002800038e09
:10251400231043000000422810000324ca000010c6
:102524000aa862001ec3400f000000002c00038ea6
:1025340023104300c8004004050002246e000392e7
:1025440049016210100015240100c63a2528a00292
:102554002b1c400f25200002c600001036000296f6
:102564001ec3400f000000003000038e2310430000
:10257400bd00400401000624140005242b1c400f58
:1025840025200002252800001360400f25200002aa
:1025940094000010010031263400158e0004b57e2d
:1025a400010005243c7a400f2520000236000296e3
:1025b400010003240400627c360002a600100624f5
:1025c400252800006696400f252000028500a056ad
:1025d40001003126360002960400027c360002a671
:1025e4000a0002247e0000106e0002a21ec3400fe7
:1025f400000000002400038e2310430079004204ed
:10260400010031266e0005920a00a22c72004010cf
:1026140080100500211062020000428c0800400076
:1026240000000000dc27009d5026009d2427009d0b
:102634006427009d8827009ddc27009da427009d1a
:10264400dc27009ddc27009dc027009d70000292be
:102654000400422c230040100200052425a8000099
:102664007000029201004224700002a24800028e0f
:1026740040100200480002ae1000038e0c00048ecd
:10268400231064002b18640006006010ffff423022
:102694000400038e0000068e2318660021104300f8
:1026a400ffff42304c00038e231862004c0003ae3f
:1026b4005c000396211043005c0002a6100004aee7
:1026c400253000002b1c400f252000024400a012de
:1026d400252800001360400f25200002410000104f
:1026e400010031260400022455c4400f700002a2e8
:1026f40040190200231862008018030021106200b0
:10270400c0100200190054001010000082110200d1
:1027140000110200480002aed0ff001002000524a0
:10272400700002920300422cccff40541200052496
:102734003600029601004230010015240aa8020066
:10274400140003240b286200c5ffc01601000624f0
:102754002b1c400f25200002dcff001000000000ad
:10276400700002920500422cbcff40541000052466
:10277400040002246e0002a211000524f2ff0010de
:1027840025a80000700002920500422cb3ff4054bb
:102794001100052414000524ebff0010010015248a
:1027a400700002920500422cacff40541000052436
:1027b40014000524e4ff00100100152470000292a7
:1027c4000500422ca5ff40541100052414000524e3
:1027d400ddff0010010015244800a0162528a002e2
:1027e40001003126208e117c5080838f2b18230208
:1027f40070fb601025102002801002006080838f1f
:10280400211062000000508cf6ff005201003126b6
:102814006e000292f2ff5210c000033c3400028e9c
:102824002410430035ff401025a800003400168e04
:10283400c005d67e100015243600029604004230ee
:1028440030ff4014000000003600029608004230b9
:1028540034ff4014000000006e00039205000224bf
:102864003fff62100000000038ffa0160100c63ac6
:1028740036000296020043305cff60140040423090
:10288400d8ff4050010031266e0003920300022459
:10289400d4ff6254010031261ec3400f0000000023
:1028a4002400038e23104300ceff4204010031268e
:1028b400710003927c00029237ff6210020006242a
:1028c400100005242b1c400f252000021ec3400fbe
:1028d4000100312625b0400055c4400f680015960c
:1028e4000210a2721900540010100000821102009c
:1028f40021105600bbff0010240002ae92ff00100e
:1029040025a800001d000010f1ff05241b00001085
:10291400f1ff05241900001002000524500013ae35
:102924000e008296660002a65c0002a6ac84400fec
:1029340025208002620002a6aec0400f25200002be
:1029440001000624120005242b1c400f2520000240
:10295400020002246e0002a2d0fe001025a800008e
:10296400eeff405601007326ccfe001025a800009f
:102974000002423021fb4010f1ff05240a00062426
:1029840098af400f25202002a0cb400f0a0004245a
:1029940005fb401025884000200035961400a22e27
:1029a400f6ff4014f2ff05241c00348e0c00828ec6
:1029b4000019427c0500432cf1ff60140a00062430
:1029c400801002002a10a202edff40140000000053
:1029d400e7ff00102200229620ff001010000524bb
:1029e4001eff0010100005240421077c4429077ce5
:1029f4006c0007a6360007964429077c360007a614
:102a04002110c2002b306200b8fcc0100c0002aed2
:102a140023184300214068004c0008ae100002aea9
:102a24002b184a00090060546e00029223104400df
:102a34000c0002ae1000028e2b504a00020040151a
:102a440023104400100002ae6e000292030003241f
:102a54000300431008000324d3fc43540c00028eeb
:102a6400d0fc00100400b5361ec3400f0000000067
:102a74003000038e23104300bffe410401000624ee
:082a8400b1fe00101000152442
:020000040000fa
:020000041d00dd
:102a8c004c696d697465640044697265637465644e
:102a9c000000000c55736167653a20616e6e6f75ae
:102aac006e636520302f310d0a00000c25732062f7
:102abc0063617374207375626d69747465643a2014
:102acc0025640d0a0000000055736167653a206d9e
:102adc006163696e666f200d0a00000045783a202c
:102aec006d6163696e666f200d0a0000496e746536
:102afc0072666163653a202573204472697665724b
:102b0c0020537461746973746963730d0a00000057
:102b1c000d0a20526563656976652053746174698a
:102b2c0073746963730d0a0009206e52784f6b50f1
:102b3c0061636b6574733a2025640d0a09206e522b
:102b4c007850656e64427566666572733a202564ca
:102b5c000d0a09206e527853636865644275666687
:102b6c006572733a2025640d0a00000009206e522c
:102b7c00784572726f725061636b6574733a20257d
:102b8c00640d0a09206e5278467261676d656e7429
:102b9c004572726f72733a2025640d0a09206e52c9
:102bac0078427566664e6f74417661696c61626cd1
:102bbc00653a2025640d0a000d0a205472616e736b
:102bcc006d697420537461746973746963730d0a4d
:102bdc000000000009206e54784f6b5061636b65e8
:102bec0074733a2025640d0a09206e547850656e72
:102bfc0064427566666572733a2025640d0a092075
:102c0c006e54784572726f725061636b6574733a6f
:102c1c002025640d0a09206e54785175657565463a
:102c2c00756c6c3a2025640d0a0d0a00096e6f74e0
:102c3c0020737570706f727465640d0a000000006b
:102c4c00496e746572666163653a2025732048612c
:102c5c00726477617265205265676973746572205e
:102c6c005374617475730d0a0000000009202573fc
:102c7c003a20307825780d0a000000005573616702
:102c8c00653a202573203c696e74657266616365d4
:102c9c003e203c6f6e2f6f66663e200d0a000000d2
:102cac0045783a202573205049433332494e5420fd
:102cbc006f6e200d0a000000556e6b6e6f776e20e4
:102ccc00696e746572666163650d0a006f6e000053
:102cdc006f666600556e6b6e6f776e206f707469e1
:102cec006f6e0d0a00000000556e6b6e6f776e20d4
:102cfc00736572766963652025730d0a0000000008
:102d0c00656e61626c650000656e61626c65640085
:102d1c0064697361626c650064697361626c65649b
:102d2c00000000006e6f6e65000000005573616757
:102d3c00653a20646e7363203c64656c2f696e6623
:102d4c006f2f6f6e2f6f66662f6c6f6f6b75703e8b
:102d5c00200d0a0055736167653a202573203c6f7e
:102d6c006e2f6f66663e203c696e74657266616399
:102d7c00653e203c7374726963742f707265663e95
:102d8c002f3c636c6561723e200d0a0045783a2039
:102d9c002573206f6e20657468300d0a00000000ea
:102dac0073747269637400007072656600000000d1
:102dbc00636c65617200000025732025730d0a0099
:102dcc004661696c656420746f2025732025730d32
:102ddc000a00000055736167653a20646e736320c6
:102dec006c6f6f6b7570203c747970653e203c681d
:102dfc006f73744e616d653e200d0a0048656c70f2
:102e0c003a203c686f73744e616d653e2855524c88
:102e1c0029202d206c6f6f6b20757020666f7220cf
:102e2c00686f73746e616d650d0a000048656c7097
:102e3c003a203c747970653e203a2061206f7220f4
:102e4c004120666f7220495076342061646472654b
:102e5c007373206c6f6f6b75700d0a0048656c7026
:102e6c003a203c747970653e203a206161616120a2
:102e7c006f72204141414120666f72204950763675
:102e8c002061646472657373206c6f6f6b75700d69
:102e9c000a00000048656c703a203c747970653efd
:102eac00203a20616e7920666f7220626f74682000
:102ebc004950763420616e64204950763620616426
:102ecc006472657373206c6f6f6b75700d0a000004
:102edc00646e7363206c6f6f6b75703a20636f6deb
:102eec006d616e6420696e2070726f6772657373aa
:102efc002e205265747279206c617465722e0d0ae5
:102f0c00000000004100000061000000414141410f
:102f1c00000000006161616100000000414e590039
:102f2c00616e7900646e7363206c6f6f6b75703ab1
:102f3c00205b25735d204c6f6f6b7570205479701e
:102f4c0065206e6f7420737570706f727465642e6b
:102f5c000d0a0000646e7363206c6f6f6b75703ab2
:102f6c0020486f7374206e616d6520746f6f206cd8
:102f7c006f6e672e2052657472792e0d0a00000058
:102f8c00646e7363206c6f6f6b75703a207265732f
:102f9c006f6c76696e6720686f73743a20257320a6
:102fac00666f7220747970653a2573200d0a0000e3
:102fbc0055736167653a20646e73632064656c2099
:102fcc003c686f73744e616d653e7c616c6c200d5a
:102fdc000a00000048656c703a203c686f73744eb0
:102fec00616d653e2855524c29202d2052656d6f20
:102ffc0076652074686520656e7472792069662028
:10300c00657869737473200d0a00000048656c7054
:10301c003a20616c6c202d2052656d6f76652061b5
:10302c006c6c20746865207265736f6c76656420b7
:10303c00656e747279200d0a00000000616c6c00e2
:10304c005b25735d206e6f742070617274206f66e7
:10305c002074686520444e53204361636865206585
:10306c006e747279200d0a00496e636f6d706c6519
:10307c00746520636f6d6d616e64200d0a00000035
:10308c0055736167653a20646e736320696e666f71
:10309c00200d0a0048656c703a20646973706c618d
:1030ac00792074686520444e532063616368652001
:1030bc00656e7472792064657461696c73200d0a95
:1030cc0000000000444e5320436c69656e74206907
:1030dc007320646f776e210d0a000000444e53205c
:1030ec00436c69656e74204946202d2053747269b7
:1030fc0063743a2025732c20507265666572726574
:10310c00643a2025730d0a00444e5320436c6965c4
:10311c006e74202d2074696d653a2025642c207006
:10312c00656e64696e673a2025642c206375727233
:10313c00656e743a2025642c20746f74616c3a208f
:10314c0025640d0a00000000486f73746e616d6594
:10315c00203d202573200d0a54696d656f75742010
:10316c003d202564200d0a0049507634203d2573fe
:10317c000d0a000049507636203d2025730d0a00bb
:10318c002d2d2d2d2d2d2d2d2d2d2d2d2d2d2d2d63
:10319c002d2d2d2d2d2d2d2d2d2d2d2d2d2d2d2d53
:1031ac002d2d2d2d2d2d2d2d2d2d2d2d2d2d2d2d43
:1031bc002d2d2d2d0d0a00004e6f20444e53204313
:1031cc006c69656e7420436163686520656e74720a
:1031dc00696573200d0a0000496e76616c69642084
:1031ec00496e70757420436f6d6d616e64203a5b2f
:1031fc00202573205d200d0a0000000064656c0022
:10320c00696e666f000000006c6f6f6b757000006c
:10321c00556e6b6e6f776e20686561702074797077
:10322c00652e205573653a205b312c2025645d0d8d
:10323c000a0000004e6f206865617020696e666f31
:10324c002065786973747320666f72207479706569
:10325c003a202573210d0a0048656170207479703d
:10326c00653a2025732e20496e697469616c206360
:10327c0072656174656420686561702073697a6534
:10328c003a2025642042797465730d0a0000000011
:10329c00416c6c6f6361626c6520626c6f636b2058
:1032ac00686561702073697a653a202564204279db
:1032bc007465730d0a000000416c6c2061766169c5
:1032cc006c61626c6520686561702073697a653a1f
:1032dc002025642042797465732c20686967682006
:1032ec0077617465726d61726b3a2025640d0a000a
:1032fc004c6173742068656170206572726f723aec
:10330c0020307825780d0a004e6f20547261636569
:10331c0020696e666f206578697374732e0d0a00d0
:10332c00537461636b207570206661696c65640d04
:10333c000a000000537461636b2075702073756311
:10334c006365656465640d0a000000005573616770
:10335c00653a20737461636b203c75702f646f77d2
:10336c006e3e203c70726573657276653e0d0a0088
:10337c0045783a20737461636b20646f776e2070ac
:10338c00726573657276650d0a0000007570000039
:10339c00537461636b20616c726561647920757024
:1033ac00210d0a005475726e20537461636b206496
:1033bc006f776e20616e64207468656e2075702165
:1033cc000d0a000052657374617274696e67207423
:1033dc00686520737461636b207769746820256459
:1033ec0020696e746572666163652873290d0a0025
:1033fc00646f776e00000000537461636b20646f20
:10340c00776e3a2063616e6e6f742067657420610d
:10341c0020737461636b2068616e646c650d0a00c7
:10342c00537461636b20646f776e2073756363658f
:10343c00656465640d0a000055736167653a20691f
:10344c0066203c696e746572666163653e203c64ff
:10345c006f776e2f75703e200d0a000045783a206c
:10346c006966205049433332494e5420646f776e5d
:10347c00200d0a00556e6b6e6f776e20696e746549
:10348c007266616365207370656369666965642043
:10349c000d0a00005468697320696e746572666168
:1034ac00636520616c72656164792075700d0a002a
:1034bc004f7065726174696f6e206661696c6564ca
:1034cc002e204e6f20636f6e66696775726174692a
:1034dc006f6e0d0a0000000066756c6c0000000039
:1034ec005468697320696e746572666163652061e6
:1034fc006c726561647920646f776e0d0a00000050
:10350c0057726f6e6720706172616d6574657220a1
:10351c00737065636966696564200d0a00000000bc
:10352c004f7065726174696f6e2073756363657338
:10353c007366756c210d0a004f7065726174696f4a
:10354c006e206661696c6564210d0a0055736167b4
:10355c00653a207365746d6163203c696e746572a5
:10356c00666163653e203c783a783a783a783a78e6
:10357c003a783e200d0a000045783a207365746d48
:10358c006163205049433332494e542061613a62a1
:10359c00623a63633a64643a65653a6666200d0a7a
:1035ac0000000000617267765b325d3a2025730d76
:1035bc000a000000496e76616c6964204d4143201d
:1035cc006164647265737320737472696e67200d25
:1035dc000a000000536574204d41432061646472fd
:1035ec00657373206661696c65640d0a00000000e8
:1035fc005365742042494f53204e616d65204f4beb
:10360c000d0a00005365742042494f53204e616de2
:10361c0065206661696c65640d0a0000557361670d
:10362c00653a2073657462696f73203c696e7465ca
:10363c0072666163653e203c782e782e782e783e3b
:10364c00200d0a0045783a2073657462696f732007
:10365c005049433332494e54204d434850424f4118
:10366c0052445f3239200d0a00000000536574206b
:10367c006761746577617920616464726573732026
:10368c004f4b0d0a00000000536574206761746590
:10369c007761792061646472657373206661696c0b
:1036ac0065640d0a0000000055736167653a20736c
:1036bc0065746777203c696e746572666163653efc
:1036cc00203c697076342f362061646472657373a4
:1036dc003e203c76616c696454696d653e200d0a30
:1036ec000000000045783a207365746777205049d4
:1036fc00433332494e54203139322e3136382e3044
:10370c002e31200d0a000000496e76616c69642030
:10371c004950206164647265737320737472696eae
:10372c0067200d0a00000000536574206970206149
:10373c00646472657373204f4b0d0a0053657420db
:10374c0069702061646472657373206661696c656d
:10375c00640d0a0055736167653a2073657469706e
:10376c00203c696e746572666163653e203c6970cd
:10377c0076342f3620616464726573733e203c6925
:10378c007076346d61736b2f69707636207072654c
:10379c00666978206c656e3e0d0a000045783a200b
:1037ac007365746970205049433332494e5420314b
:1037bc0039322e3136382e302e38203235352e32e5
:1037cc0035352e3235352e30200d0a004e6f2073d4
:1037dc0075636820696e74657266616365206973d0
:1037ec002075700d0a000000416e206164647265e2
:1037fc007373207365727669636520697320616cdd
:10380c0072656164792072756e6e696e672e2053d5
:10381c00746f7020444843502c205a434c4c2c203d
:10382c006574632e2066697273740d0a00000000c3
:10383c00496e76616c6964204950206d61736b2010
:10384c00737472696e67200d0a00000073756363f0
:10385c00657373006661696c65640000557361671c
:10386c00653a20736574646e7320312f32203c6985
:10387c006e746572666163653e203c782e782e7896
:10388c002e783e200d0a000045783a20736574644a
:10389c006e7320312065746830203235352e323508
:1038ac00352e3235352e30200d0a0000556e6b6edc
:1038bc006f776e20444e5320696e6465780d0a0054
:1038cc0053657420444e53202564206164647265f2
:1038dc0073732025730d0a007375636365737366c8
:1038ec00756c00006661696c656421004e6f6e65d5
:1038fc0000000000736574006765740044656661c0
:10390c00756c7420696e746572666163652073658d
:10391c00742025730d0a000044656661756c742073
:10392c00696e746572666163652069733a202573ec
:10393c000d0a000055736167653a206465666e6513
:10394c0074207365742f676574203c696e7465729e
:10395c00666163653e0d0a0045783a206465666ec3
:10396c0065742073657420657468300d0a0000005e
:10397c0055500000444f574e0000000052656164e2
:10398c00790000004e6f742052656164790000006c
:10399c0055736167653a206e6574696e666f0d0ac2
:1039ac000000000045783a206e6574696e666f0df4
:1039bc000a0000002d2d2d2d2d2d2d2d2d2d2049c6
:1039cc006e74657266616365203c25732f25733eaa
:1039dc00202d2d2d2d2d2d2d2d2d2d200d0a0000c2
:1039ec00496e7465726661636520697320646f77d4
:1039fc006e0d0a00486f7374204e616d653a202578
:103a0c0073202d204e424e532064697361626c65a5
:103a1c0064200d0a00000000495076342041646493
:103a2c00726573733a2025730d0a00004d61736b38
:103a3c003a2025730d0a0000476174657761793a65
:103a4c002025730d0a000000444e53313a20257393
:103a5c000d0a0000444e53323a2025730d0a000023
:103a6c004d414320416464726573733a2025730d94
:103a7c000a00000064656661756c74204950206111
:103a8c0064647265737300002573206973204f4e54
:103a9c000d0a00004c696e6b2069732025730d0aaa
:103aac00000000005374617475733a2025730d0a7d
:103abc0000000000444e53204c6f6f6b75703a2021
:103acc00444e53206661696c75726520666f722076
:103adc0025732c206572723a2025640d0a000000b3
:103aec00444e53204c6f6f6b75703a207265717534
:103afc006573742074696d656f75742e0d0a000002
:103b0c004c6f6f6b757020416e737765723a0d0a4e
:103b1c002d2d2d2d2d2d2d2d2d2d2d2d2d2d2d2dc9
:103b2c002d2d2d2d2d2d0d0a000000004e6f204c3b
:103b3c006f6f6b757020656e74727920666f722072
:103b4c005b25735d0d0a00005b25735d20412049e8
:103b5c005076342041646472657373203a20256476
:103b6c002e25642e25642e25640d0a005b25735dbd
:103b7c0020414141412049507636204164647265b0
:103b8c007373203a25730d0a000000003a207374f9
:103b9c0061636b20636f6d6d616e64730000000078
:103bac0074637069700000004661696c6564207410
:103bbc006f206372656174652054435049502043f3
:103bcc006f6d6d616e64730d0a00000054435049b3
:103bdc005020636f6d6d616e6473207461736b2024
:103bec00726567697374726174696f6e206661695e
:103bfc006c65640d0a000000696e7465726e616c10
:103c0c0000000000706f6f6c000000006578746538
:103c1c00726e616c000000006e6574696e666f00f8
:103c2c003a20476574206e6574776f726b20696eed
:103c3c00666f726d6174696f6e0000006465666e0c
:103c4c00657400003a205365742f476574206465d1
:103c5c006661756c7420696e74657266616365006b
:103c6c0064686370730000003a205475726e2044cf
:103c7c0048435020736572766572206f6e2f6f66a5
:103c8c00660000007a636c6c000000003a205475ea
:103c9c00726e205a434c4c206f6e2f6f666600007c
:103cac00736574646e7300003a2053657420444e3f
:103cbc0053206164647265737300000073657469ea
:103ccc00700000003a2053657420495020616464f0
:103cdc007265737320616e64206d61736b000000fc
:103cec0073657467770000003a2053657420476150
:103cfc007465776179206164647265737300000088
:103d0c0073657462696f73003a2053657420686f31
:103d1c0073742773204e657442494f53206e616d46
:103d2c00650000007365746d616300003a20536593
:103d3c0074204d414320616464726573730000000c
:103d4c00696600003a204272696e6720616e2069d4
:103d5c006e746572666163652075702f646f776e23
:103d6c0000000000737461636b0000003a20537410
:103d7c0061636b207475726e206f6e2f6f666600b8
:103d8c0068656170696e666f000000003a204368d8
:103d9c0065636b2068656170207374617475730062
:103dac00646e7363000000003a20444e5320636c31
:103dbc0069656e7420636f6d6d616e6473000000d5
:103dcc006d6163696e666f003a20436865636b20b2
:103ddc004d4143207374617469737469637300009b
:103dec00616e6e6f756e6365000000003a20416e67
:103dfc006e6f756e636500004552523a20000000ec
:103e0c004f4b0a0062616420617267756d656e7458
:103e1c0000000000766572696679206d69736d61ca
:103e2c0074636800646576696365206964206d69f4
:103e3c00736d6174636800007370692074696d65db
:103e4c006f757400756e6b6e6f776e0073706900b2
:103e5c004445564943455f49443d307800000000d5
:103e6c00205245563d00000020203c2d2d20554e63
:103e7c00455850454354454420494400203d20308a
:103e8c0078000000202028006e6f6e650000000096
:103e9c002c200000290a00000a0000003d3d3d3d99
:103eac003d3d3d3d3d3d3d3d3d3d3d3d3d3d3d3d36
:103ebc003d3d3d3d3d3d3d3d3d3d3d3d3d3d3d3d26
:103ecc003d3d3d3d3d0a0000204f52494f4e2042a2
:103edc0065616d666f726d657220436f6e74726f83
:103eec006c6c65722028647350494333304635300e
:103efc003131290a00000000207374616e64616c1a
:103f0c006f6e6520535049206d6173746572202d5e
:103f1c0020667720312e320a000000002074797060
:103f2c0065202768656c70270a0000005041206fdf
:103f3c006e0a00005041206f66660a0068656c705e
:103f4c00000000003f0000000a5265676973746549
:103f5c0072733a0a2020696420202020202020201f
:103f6c00202020202020202020202020207265616d
:103f7c0064204445564943455f4944202b20524513
:103f8c00564953494f4e0a202070726f62652020ab
:103f9c002020202020202020202020202020202015
:103fac0072652d6964656e746966792064657669dd
:103fbc0063650a2020726420203c616464723e2098
:103fcc0020202020202020202020202072656164c9
:103fdc0020726567697374657220286865782c2077
:103fec00302e2e314646290a2020777220203c6143
:103ffc006464723e203c646174613e202020202069
:10400c002077726974652072656769737465720aca
:10401c002020777276203c616464723e203c64619f
:10402c0074613e2020202020207772697465202b3b
:10403c00207665726966790a2020726d77203c6162
:10404c006464723e203c6c73623e203c773e203ca4
:10405c00763e20206269742d6669656c64207772e7
:10406c006974650a202064756d70205b73746172cd
:10407c00745d205b636f756e745d202020686578bd
:10408c002064756d700a20206263617374203c613a
:10409c006464723e203c646174613e202020206286
:1040ac00726f6164636173742077726974650a203e
:1040bc0020736c76205b6e5d202020202020202039
:1040cc00202020202020202073686f772f736574a8
:1040dc0020736c61766520616464720a0a416e74a7
:1040ec00656e6e612073656c656374696f6e2028f4
:1040fc00626974303d434830202e2e20626974333f
:10410c003d434833293a0a2020616e742020205bfd
:10411c00302d465d20202020202020202020202013
:10412c0073686f772f73657420626f7468205458ae
:10413c0020616e64205258206d61736b730a2020cd
:10414c007478616e74205b302d465d202020202019
:10415c0020202020202020313d54583020323d5446
:10416c00583120343d54583220383d5458332c208b
:10417c00463d616c6c0a20207278616e74205b3055
:10418c002d465d20202020202020202020202031a2
:10419c003d52583020323d52583120343d52583225
:1041ac0020383d5258332c20463d616c6c0a0a4233
:1041bc0065616d20636f6e74726f6c3a0a202074a7
:1041cc0078207c2072782020202020202020202085
:1041dc0020202020202073657420542f52207377c8
:1041ec00697463680a20207061203c307c313e2069
:1041fc002020202020202020202020202020504162
:10420c0020656e61626c650a20207068203c6368d2
:10421c007c616c6c3e203c636f64653e20202020ea
:10422c0020706861736520636f64652c2027616c56
:10423c006c27203d2073656c656374656420616e2a
:10424c0074656e6e61730a2020676e203c63687c17
:10425c00616c6c3e203c636f64653e202020202006
:10426c006761696e20636f64652c202027616c6c1c
:10427c0027203d2073656c656374656420616e74e2
:10428c00656e6e61730a20206265616d203c696405
:10429c00783e20202020202020202020202020427a
:1042ac0045414d5f434f44450a20206c6f616420ab
:1042bc0020202020202020202020202020202020f2
:1042cc00202070756c73652073746167652d3220c6
:1042dc007374726f62650a20207570642020202030
:1042ec0020202020202020202020202020202020c2
:1042fc005550444154455f434f44452070756c7391
:10430c00650a2020726573657420202020202020ef
:10431c00202020202020202020202073796e632054
:10432c0072657365740a0a457073696c6f6e2076da
:10433c00656e646f722074657374733a0a2020651d
:10434c00747820203c616e743e203c703e203c67ab
:10435c003e205b6d61787c6e6f6d7c6c6f775d2041
:10436c005b61765d202054582073696e676c652004
:10437c00706f696e740a202065727820203c616e23
:10438c00743e203c703e203c673e205b6475616c43
:10439c007c73696e676c655d202020202020205284
:1043ac00582073696e676c6520706f696e740a2093
:1043bc002065706120203c74785f6d61736b3e20ca
:1043cc005b73746167655d202020202020202020f5
:1043dc002020202020202020504120626961732061
:1043ec00746573740a2020656c6e61203c72785f72
:1043fc006d61736b3e205b73746167655d2020207b
:10440c0020202020202020202020202020204c4e46
:10441c0041206269617320746573740a20206561a0
:10442c006463205b342d375d202020202020202049
:10443c002020202020202020202020202020202070
:10444c00202020202053415220414443207265619a
:10445c00640a202065646574203c302d333e202096
:10446c002020202020202020202020202020202040
:10447c0020202020202020202020206465746563cb
:10448c00746f72205246206d6561737572656d652f
:10449c006e740a0a4c55542062756c6b206c6f61fb
:1044ac00643a0a20206c75742020203c737461726d
:1044bc00743e203c636f756e743e20207468656e8c
:1044cc002073747265616d203c636f756e743e2051
:1044dc0062797465732061732072617720686578e6
:1044ec000a20206c75747264203c73746172743e83
:1044fc00203c636f756e743e20207265616420628f
:10450c0061636b20612072616e676520617320614d
:10451c002068657820626c6f636b0a0a20207665d0
:10452c00722020202020202020202020202020202d
:10453c0020202020206669726d7761726520766577
:10454c007273696f6e0a0a4e756d626572732061c3
:10455c007265206865782e204c5554207370616309
:10456c0065206973203130302e2e3146462e0a00dc
:10457c00766572006669726d7761726520312e32d4
:10458c00202066656174757265733a206c75742ca5
:10459c006c757472642c657073696c6f6e0a0000b4
:1045ac006964000070726f626500000070726f6267
:1045bc0065204f4b0a000000726400007573616740
:1045cc00653a207264203c616464723e0000000015
:1045dc0061646472203e2031464600005b0000009e
:1045ec005d203d20307800007772000075736167a4
:1045fc00653a207772203c616464723e203c6461b1
:10460c0074613e0072616e6765000000777276001f
:10461c0075736167653a20777276203c61646472c9
:10462c003e203c646174613e00000000726d7700b6
:10463c0075736167653a20726d77203c61646472b2
:10464c003e203c6c73623e203c77696474683e206b
:10465c003c76616c3e00000064756d7000000000db
:10466c006164647200000000636f756e740000007a
:10467c003a20000062636173740000007573616717
:10468c00653a206263617374203c616464723e20fd
:10469c003c646174613e0000736c7600736c6176ef
:1046ac0065203d2030780000736c61766520302edb
:1046bc002e33460074780000542f52203d2054585d
:1046cc000a00000072780000542f52203d205258ee
:1046dc000a0000007061000075736167653a207014
:1046ec0061203c307c313e006c6f61640000000046
:1046fc00757064007068000075736167653a2070ae
:10470c0068203c63687c616c6c3e203c636f646524
:10471c003e000000616c6c006e6f20616e74656e03
:10472c006e61732073656c656374656400000000d2
:10473c00676e000075736167653a20676e203c6395
:10474c00687c616c6c3e203c636f64653e000000cd
:10475c006265616d0000000075736167653a2062e7
:10476c0065616d203c6964783e000000726573657c
:10477c00740000006c75740075736167653a206c89
:10478c007574203c73746172745f616464723e2052
:10479c003c636f756e743e007374617274203e20be
:1047ac0031464600636f756e74206d7573742062ac
:1047bc0065203e203000000072616e6765206f76c8
:1047cc00657272756e7320307831464600000000b9
:1047dc0073656e642000000020627974657320613b
:1047ec0073206865782028776869746573706163d5
:1047fc00652f6e65776c696e6573206f6b292e0a59
:10480c0000000000272e272061626f7274732e0a3d
:10481c00000000006c7574726400000075736167b1
:10482c00653a206c75747264203c73746172745fa9
:10483c00616464723e203c636f756e743e000000d0
:10484c00616e740074785f616e74000072785f61e1
:10485c006e74000075736167653a20616e74205b3d
:10486c00302d465d20202028626974303d4348304d
:10487c00202e2e20626974333d43483329000000fa
:10488c007478616e7400000075736167653a20740a
:10489c0078616e74205b302d465d202020313d54b4
:1048ac00583020323d54583120343d545832203841
:1048bc003d5458332c20463d616c6c007278616e0f
:1048cc007400000075736167653a207278616e74cc
:1048dc00205b302d465d202020313d525830203257
:1048ec003d52583120343d52583220383d525833c5
:1048fc002c20463d616c6c006574780075736167a3
:10490c00653a20657478203c616e747c2e3e203ca8
:10491c00705f6964783e203c675f6964783e205b19
:10492c006d61787c6e6f6d7c6c6f775d205b6669fa
:10493c006e616c5f61765d006d6178006e6f6d000d
:10494c006c6f770062696173206d7573742062659a
:10495c00206d61787c6e6f6d7c6c6f770000000051
:10496c0066696e616c5f617600000000657073694a
:10497c006c6f6e2054582073696e676c6520706f75
:10498c00696e740a000000006572780075736167c7
:10499c00653a20657278203c616e747c2e3e203c1a
:1049ac00705f6964783e203c675f6964783e205b89
:1049bc006475616c7c73696e676c655d00000000ea
:1049cc006475616c00000000657073696c6f6e201b
:1049dc0052582073696e676c6520706f696e740a2b
:1049ec00000000006570610075736167653a2065b1
:1049fc007061203c74785f6d61736b3e205b7374e7
:104a0c006167655d000000007374616765000000fc
:104a1c00504120626961732061726d6564202d20a4
:104a2c006d6561737572652c207468656e202765e1
:104a3c007061203c6d61736b3e2031270a000000d1
:104a4c00656c6e610000000075736167653a2065e6
:104a5c006c6e61203c72785f6d61736b3e205b7392
:104a6c00746167655d0000004c4e412062696173a2
:104a7c002061726d6564202d206d656173757265a2
:104a8c002c207468656e2027656c6e61203c6d610e
:104a9c00736b3e2031270a006561646300000000df
:104aac0075736167653a2065616463205b342d37eb
:104abc005d000000616463207265616400000000a9
:104acc0053415220414443204f55545055543a20a1
:104adc0000000000202028302d353131290a00003b
:104aec00656465740000000075736167653a206544
:104afc00646574203c302d333e00000064657465a1
:104b0c0063746f72000000005341522041444320f3
:104b1c0028524620636f6d706f6e656e74293a2053
:104b2c0000000000466c61736820414443204445fa
:104b3c0054000000756e6b6e6f776e20636f6d6d39
:104b4c00616e64202d20747279202768656c702743
:104b5c00000000000a4c55542061626f7274656449
:104b6c0020616674657220002062797465730a0096
:104b7c000a4c555420646f6e653a2000206279749b
:104b8c0065732c2000000000206572726f72730a2e
:104b9c00000000006f72696f6e3e20000820080054
:020000040000fa
:020000041d00dd
:104bac00d0ffbd272c00beaf2800b7af2400b6af96
:104bbc002000b5af1c00b4af1800b3af1400b2aff7
:104bcc001000b1af0c00b0af5000888c5400978c23
:104bdc000000b68c5800828c2668e2022468a8017a
:104bec002668a2016ad7023c78a442344c00838c1c
:104bfc0021106200211056002168a201426e2d0086
:104c0c0021680d010400b98c267017012470cd01a8
:104c1c002670d701c7e8023c56b742345800838c43
:104c2c0021106200211059002170c20102752e0062
:104c3c002170ae010800aa8c26480d0124482e01d3
:104c4c00264828012024023cdb7042242110e20279
:104c5c0021104a0021482201c24b29002148c901d8
:104c6c000c00b18c2630ae012430c9002630cd00aa
:104c7c00bdc1023ceece4234211002012110510084
:104c8c002130c20082322600213026011000ac8c6b
:104c9c002618c9012418660026186e007cf5023c03
:104cac00af0f42242110820121684d0021186d00a4
:104cbc00421e23002118c3001400b38c2658260171
:104ccc0024586301265869018747023c2ac642349e
:104cdc002110620221704e0021586e01025d2b00e2
:104cec0021586b001800ae8c2610c30024104b000a
:104cfc002610460030a8073c1346e7242138c7018c
:104d0c002148e90021104900c21322002110620140
:104d1c001c00b58c26386b002438e2002638e300e2
:104d2c0046fd093c019529352148a902213026016f
:104d3c002138e600823a2700213847002000b88c41
:104d4c00266862012468a7012668ab018069063ccd
:104d5c00d898c634213006032118c3002168a3015a
:104d6c00426e2d002168ed002400a98c26a047007e
:104d7c0024a08d0226a08202448b033caff763343f
:104d8c002118230121586b0021a08b0202a53400ad
:104d9c0021a0b4012800b08c2678ed002478f40111
:104dac002678e701ffff033cb15b63242118030263
:104dbc00211062002178e201c27b2f0021788f0242
:104dcc002c00ab8c2630b4012430cf002630cd0023
:104ddc005c89023cbed74234211062012138470065
:104dec002130c700823226002130e6013000b28c1f
:104dfc0026188f022418660026187400906b023c4b
:104e0c00221142242110420221684d0021186d000c
:104e1c00421e23002118c3003400ad8c26f0e6019d
:104e2c0024f0c30326f0cf0398fd023c9371422477
:104e3c002110a20121a0540021f0d40302f53e0060
:104e4c0021f07e003800b48c2610c30024105e00c4
:104e5c002610460079a6073c8e43e72421388702aa
:104e6c002178ef0021104f00c21322002110c20341
:104e7c003c00af8c26387e002438e2002638e30054
:104e8c00b449053c2108a5242128e5012130a600c0
:104e9c002138e600823a27002138470026304700a7
:104eac002430de002630c2001ef6053c6225a52407
:104ebc00212825032118a3002130c300c236260067
:104ecc002130e6002628e6002428a2002628a70088
:104edc0040c0033c40b363342118c30121f07e0071
:104eec002128be00c22d25002128c5002618c5008a
:104efc0024186700261866005e261e3c515ade27d1
:104f0c0021f07e012110c20321186200821c2300b3
:104f1c002118a3002610a3002410460026104500db
:104f2c00b6e91e3caac7de3721f0de022138c703e2
:104f3c002110470002132200211062002638620063
:104f4c002438e5002638e3002fd61e3c5d10de2702
:104f5c0021f07e022130c6032138e600c23e270034
:104f6c0021384700263047002430c3002630c200c9
:104f7c0044021e3c5314de2721f01e022128c503d7
:104f8c002130c500c23526002130e6002628e60077
:104f9c002428a2002628a700a1d81e3c81e6de37d3
:104fac0021f0fe012118c3032128a300822c250027
:104fbc002128c5002618c50024186700261866008d
:104fcc00d3e71e3cc8fbde3721f09e012110c20343
:104fdc0021186200021b23002118a3002610a30035
:104fec002410460026104500e1211e3ce6cdde379c
:104ffc0021f03e012138c70321104700c2162200c0
:10500c0021106200263862002438e5002638e300bf
:10501c0037c31e3cd607de2721f09e022130c60383
:10502c002138e600c23d27002138470026304700d2
:10503c002430c3002630c200d5f41e3c870dde2779
:10504c0021f03e022128c5032130c5008234260000
:10505c002130e6002628e6002428a2002628a700f6
:10506c005a451e3ced14de2721f01e032118c30304
:10507c002128a300022b25002128c5002618c500d5
:10508c002418670026186600e3a91e3c05e9de37e4
:10509c0021f0be012110c20321186200c21e2300a0
:1050ac002118a3002610a30024104600261045004a
:1050bc00effc1e3cf8a3de3721f05e012138c7035c
:1050cc0021384700c23d27002138670026106700b1
:1050dc0024104500261043006f671e3cd902de27c2
:1050ec0021f0be022130c603213046008234260056
:1050fc002130e6002610e60024f0430026f0c7031a
:10510c000000beaf2a8d1e3c8a4cde2721f05e02c9
:10511c002128c5030000be8f21f0c50302f33e0019
:10512c0021f0de00faff053c4239a5242128650256
:10513c002118a30026105e00211062000217220025
:10514c002110c2032618de00261862007187053c68
:10515c0081f6a534212805032138a70021386700e2
:10516c00423d2700213847002618c2032618670045
:10517c009d6d053c2261a524212865012130a600e6
:10518c0021186600021c23002118e3002628470082
:10519c002628a300e5fd063c0c38c62421308602e7
:1051ac0021f0de002128be00422a250021286500be
:1051bc002630e3002630c500bea41e3c44eade3790
:1051cc0021f03e032110c2032110c200021722005d
:1051dc002110a200263065002630c200de4b1e3c9a
:1051ec00a9cfde3721f09e012138c7032138c70033
:1051fc00423d27002138470026f0a20026f0c703c5
:10520c00bbf6063c604bc6242130a6022118c30015
:10521c0021f0c30302f43e0021f0fe0026304700cb
:10522c002630de00bfbe033c70bc63342118030281
:10523c00212865002130c500423226002130c603ea
:10524c002618fe00261866009b28053cc67ea52461
:10525c002128a5012110a2002110620002172200b2
:10526c002110c2002618c60326186200a1ea053ccc
:10527c00fa27a5242128c5022138a7002138670068
:10528c00423d2700213847002618c2002618670027
:10529c00efd4053c8530a5242128250221f0be0041
:1052ac0021187e00021c23002118e30026f0470081
:1052bc0026f0c3038804053c051da5242128c5013f
:1052cc002130a60021f0c60342f23e0021f07e0000
:1052dc002630e3002630de00d4d9053c39d0a53485
:1052ec00212825012110a2002130c20002372600fe
:1052fc002130c60326287e002628a600dbe6023cc9
:10530c00e599423421104202213847002128a70098
:10531c00422d25002128c5002638c6032638e50075
:10532c00a21f023cf87c42242110e2012118430008
:10533c002138e300023c27002138a7002618c500bd
:10534c0026186700acc4023c655642242110420169
:10535c0021f05e0021187e00421a23002118e30080
:10536c0027100500251043002610470029f41e3c89
:10537c004422de2721b0de0221b0c60221105600e5
:10538c00821622002110620027b0070025b0c2024d
:10539c0026b0c3022a43063c97ffc63421a8a602b6
:1053ac002128a50221b0c50282b5360021b05600d5
:1053bc00272803002528b6002628a20094ab063c1b
:1053cc00a723c62421a08602213887022138a700f2
:1053dc00423c27002138c702272802002528a700b5
:1053ec002628b60093fc063c39a0c63421986602e8
:1053fc00211863022118a300c21a23002118e3000c
:10540c00272816002528a3002628a7005b65063c44
:10541c00c359c62421904602211042022110a20039
:10542c008216220021106200272807002528a200de
:10543c002628a3000c8f063c92ccc6342188260269
:10544c0021b036022128b600822d250021284500e6
:10545c00273003002530c5002630c200efff113c79
:10546c007df4313621801102218007022180d00089
:10547c00428430002180b000273002002530d0005b
:10548c002630c5008485073cd15de72421c827035d
:10549c0021c8230321c8d900c2ca390021c8190266
:1054ac00273005002530d9002630d000a86f033cea
:1054bc004f7e632421c00303211002032130c2005c
:1054cc0082362600213026032710100025104600b6
:1054dc00261059002cfe033ce0e663342178e301ee
:1054ec002178e50121784f00827d2f002178cf00b3
:1054fc00273819002538ef002638e60001a3023cb6
:10550c00144342242170c2012180d0012138f000c3
:10551c00423c27002138e7012718060025186700b0
:10552c0026186f00084e023ca11142242168a201ea
:10553c0021c8b90121187900c21a23002118e300ef
:10554c0027100f00251043002610470053f7053c89
:10555c00827ea52421608501213086012110460020
:10556c008216220021106200273007002530c2006d
:10557c002630c3003abd053c35f2a53421586501ef
:10558c0021586f012158cb00825d2b0021584b0014
:10559c00272803002528ab002628a200d72a063c82
:1055ac00bbd2c63421504601213847012128a7001f
:1055bc00422c2500212865014c00868c2130c2002c
:1055cc004c0086ac271002002510450026104b001d
:1055dc0086eb063c91d3c634214826012148230191
:1055ec0021484900c24a29002140050121402801d7
:1055fc00500088ac21b8e502540097ac5800828c5e
:10560c0021584b0058008bac251000002c00be8f8d
:10561c002800b78f2400b68f2000b58f1c00b48fe4
:10562c001800b38f1400b28f1000b18f0c00b08f24
:08563c000800e0033000bd2767
:020000040000fa
:020000041d00dd
:1056440000a0023ca42142244202441400000000b1
:10565400a0ffbd275c00bfaf5800beaf5400b7af7a
:105664005000b6af4c00b5af4800b4af4400b3af80
:105674004000b2af3c00b1af3800b0aff080838fd0
:10568400ffff62240200422c0c0240101081828f22
:105694000d00401001000224190062102880838f3d
:1056a40000a0023ca421428c1e0240181081908f5d
:1056b4002588000002001324dc05152400a0123cf8
:1056c40069000010a4215426ec80828f09f8400060
:1056d4001000a427fa01401c5c00bf8ff70140545e
:1056e400f08080af1000a48ff4018050f08080af70
:1056f4000b24400f00000000f10100105c00bf8f7c
:10570400ffff0224e7ff621400a0023c039d063c55
:10571400a40fc62425280000b0cc400f05000424a3
:10572400ffff032426004310288082af55c4400f96
:10573400020011248018020021186200e703632488
:105744006210043cd34d8424190064001018000036
:105754008221030040190400231864008018030008
:1057640021186400c01803001b006200f40140000b
:1057740012180000f88083af00a0103c3c1f1026d4
:1057840000a0123c040000108c21522610001026a8
:10579400c3ff1212010031260000028efbff4010ed
:1057a400252020020a000686f9ffc05010001026aa
:1057b4008bc5400f25280002f5ff40541000102629
:1057c400b5d1400f0000000011004014000000009b
:1057d4009f7f400f00000000ffff0224b5d1400f5f
:1057e400f08082afb60140505c00bf8fb3d1400f50
:1057f40000000000ffff0624019d053cc8d6a52437
:10580400a2a3400f25204000ad0100105c00bf8f13
:10581400b3d1400f0000000005000624019d053ca3
:1058240098d6a524a2a3400f25204000e8ff00102d
:105834000000000004000624252800023199400fce
:10584400252080024200029601000324c47b627c6e
:10585400420002a601003126a421448e2a1024020b
:10586400350040106c0010264c00048efaff805066
:10587400010031264400028e1800428c09f84000d1
:10588400000000004200029600404230f2ff405007
:10589400010031264400028e1400428c09f84000b5
:1058a4004c00048ee3ff400403000724eaff535432
:1058b400010031261000a0af1400a0af1800a0af63
:1058c4001c00a0af2400a0af2800a0af2c00a0af04
:1058d4002000b5af4400028e4000428c1000a52782
:1058e40009f840005000048e1000a28f3f0002aa65
:1058f4003c0002ba1400a293400002a21500a29335
:10590400410002a21800a38f2b1803004200029644
:10591400446b627c420002a62000a38f5e0003a6b3
:10592400010003248431627c8473027cc47b627c26
:10593400c8ff0010420002a6f080838f01000224f9
:105944001b0062100000000032b2400f252000004e
:105954000481828f06004014000000000881828fb9
:10596400f480838f25104300550140105c00bf8fe5
:105974000481828f4f004014259800000881828f93
:10598400f700401000a0033c088180af00a0023c57
:10599400a421428ca40040181081908f259000000f
:1059a40000a0143c981e94267c00001000a0153c16
:1059b400600180181081918f252820022580000025
:1059c400251000000004072405000010010008242d
:1059d40025800302010042240d0082106c00a524de
:1059e4004200a394000c6630f9ffc7540418480021
:1059f4002036037c3101c10440006330f6ff60505f
:105a04000100422404184800f2ff0010258003021c
:105a14000100022404208200ffff84244501901029
:105a240000a0023ca421428c1400401825900000e0
:105a34004040143c00a0133c0a000010a421752629
:105a440004000624252820023199400f2520a002b5
:105a540001005226a421628e2a104202070040103f
:105a64006c0031264000228e24105400f9ff40506f
:105a740001005226f2ff001003000724ffff022456
:105a8400b5d1400ff08082af0d0140505c00bf8f54
:105a9400b3d1400f0000000025300002019d053cf9
:105aa40038d7a524a2a3400f2520400004010010ec
:105ab4005c00bf8f048180af00a0023ca421428c13
:105ac400100140181081908f2588000001001324d4
:105ad4000a00001000a0123c4408637e8410437c3a
:105ae4000400437c600003a601003126a421428ef9
:105af4002a1022020f0040106c0010264200029669
:105b040040004230f9ff4050010031264400028e2b
:105b14002400428c09f840005000048e6000039277
:105b240001006330ecff435460000396efff001064
:105b34000100312691ff00100100132425284000a4
:105b440070cb400f252080024400028e3400428c2a
:105b5400253000002528000009f840005000048e7c
:105b6400f6ff4054280050acfc80828f0100422490
:105b7400fc8082af27000010420002963800428c5d
:105b840009f840005000048e01005226a421a28e80
:105b94002a104202240040106c0010264200029693
:105ba40040004230f9ff4050010052265a0011963d
:105bb4004400028e5400428c09f840005000048ec8
:105bc40000d0400f25882202ffff36322718160026
:105bd4005a000496241864005a0003a607d0400f04
:105be400252040005c00029625b0c2025c0016a687
:105bf4004400028e5000428c2528200209f84000ff
:105c04005000048e16003132d0ff20564400028e1c
:105c14004200029600204230dcff40500100522630
:105c2400d6ff00104400028e25b0000000a0113cf5
:105c3400981e312600a0143c8c1e942600a0153c0e
:105c44001c1fb526039d023ce0a842243000a2afed
:105c5400039d1e3cf3c7400f252020023600401050
:105c6400258040001400028e5b56400f0c004494c3
:105c740006080324110043100008032408004310fd
:105c8400ffff03340900431001000624f3ff052439
:105c940098af400f25200002eeff00100000000026
:105ca4000100172407000010e6a8d22702001724d9
:105cb400039d123c03000010eca8522625b80000f6
:105cc4003000b28f22000296ffc04230220002a6aa
:105cd4000200439625104300220002a604004296c7
:105ce4004020020021208200802004002528000298
:105cf40070cb400f212084020100022404b8e20288
:105d04002410f602d3ff40142530000025b0d7023a
:105d140004004496002104002120a4020800829477
:105d240001004234080082a482c6400f0100052409
:105d3400c8ff00100000000000d0400f0000000069
:105d440000a0033c1c1f6324180064940400047c1a
:105d5400180064a407d0400f2520400000a0033c95
:105d6400a421658c1c00a0181081828f0a000010e9
:105d7400252000000081838f01006324008183af0c
:105d84000e000010600043945c0040a401008424d1
:105d9400110085106c00422442004394400063309b
:105da400fbff6050010084245c004394860663304a
:105db400f0ff6014000000006000439402006330b0
:105dc400f2ff60505c0040a4600043944408037cec
:105dd400edff0010600043a44e00601600a0103ccc
:105de4003c1f102600a0113c290000108c213126f4
:105df4000c0002a60800029602004234080002a623
:105e0400253000000200052482c6400f2520000230
:105e14001000102610001112000000000000028e75
:105e2400fcff4050100010260a000386f9ff605062
:105e3400100010260c000296f880848f2310440072
:105e4400ffff42302026027ce9ff80182110430026
:105e5400efff00100c0004a600d0400f00a0103c7f
:105e640000a0033c1c1f6324080064944408047cc1
:105e7400080064a407d0400f25204000d9ff00107b
:105e84003c1f1026100010260a001112f480828f85
:105e94000000028efbff401008000396faff60101a
:105ea4001000102609f8400000000000f6ff001062
:105eb400000000000d004014253000005c00bf8f7e
:105ec4005800be8f5400b78f5000b68f4c00b58f6a
:105ed4004800b48f4400b38f4000b28f3c00b18fb0
:105ee4003800b08f0800e0036000bd2700010524de
:105ef40000a0043c82c6400f2c1f8424f0ff001035
:105f04005c00bf8f0881828f9ffe40140100132420
:105f140000a0103c3c1f102600a0113cbfff001045
:105f24008c213126f080838f0100022486fe6214c6
:105f34000000000002000224f08082af019d053cb5
:105f440008d7a524e9b8400f252000007efe0010e4
:0c5f5400000000000800e0030000000056
:020000040000fa
:020000041d00dd
:105f6000c0febd273c01bfaf3801beaf3401b7afa3
:105f70003001b6af2c01b5af2801b4af2401b3afe7
:105f80002001b2af1c01b1af1801b0af258880006d
:105f90002598a00025a0c0000400928c029d023c20
:105fa000d84d42241800a327200048240000478c25
:105fb0000400468c0800458c0c00448c000067ac43
:105fc000040066ac080065ac0c0064ac1000422410
:105fd000f6ff4814100063240000448c0400428c37
:105fe000000064ac040062ac0200622a1500401498
:105ff0001800b7270400968e2580000005001e2497
:106000000000e58e3388400f2520c002210040109b
:1060100025a8400001001026f9ff1e160800f726eb
:106020000000228e0400428c2530c002009d053cf9
:10603000e431a52409f840002520400208000010a2
:1060400025a800000000228e0000428c009d053c27
:10605000382da52409f840002520400225a800007d
:106060002510a0023c01bf8f3801be8f3401b78fcd
:106070003001b68f2c01b58f2801b48f2401b38f66
:106080002001b28f1c01b18f1801b08f0800e0030e
:106090004001bd27c08010002180b0031c00028e8b
:1060a00002000324370143100300432c270060142f
:1060b000030003243e0043500300622a040003242b
:1060c000d7ff431404000224a2006212009d053c85
:1060d0000000228e0000428ce02da52409f840002b
:1060e000252040020000228e0000428c009d053ccd
:1060f000082ea52409f84000252040020000228e29
:106100000000428c009d053c382ea52409f8400073
:10611000252040020000228e0000428c009d053c9c
:10612000682ea52409f84000252040020000228e98
:106130000000428c009d053ca02ea52409f84000db
:1061400025204002c7ff00102510a00201000324f3
:10615000b3ff431403000224df0062520800908e54
:106160000000228e0000428c009d053cbc2fa5241f
:1061700009f84000252040020000228e0000428cd9
:10618000009d053ce02fa52409f840002520400291
:106190000000228e0000428c009d053c1830a52492
:1061a00009f8400025204002aeff00102510a00293
:1061b00010004010009d053c0000228e0400428c1f
:1061c0000000868e602da52409f84000252040029d
:1061d0000000228e0400428c0000868e009d053c4b
:1061e000982da52409f84000252040029cff0010ae
:1061f0000100152452b2400f0800848e290040107f
:10620000258040000400958e02000624009d053c78
:10621000d82ca5240cac400f2520a0022900401446
:10622000020006240400732a0e00601625280000d0
:106230000c00938e009d053cac2da5243388400fa7
:10624000252060020700401001000524009d053c48
:10625000b42da5243388400f252060020100452c71
:1062600040280500bace400f25200002009d063cc4
:106270000c2dc624009d073c142de7242d00401052
:106280000000228e0400428c0000868e009d053c9a
:10629000c42da52409f840002520400270ff0010fd
:1062a000010015240000228e0000428c009d053c58
:1062b000c42ca52409f840002520400268ff0010e6
:1062c00001001524009d053cdc2ca5240cac400fde
:1062d0002520a0020f0040140400732a0600601657
:1062e00025280000009d053cbc2da5243388400fc7
:1062f0000c00848e0100452cb297400f252000022f
:10630000009d063c1c2dc624009d073cdbff0010b1
:10631000242de7240000228e0000428c009d053cc5
:10632000e02ca52409f84000252040024cff001075
:10633000010015240400428c0000878e009d053c5e
:10634000cc2da52409f840002520400244ff001070
:10635000010015247080828f1c004014009d053cb4
:106360000800908e102fa5243388400f25200002ae
:106370000800401001000224009d053c142fa524b4
:106380003388400f2520000218004014009d053c72
:1063900001000224188082af0c00908ee279400f39
:1063a000252000021f00422c34004014009d053cb3
:1063b0000000228e0000428c602fa52409f84000c6
:1063c0002520400226ff0010010015240000228e27
:1063d0000000428c009d053cdc2ea52409f84000fd
:1063e000252040021eff001001001524182fa524af
:1063f0003388400f25200002080040101c000224b2
:10640000009d053c202fa5243388400f2520000245
:1064100004004014009d053c1c000224deff001017
:10642000188082af282fa5243388400f2520000232
:1064300007004010ff000224009d053c2c2fa524de
:106440003388400f2520000203004014ff0002247f
:10645000d1ff0010188082af0000228e0400428c11
:1064600025300002009d053c302fa52409f840008e
:1064700025204002fafe0010010015242528000204
:1064800000a0103c9c6c400fb82904260400228e0a
:10649000688082af0000228e0400428c0800878e44
:1064a000b8290626009d053c8c2fa52409f840003c
:1064b0002520200208000224708082af788091afee
:1064c000c80006247480858f8bc5400f1f000424ec
:1064d000e3fe0010010015240a000012009d053c97
:1064e0004830a5243388400f252000020d004014b9
:1064f00025984000a7a4400f25a86002d9fe0010ef
:106500002510a0020000228e0000428c009d053c58
:10651000e02ca52409f8400025204002d1fe0010ff
:106520002510a002f7b6400f25200002faff032431
:106530000c004310ffff0324cafe43542510a002a1
:106540000000228e0400428c25300002009d053c94
:106550004c30a52409f8400025204002c1fe00105f
:106560002510a0020000228e0000428c009d053cf8
:106570007430a52409f8400025204002b9fe00101f
:106580002510a002020002240e006212009d053cac
:106590000000228e0000428c8c30a52409f84000b7
:1065a000252040020000228e0000428c009d053c08
:1065b000a030a52409f8400025204002a8fe0010c4
:1065c000010015244000a2278400a2af410002244c
:1065d0008800a2afe000a2278c00a2af0500022431
:1065e0009000a2af0801a2279400a2af01000224ec
:1065f0009800a2af55bb400ff400a427090040103b
:1066000025a040000000228e0000428c009d053c29
:10661000d030a52409f840002520400290fe00104b
:106620000100152433ce400ff400a48f3b0040102e
:106630002580400033ce400ff800a48f3a00405030
:10664000009d023c0000238e0400638c253840002e
:1066500025300002009d053ce830a52409f86000c3
:10666000252040020000228e0401a3971400a3af4e
:106670000201a3971000a3af0400428c0001a7976a
:10668000fc00a68f009d053c1431a52409f84000ac
:106690002520400225980000009d1e3c009d173ccf
:1066a0008c31f726009d163c8031d626009d153c86
:1066b0007431b526252880023e59400f8400a42756
:1066c00044004014258040000000228e0400428ccb
:1066d000a000a78f4000a6275431c52709f8400025
:1066e00025204002ac00a28f1100401c9800a28f10
:1066f0002300401cb000a28f0000228e0400428cb8
:10670000253000002528e00209f84000252040023d
:1067100001001324e7ff001001009426009d103ca7
:10672000c4ff0010302d1026c6ff0010302d42246b
:1067300025980002801013002c000624b400a52721
:106740008c00a48f8ea8400f212082000000228e92
:106750000400428cb400a6272528a00209f84000b6
:106760002520400201007326ac00a28f2a1062028d
:10677000f1ff405480101300ddff00109800a28f3d
:10678000deff40580000228e001110002c0006246d
:10679000b400a5279400a48f2e79400f21208200f9
:1067a0000000228e0400428cb400a6272528c002d7
:1067b00009f840002520400201001026b000a28ff9
:1067c0002a100202f1ff405400111000cbff00100c
:1067d0000000228e0200422cceff4014fcff022457
:1067e000b4ff0212010094261dfe6056010015241c
:1067f0000000228e0000428c009d053cc431a5247f
:1068000009f840002520400215fe00100100152463
:020000040000fa
:020000041d00dd
:1068100068ffbd27a400a7af0000a28c8400b5af1d
:106820000000d58c2000a2af0800a28c8800b6af73
:106830007000b0af2400a2af1000a28c9800a4afeb
:106840009c00a5af4000a2af0400c28c0400b08c35
:106850000c00b68c1c00a2af1c00a28f25300000db
:10686000253800002520a002252840009400bfaf55
:106870009000beaf8c00b7af8000b4af7c00b3af68
:106880007800b2afc186400f7400b1af0e00400473
:106890002000a28f04004230100040142b0002247c
:1068a0002000a28f080042302800a2af2400a28f4f
:1068b0001800a2af2800a28f0f0040102800a38f5d
:1068c00006000010200002241c00a38f0080023c60
:1068d000261043001c00a2af2d0002240000c2a21b
:1068e0002400a28fffff42241800a2af010002245f
:1068f0002800a2af2800a38f1c00a28f2118c3027a
:1069000000f0427c2400a0162c00a3aff07f033cd3
:1069100022004314f07f043ca400a28f039d103c8e
:10692000bfff42241a00422c03004010f844052601
:10693000039d053cf444a5249c6c400f2c00a48fbf
:10694000f8440426e279400f000000002000a38fe5
:106950002400a78f9800a48f1000a3af2528c002a1
:10696000d08e400f253040009400bf8f9000be8f26
:106970008c00b78f8800b68f8400b58f8000b48fed
:106980007c00b38f7800b28f7400b18f7000b08f2d
:106990000800e0039800bd27f07f043c0100832439
:1069a0002b18430006006050a400a28f0f0044146f
:1069b0001c00a28f0e00a01225300000a400a28fa0
:1069c000039d103cbfff42241a00422c03004010dc
:1069d00000450526039d053cfc44a5249c6c400f06
:1069e0002c00a48fd7ff001000450426253000009e
:1069f000253800002520a0027686400f252840007b
:106a0000039d133c039d033c3800a3af083c718eeb
:106a10000c3c728e3600401425b800001cd0400f8c
:106a2000a400a48f2014027c3000a2af9a010006bb
:106a3000670002243000be8fc500c2176600022422
:106a40000100005201001024fcffe22acb00401498
:106a500065001e242a10f002b90040143800a28fed
:106a6000c7000010000000000100f7262588c003c1
:106a700025908002253000012538200125202002a4
:106a8000252840023000a8afcf48400f3400a9affe
:106a900025f040001c00a28f2530a0022520c00355
:106aa00025384000252860007686400f25a060002c
:106ab0003000a88fecff40183400a98f039d023ce2
:106ac000183c5e8c1c3c428c25a000005000beafe0
:106ad0003000a2af5800a2af3800a28f143c438c04
:106ae000103c428c4c00a3af210000104800a2af24
:106af000039d023c103c488cdeff0010143c498c86
:106b0000140040104800a68f130080164c00a78f79
:106b10001c00a28f3000a78f2520a0022530c003c3
:106b2000cf48400f252840005000a68f5800a78f5f
:106b3000252020022528400225a84000cf48400fec
:106b40001c00a3af2588400025906000010014249c
:106b50004800a68f4c00a78f252020029233400fbb
:106b6000252840022588400025906000fffff72679
:106b70001c00a28f25302002253840022520a002cb
:106b8000c186400f25284000ddff4204d4fee22ae2
:106b9000a2ff00100000000025302002253840022e
:106ba000252060026000acaf4400abaf9233400fd1
:106bb0005800aaaf252040008a8d400f252860008c
:106bc00025286000252040005400a3af0baf400fe4
:106bd0005000a2af4800a38f5000a88f5400a98f87
:106be000251862005800aa8f4400ab8f0b00601478
:106bf0006000ac8f3000a48f67000324070083146b
:106c0000000000002100a00601008b25251880024d
:106c10002120d4021100001025588001fcff00162d
:106c200025188002fbffa3062120d4021800a38fa1
:106c30002158cb0201009426ffff63241800a3af64
:106c40002e000324000063a1f0ff001001001024b7
:106c5000000085a0ffff6b2501008424fcff605528
:106c6000300005241800a48f010094262118c302c7
:106c7000ffff842423208c0021a08c0230004224ba
:106c800021606c001800a4af000082a100800c3cc1
:106c900026208a012530200225384002252820019f
:106ca0001000b3af1400a4af252000016e20400fe8
:106cb0005800abaf3800a68f3c00a78f00800c3c7b
:106cc0002650830125202002252840025000aaaf2b
:106cd0009233400f259840005800ab8f2588400024
:106ce00025906000ffffb526256060019700001029
:106cf0005000aa8f1a00e702f401e0002140c3020d
:106d0000251060001018000030006324000003a16b
:106d10001800a38f12b80000ffff6324ae0000101c
:106d20001800a3af000064801800a38f2118620030
:106d30002118c302000064a0ca000010ffff422413
:106d40000a00e1063000a38f66001e2466000224bc
:106d50000a00c217010010260400e1063000a38fcc
:106d6000083c718e0c3c728e25b80000670002242e
:106d70000200621066001e24218017023800a28fd4
:106d80001c00b38f25482002143c438c103c428cdd
:106d9000254040022550a002256000005000a2af0f
:106da0005400a3af253020012538000125204001e3
:106db000252860026800acaf6000a9af6400a8afee
:106dc0009233400f4400aaaf252040008a8d400f27
:106dd0002528600025286000252040005c00a3af26
:106de0000baf400f5800a2af5800aa8f4400ad8fe0
:106df0006400a88f6000a98f5c00ab8f25a06002a3
:106e00000080133c26207402253020012538000123
:106e1000252860011000adaf1400a4af252040016b
:106e20004400a8af6e20400f4800a2af6000a98fb9
:106e30004400a88f5000a68f5400a78f2520200162
:106e40002528000125a040005800a2af9233400f32
:106e5000269863026800ac8f2548400025406000fa
:106e600001008c25cfff0c165800aa8f039d023c11
:106e7000203c468c243c478c25202001cf48400fe5
:106e8000252860002530400025386000252080023c
:106e9000252860025000a2afc186400f5400a3af66
:106ea00010004004254000005000a88f5400a98f16
:106eb0002520800225300001253820017686400fec
:106ec000252860025000a88f070040145400a98fa5
:106ed0004800a28f01004230040040141c00a28f21
:106ee00025400000254800001c00a28f2520a0029c
:106ef00025300001253820012939400f2528400080
:106f00006500d53b259840002510e0020a101500c9
:106f100025a84000231050001c00a2af2000a28f23
:106f2000255060002800b48f100042304800a2af06
:106f30003800a28f2560000025800000143c438c9f
:106f4000103c428c3c00a3af3800a2af1c00a28fc3
:106f500007005510255880029c00a28f1000428c1b
:106f6000fbff42242b1082020bff405425284001d6
:106f70000a0000162120d4022000a28f1000423007
:106f800007004010650002242158cb022e00022485
:106f900001009426000062a12120d4026500022491
:106fa0002600c217000080a04000a28f2528000004
:106fb000ffff42242118c2020300e106000060a086
:106fc00023b81700010005244000a38f0300062406
:106fd0000a0007242330c30046ffe016ffff4324c6
:106fe0002140c20043ff001d000000002d000724c7
:106ff0002b0006240b30e5002118c302000066a018
:10700000a400a38f45000524feff4224bfff632494
:107010001a00632c0bf0a3001800a38f2128c202d2
:107020002aa08202feff63240000bea0030080129b
:107030001800a3af9c6c400f000000002000a28f3e
:1070400002000324030042303efe43142520c00208
:107050001800a28f3bfe401800000000e279400fac
:107060002520c0022800a38f2a1843002dff60109e
:107070002118c2021800a68f2c00a48f50a6400f22
:10708000300005242400a0af2efe00102520c002f1
:107090006dfe0010060010243000a38f6afe6210ff
:0c70a0000600102429ff001025f06000fd
:020000040000fa
:020000041d00dd
:1070ac006f008390010002241302621400000000a0
:1070bc00b0ffbd274c00bfaf4800b7af4400b6af20
:1070cc004000b5af3c00b4af3800b3af3400b2af42
:1070dc003000b1af2c00b0af258080002598a00007
:1070ec004400838c4d00601025a0c00022006294e7
:1070fc00080044304900801408004234220062a485
:10710c004400128e4600401206200724520040a66e
:10711c00500040a6440040ae6a0040a6680040a65d
:10712c005c0040ae1000428e000040ac1000428e5d
:10713c000c0040a40100623206004010360002969a
:10714c00010003240442627c360002a6fe00733266
:10715c00360002968410027cc418027c0421027c46
:10716c008431027cc439027c4429027c360002a69c
:10717c006f000392010002243e006210258800007b
:10718c000c0022920439027c0c0022a2060062320e
:10719c00530040500800038e02006232e20040109f
:1071ac0025a80000020002241000a2a3040002245f
:1071bc001100a2a36f000492010003242f0083107e
:1071cc0025100000001a020002220200251864009b
:1071dc001200a3a7640002a60c00228e0019427ca8
:1071ec00010042240c0023920439437c0c0023a29e
:1071fc006f00039201000224350062101400222655
:10720c004c00028ec800401425a80000f87d400fe9
:10721c0025200002c40000104c0002ae06200724fa
:10722c000400062414000524b3b8400f7400042491
:10723c00b301401025904000029d023c6ce04224ba
:10724c00080042ae0c0050ae010002246c0042a6b5
:10725c00540042a62200429608004234220042a664
:10726c004400028eb3ff4050440012aeb2ff001037
:10727c0001006232c2ff00101c00518e4000028ed1
:10728c00060040100000000027cd400f4000048e87
:10729c00ecff4224cbff0010ffff4230f2b2400f54
:1072ac0025200002f8ff401400000000fcff02241f
:1072bc006f00049201000324f20083144c00bf8f72
:1072cc0022004396c418037ced000010220043a654
:1072dc001000a38f170023aac9ff0010000043b8a9
:1072ec001000028e88016210620017966f000392e4
:1072fc00010002242f0062100000000064000396bd
:10730c00ffff62302b10e202010040542518e0020e
:10731c00ffff77300800168e1000038e2b107600be
:10732c00370040500400048e23b0c3025c00029668
:10733c002b20c2020ab044002b10f602070040506a
:10734c006f0004923600029601000424c439827c3a
:10735c00360002a625b0e0026f0004920100022460
:10736c001a008210000000001000028e211056003e
:10737c00100002ae360002960001423006004010aa
:10738c00000000005c000296030056100000000094
:10739c000100f656010073366300c012ffffd532b0
:1073ac005c000296231055005c0002a662000010df
:1073bc00080073369fd1400f00000000d6ff4054e8
:1073cc000800168eceff00106400039609006010b2
:1073dc00440040aeffffc232520042a6500042a60b
:1073ec004c0043ae1000428e44004326deff0010da
:1073fc00000043ac1000428edbff0010000040acdc
:10740c00232083000000068e21b0c4022310c60284
:10741c005c0005962bb045000a10b60025b0400064
:10742c002b10e202070040102b109600360002963b
:10743c0001000524c439a27c360002a625b0e00266
:10744c002b1096000a20c2022310c40226004050c2
:10745c006f0005926f000792010005240d00e510e6
:10746c00000000001000028e21105600100002ae29
:10747c000400038e2b204300bfff8054360002967d
:10748c000000048e2318640023104300b9ff001081
:10749c00100002ae0f00c010ffff42306a0042a67f
:1074ac00680042a6640046ae5c004226440042ae30
:1074bc000a006010ffff8430520044a6500044a61e
:1074cc004c0043ae1000428e44004326e5ff0010f2
:1074dc00000043acf6ff0010440040ae1000428e9a
:1074ec00e0ff0010000040ac01000224deffa254bb
:1074fc001000028e09006010440040aeffff843083
:10750c00520044a6500044a64c0043ae1000428edc
:10751c0044004326d3ff0010000043ac1000428e01
:10752c00d0ff0010000040ac030062326d00401030
:10753c000200823225b00000010094325b008016fc
:10754c00000000001ec3400f000000004800038e26
:10755c0021106200240002ae3600029601000324c2
:10756c004408627c360002a65a000296000022a64d
:10757c0058000296020022a64c00028e040022ae95
:10758c005000028e080022ae0c0022920418027cdd
:10759c000c0022a20d0033a2120020a6100020a67f
:1075ac004c00028e21b056004c0016ae0200623226
:1075bc000c00401025a00000100062320100405069
:1075cc00080020ae6c000296080042306200405069
:1075dc004c00028e0400228effff4224040022aed7
:1075ec0004001424010062320600401010006232c4
:1075fc006c000296010003248410627c6c0002a6cd
:10760c0010006232060040501c00028e6c00029684
:10761c00010003240442627c6c0002a61c00028e52
:10762c002000038e2b204300530080542310620053
:10763c001800048e1400058e2320850023104300af
:10764c0023108200ffff42300e0022a65e0002a62d
:10765c0030b5400f252020020c00228e0019427cf0
:10766c00050042240c0023920439437c0c0023a215
:10767c006f0004920100032442008310ffff0224d8
:10768c004c00bf8f4800b78f4400b68f4000b58fb9
:10769c003c00b48f3800b38f3400b28f3000b18f00
:1076ac002c00b08f0800e0035000bd2755c4400fdc
:1076bc00700000a240190200231862008018030019
:1076cc0021106200c01002006210033cd34d6324f1
:1076dc0019004300101000008211020099ff0010e5
:1076ec00480002ae0900405036000296710002922a
:1076fc0001004224710002a24c00028effff4224c2
:10770c004c0002ae98ff001001001624020042301b
:10771c0095ff401025b0000001009432080080163f
:10772c00000000007000029205004010ffff422490
:10773c00700002a24800028e42100200480002ae05
:10774c001ec3400f25b000004800038e21106200bc
:10775c0085ff0010240002ae010042244c0002ae52
:10776c006c00029601000324c418627c6c0002a613
:10777c009cff001004001424ffff4224b2ff0010f1
:10778c00ffff42303800028e03004014000000005e
:10779c00c7fe0010ffff0224f2b2400f25200002aa
:1077ac00c3fe4010ffff0224140094263c00028efe
:1077bc00340042ae3800028e380042ae4000028ed9
:1077cc003c0042ae1000438e0c00629421108202e9
:1077dc000c0062a43400428e1400a2af3800428e1a
:1077ec001800a2af1c00a0a3060002241d00a2a337
:1077fc0021889502ffff31325b56400f2520200275
:10780c001e00a2a7253000000c0005246356400f73
:10781c001400a4271c00568e27100200ffff4630d0
:10782c00252880026356400f2520c002273802000d
:10783c002600a016ffffe7301000438e1000629464
:10784c00c418027c100062a4273807001000c7a6d9
:10785c007e0002922100a2a37f0002922000a2a32c
:10786c002200a0a32000a727253020020600052413
:10787c00ce59400f25204002000040ae82ce400f72
:10788c0025204002c2ff4010040073327cff6012be
:10789c00251000007400088e7aff00114c00bf8f79
:1078ac00720003960800633076ff60100000000041
:1078bc007800078e080006244000058e09f80001a8
:1078cc00340004866eff0010251000001000438e5b
:1078dc001000629408004234100062a42530a0020b
:1078ec004c00458e0a89400f2520400227380200a3
:1078fc00d5ff0010ffffe7300800e003feff022475
:10790c005fff0010fdff0224360015960001b53212
:10791c0006ffa052030062325c0015969cfea01676
:0c792c0025b0000001ff001003006232d3
:020000040000fa
:020000041d00dd
:107938000000a28c70ffbd278800beaf2000a2af58
:107948000400a28c7c00b5af0000de8c2c00a2af36
:107958000800a28c0400d58c6c00b1af2400a2af43
:107968001000a28c6800b0af9000a4af2588e0009a
:107978000c00b08c25300000253800002520c003fd
:107988002528a0028c00bfaf8400b7af8000b6af37
:107998007800b4af7400b3af7000b2afc186400fc7
:1079a8003400a2af0d0040042000a28f0400423032
:1079b8000d0040142b0002242000a28f2400a58f64
:1079c800080042300d0040101800a2af2000022429
:1079d800000002a207000010ffffa5240080023c5f
:1079e80026a855002d000224000002a22400a28f20
:1079f800ffff4524010002241800a2af1800a38f3e
:107a080000f0a27e21200302bfff23262500c01715
:107a18002800a3aff07f033c23004314f07f073c0a
:107a28001800a28f039d113c212002022800a28f7a
:107a38001a00422c03004010e8442526039d053c0b
:107a4800e444a5249c6c400f00000000e844242670
:107a5800e279400f000000002000a38f2400a78fc8
:107a68009000a48f1000a3af25280002d08e400fed
:107a7800253040008c00bf8f8800be8f8400b78ff0
:107a88008000b68f7c00b58f7800b48f7400b38ff8
:107a98007000b28f6c00b18f6800b08f0800e003ef
:107aa8009000bd27f07f073c2800a38f0100e62443
:107ab8002b3046000500c0101a00632c0c00471438
:107ac800300006240b00c053000086a0039d113c23
:107ad80003006010f0442526039d053cec44a524d2
:107ae8009c6c400f00000000d9ff0010f0442426d1
:107af800000086a058000624780004240b20c30048
:107b08001800a28f251880001800a48f01004224b5
:107b18002110020202008424000043a01800a4af30
:107b2800feffa22425300000253800002520c003d0
:107b38002528a0027686400f1c00a2af039d033cb7
:107b480025b800003838748c0d0140143c38768c08
:107b58002c00a28f2c00a38f2590c0020000532870
:107b6800180002240a1073004000a2af039d023cd3
:107b78005038448c5438458c259880022588c00399
:107b88003000b5af254800005800a4af5c00a5af91
:107b98005000a2af3000a88f25306002253840027f
:107ba80025280001252020023c00a9af9233400f70
:107bb8003800b1af252040008a8d400f252860008d
:107bc8002520400025306002253840022528600025
:107bd8004800a2afcf48400f4c00a3af3800aa8f8f
:107be8003000a88f253040002520400125280001bd
:107bf8002739400f253860005800a68f5c00a78ff2
:107c08002520600225284002258840006400a2af94
:107c18003000a3afcf48400f6000a3af3c00a98f4e
:107c280025984000010022253800a2af2c00a28f21
:107c38000a004104259060006400ab8f6000aa8fa1
:107c48002530000025380000252060017686400f89
:107c580025284001070040103c00a98f4000a28f52
:107c68002a482201cbff20153800a98f01004224a1
:107c78003800a2af039d023c5838468c5c38478ccc
:107c880025206002cf48400f25284002259040005b
:107c9800253040003000a28f2538600025202002c2
:107ca80025284000c186400f259860001000420436
:107cb800259000003000a28f253040022538600250
:107cc800252020027686400f252840000a0040140f
:107cd800253040024800a48f0baf400f4c00a58f01
:107ce8000100423004004014253040022590000075
:107cf8002598000025304002253860022520c00361
:107d08002939400f2528a002258840003000a3af5c
:107d18000400201600f0637cf07f023c41ff6210f3
:107d28001800a28f3400a28f1800b58f25480000d4
:107d3800fbff42244800a2af2800a28f259800002c
:107d4800259000001a00422c5800a2af5000a28fc4
:107d58005438438c5038428c5400a3af5000a2af23
:107d68004800a28f2a10a2022d0040103000a28fd6
:107d7800253080022538c002252020022528400011
:107d88009233400f3c00a9af252040008a8d400f58
:107d98002528600025204000252860004000a2af6b
:107da8000baf400f4400a3afb70040143c00a98fad
:107db800b500401200000000010029254000a48ff2
:107dc8004400a58f253080022538c002cf48400fd7
:107dd8003c00a9af253040003000a28f25202002aa
:107de800253860002739400f252840005000a68f0d
:107df8005400a78f252080022528c002258840002e
:107e0800cf48400f3000a3af25a040003800a28f14
:107e18000100522625b06000d1ff52143c00a98f02
:107e2800190060563400a28fd900201121101502c4
:107e38002c00a38fd60060182000a38f01006330a8
:107e4800d40060142000a38f2e000324000043a058
:107e5800211835012118030230000424010044a030
:107e680001004224feff4354010044a01c00a28fdd
:107e7800214035012748090021102201010015255c
:107e88001c00a2af3400a28f21201502000080a0a0
:107e9800ffff422421180202000060a00300e1064f
:107ea8002528000023b81700010005243400a38ffb
:107eb80002000624010009242330c3000a00072415
:107ec800a000e016ffff43242150c2009d00491185
:107ed800000000002d0007242b0006240b30e500cd
:107ee80021180302000066a02800a38f5000062472
:107ef800700005241a00632cfeff42240b28c300df
:107f08002518a000212802022a10a202030040100e
:107f18000000a3a09c6c400f000000002000a28f6e
:107f28000200032403004230c9fe43142520000246
:107f38001c00a28ffeff5124c5fe201a000000007d
:107f4800e279400f252000021800a38f2a18430069
:107f580088006010211802021800a28f2530200224
:107f68003000052450a6400f212002022400a0afb3
:107f7800b7fe00102520000225a0400225b02002ef
:107f8800253080022538c002252080022939400f7b
:107f98002528c00225304000253860002520c00370
:107fa8002528a00225904000c186400f2588600042
:107fb800f1ff43040100f726039d023c4038518c31
:107fc8004438528c039d023c4838538c4c38428cc0
:107fd8004800b1af3800b3af3000a2af4000a2af45
:107fe8005000b2af253080022538c0022520c003da
:107ff800c186400f2528a002d5fe41042530200265
:108008002538400225208002cf48400f2528c0028d
:108018002520400025300000253800007686400fd6
:1080280025286000100040544800a68f3000a78f14
:10803800252080022528c002cf48400f2530600245
:108048003800a68f4000a78f2520c0032528a0024e
:1080580025a04000cf48400f25b0600025f0400023
:1080680025a860004800a68f5000a78f2520800211
:10807800cf48400f2528c00225a0400025b0600049
:10808800d8ff0010fffff7260c00601625f0a002ad
:108098000b004052212015021c00a38f2e0004243f
:1080a80001001324ffff63241c00a3af211815024d
:1080b800000064a00100b52625f0a00221201502c9
:1080c8000400001025182001000085a0ffff63248c
:1080d80001008424fcff6014300005241c00a38fd9
:1080e8000100a82621f03e01ffff63242318690040
:1080f8001c00a3af0a00432821a8090121f01e0291
:108108000200601057004424300044245800a28f15
:108118000a0040500000c4a3200082349fff42247c
:108128001a00422c050040500000c4a323d0400f81
:1081380000000000252040000000c4a31fff00101d
:10814800254800001a00e702f401e000215003026c
:10815800251060001018000030006324000043a1bf
:108168001c00a38f12b80000ffff632454ff001007
:108178001c00a3af000064801c00a38f21186200bc
:1081880021180302feff64a06fff0010ffff4224c6
:108198002000a38f100063303bff60503400a28f93
:1081a8002e0003240100b52636ff0010000043a06e
:020000040000fa
:020000041d00dd
:1081b80080ffbd278000a4af8800a6af8c00a7afc2
:1081c800253080002538a0003000a4277c00bfaff0
:1081d8008400a5af7800beaf6800b4af6400b3af49
:1081e8006000b2af9400b38f9000b28f7400b7af45
:1081f8007000b6af6c00b5af5c00b1afa4a6400f7d
:108208005800b0af8800a68f8c00a78f3800be8fab
:10821800a4a6400f2000a42725304002253860027c
:108228001000a427a4a6400f2800b48fcb03c22bac
:1082380003004010cb03822a0e0040141800a68fba
:108248008800a68f8c00a78f8000a48fcf48400f8e
:108258008400a58f25304000253860002520400285
:108268002939400f2528600225904000060000109b
:1082780025986000cb03c22811004014cb030224c8
:10828800f0ffc2148800a68f7c00bf8f2510400223
:10829800251860027800be8f7400b78f7000b68f03
:1082a8006c00b58f6800b48f6400b38f6000b28f24
:1082b8005c00b18f5800b08f0800e0038000bd2734
:1082c8003000a28f2000ae8f2400a48f3400a78f27
:1082d80019004e0021f09e0223a0de001000a88f96
:1082e8001400b78f125000004000aaaf4000ad8fb5
:1082f800105800004400abaf1900440012100000f1
:10830800101800001900ee001078000021506f00ce
:108318001270000021284e002b58a2001900e4001a
:108328004400a28f21586a012178a2002b38e2016b
:108338001220000021588b002b50640110280000e7
:1083480021386701215045012b18eb00ae00801a37
:1083580021b06a004000822a7f004050c0ff942666
:10836800252000012528e002253080025400a7af0f
:108378005000afaf4c00adafb6c8400f4800a8af33
:108388004800a88f400006242528e0022520000187
:108398002330d40025804000a7c8400f4000a3af79
:1083a8004000b98f4c00ad8f5000af8f5400a78f9d
:1083b8002540400025b860002c00a28f3c00b18ffa
:1083c800268822021c00a28fba0051142370b00123
:1083d80021700d022b58d00121782f0321a06f01a5
:1083e8002b10990225a8c00107004014010004249d
:1083f80005003457252000002b80d001030000160b
:108408002148070125200000214807012bc0280129
:108418002118f6022148890021c003032b202401da
:1084280021c0980025202001252800034800a9af75
:108438002bb8400f4000b8afffff5324400006247c
:108448002330d3002520a002a7c8400f252880028a
:108458004800a98f4000b88f2530600225202001f0
:108468002528000325804000b6c8400f25906000ed
:10847800253060022520a0022528800225800202de
:10848800b6c8400f25904302251043002b10020068
:108498004000de272580020223f0d30325200002b6
:1084a8000500201225284002232010002b1004006c
:1084b800232812002328a200925f400f000000002a
:1084c80025b04000c4fbc22bfb00401025b860005b
:1084d800c3fb0224fe00c21780251000b80020123a
:1084e800039d023c039d023c303c548c343c558c2b
:1084f8002530c0022538e002252080027686400f0c
:108508002528a002b100401440151000039d023c2c
:10851800383c468c3c3c478c2520c002cf48400f55
:108528002528e002252860001190400f25204000f2
:1085380053a5400f25204000039d043c403c868cf9
:10854800443c878c25286000cf48400f25204000f8
:1085580046ff0010259040004d008012c0ffde2429
:108568004000822a460040104c00a7af40000d246e
:108578004000a48f23a8b4012528e0012530a002db
:108588005000a8afb6c8400f4800afaf4800af8f43
:108598004000a48f253080022528e001a7c8400f9d
:1085a800258843004c00a78f2528c0022530a0024b
:1085b8002520e0002b88110025806000b6c8400ff8
:1085c800258822024c00a78f2578030225682202fd
:1085d8002520e0002528c002253080024800adafe4
:1085e800a7c8400f4000afaf2538400025b0600055
:1085f8002580000025c800004000af8f4800ad8fdf
:108608006dff00105000a88f2388c6032300201296
:10861800258000014000222a240040500100102437
:1086280040000624252000012528e0022330d1003f
:108638005000a7af4c00afaf4800adafb6c8400f71
:108648004000a8af4000a88f258043002528e002fd
:1086580025200001a7c8400f253020022b801000dc
:108668002580020225c860002540000025b80000ca
:108678004800ad8f4c00af8f4fff00105000a78f00
:1086880001000d24257800002538000025b00000e1
:108698002580000048ff001025c8000025c8e0021a
:1086a8002540000044ff001025b80000fcff001022
:1086b80025c800002b18ae012358f90123a0630137
:1086c8002b10f40125a8c00101000624070040145e
:1086d8002520000005008f56253000000400601496
:1086e8002318e80025300000252000002318e800a2
:1086f8002b10e30023c0d70223c0020323486600df
:108708002b18690023c0040323c0030315000107c5
:108718002510380123700d022b800e0223582f03d9
:108728002338070123a070012b1007012318f60234
:108738002548d4012130e600231862002b4809009f
:108748002b38c700211064002348c9002110e2001b
:108758002b30c90025a8c00123c046000100312ed6
:108768002510380130ff4014252020012510b402bf
:10877800b3fe40102520a0022bb8400f2528800208
:10878800ffff53240800610625306002c01714005b
:1087980042801500258050000100ae3225800e026f
:1087a8003dff0010429014002520a002b6c8400fdb
:1087b800252880022580400037ff001025906000a2
:1087c800283c548c4aff00102c3c558c3b00401030
:1087d8002530c003c0171200422010002520440095
:1087e80042281200010010320040023c252090006f
:1087f8000500201225284500232004002b10040022
:10880800232805002328a200925f400f00000000e3
:108818002530400025386000252040002939400fc8
:108828002528600025204000253080022538a00238
:108838002739400f2528600025804000039d023c11
:10884800403c468c443c478c25200002252860008b
:10885800cf48400f2588600025304000253860004b
:1088680025204000cf48400f252860002530000211
:1088780025382002252000022528200225904000c6
:108888002739400f259860002530400025386000c2
:1088980025204002cf48400f2528600225204000af
:1088a80025300002253820022939400f252860008c
:1088b80025b0400025b860002530c0032520c0023f
:1088c8004692400f2528e00268fe001025904000df
:1088d8008015120082821000258050002b20040091
:1088e8002520900025284002821504000448057cb4
:1088f80025284500050020128022040023200400ba
:108908002b100400232805002328a200925f400fa3
:0c89180000000000e7ff001025b0400048
:020000040000fa
:020000041d00dd
:10892400b8ffbd272500a22c2c00b3af2800b2af9e
:108934004400bfaf4000beaf3c00b7af3800b6af95
:108944003400b5af3000b4af2400b1af2000b0aff5
:108954005800b38f070040105c00b28f010002245e
:108964002580800025f0a00025a0c0000500a214e9
:108974002000112400a0023c160003244f00001024
:10898400fc2a43ac3c00028e4c00038e2b1843009f
:1089940020006010010043243c0003ae0000489016
:1089a400f8ff1111f7ff02250500422cf6ff405491
:1089b4003c00028ed5ff02254408027c0b004014c3
:1089c40025a800003c00028e4c00038e2d001539b2
:1089d4000100b52e2b1843001200601023a81500c7
:1089e400010043243c0003ae000048901100c01372
:1089f4004c00038e100002245b00c217029d023c4f
:108a0400300002240f0002513c00028e5600001078
:108a1400029d023c7b88400f25200002e0ff0010ed
:108a2400254040007b88400f25200002efff001006
:108a340025404000300002244a0002550a001e244a
:108a44003c00028e2b1843002c00601001004324cc
:108a54003c0003ae00004890200002357800032457
:108a640036004314000000003c00028e4c00038ecc
:108a74002b18430025006010010043243c0003ae82
:108a840000004890029d023ce92d4224211002017d
:108a9400000042901000422cb700401410001e2425
:108aa4004c00028e5c014010000000001b0080128c
:108ab4003c00028efeff42243c0002ae25880000ea
:108ac40025b800004400bf8f251020022518e002bd
:108ad4004000be8f3c00b78f3800b68f3400b58f8e
:108ae4003000b48f2c00b38f2800b28f2400b18fd4
:108af4002000b08f0800e0034800bd277b88400faa
:108b040025200002d4ff0010254040007b88400f40
:108b140025200002dbff001025404000ffff422417
:108b24003c0002ae253000002538000057c3400f3a
:108b340025200002e2ff0010258800008e00c053ab
:108b440008001e240a0002248c00c257ffffd1270c
:108b54009919143c25880000999994361a0000103c
:108b64000a001624029d023ce92d42242110020130
:108b7400000042902b105e00f3ff40140a00022410
:108b840004006010253000003c00028effff4224e8
:108b94003c0002ae2538000057c3400f25200002d8
:108ba40075ff001000a0023c218868003c00038e81
:108bb4002b1062005c004010d0ff312601006224bb
:108bc4003c0002ae00006890d0ff03250a00632c2d
:108bd400040060104c00028e2b183402f2ff601463
:108be400021836729919143c9a9994369999163c3c
:108bf40025b80000ffff89269a99d636d0ff0225b2
:108c04000a00432c2e0060104c00068e2b18f40230
:108c140012006050029d143c0400e9160a0003246b
:108c24002b1836020c0060100a000324190071008e
:108c3400ffff0a2410280000122000000238777079
:108c44002128e5003c00aa14271802002b18640010
:108c54003a00605021884400029d143ce92d94267a
:108c640021401401000002912b105e0015004050b9
:108c74004c00028e3c00028e4c00038e2b184300e5
:108c8400cd006010010043243c0003ae000042907c
:108c940021108202000042902b105e00f6ff405427
:108ca4003c00028e00a0023c22000324fc2a43acb8
:108cb400010062322588600225b840020ba8020038
:108cc4004c00028e050040102b10f2023c00028e74
:108cd400ffff42243c0002ae2b10f202c7004014f6
:108ce400ffff022405005716010062322b103302e5
:108cf400c2004014ffff022401006232b20040149b
:108d04002b105702b000a01622000324ffff712687
:108d140000a0023c2b983302ffff5226fc2a43acee
:108d240068ff001021b872027b88400f25200002e2
:108d3400a5ff001025404000218844003c00028e1d
:108d44002b3824022b3046000500c01021b8e50062
:108d5400010043243c0003aea8ff0010000048902b
:108d64007b88400f25200002254040009919023cd1
:108d7400a2ff001099994934ffffd127029d143caa
:108d840024883e0284002016e92d9426170002242c
:108d94000210c273029d033cdc2d63240008163cc0
:108da4004011427c21104300000042801000a2af19
:108db40021108802000044902b109e0004004010f3
:108dc4004c00038e2b103602280040141000a28f92
:108dd4001000a68fffff0424ffff0524a7c8400f3f
:108de4001800a8af1800a88f25b800001400a2af7f
:108df40025b060002110880200004b902b107e01ea
:108e040095ff40104c000a8e2b10d70293ff40545c
:108e1400029d143c0500f6161000a68f1400a28fc4
:108e24002b1051008dff4054029d143c252020023c
:108e34002528e0021c00aaafb6c8400f1800abaf4b
:108e44001800ab8f1c00aa8f258862013c00028e9b
:108e54002b504a001200401125b860000100432441
:108e64003c0003aee3ff001000004890048851006a
:108e74003c00028e2b184300050060102588240254
:108e8400010043243c0003aec9ff001000004890d9
:108e94007b88400f25200002c5ff001025404000bc
:108ea4007b88400f25200002d2ff0010254040009f
:108eb400218883003c00038e2b1062003200401096
:108ec40000000000010062243c0002ae0000689033
:108ed40021108802000043902b207e0004008010a3
:108ee4004c00028e2b203602f1ff80140220d17335
:108ef40025b80000ffff16242110880200004290cc
:108f04002b185e0054ff60104c00068e19003e02c0
:108f1400122000000900e012102800001900d703f5
:108f2400125000002118aa002b186a0010580000e3
:108f340021186b0049ff6054029d143c25188000e1
:108f44002520a0000228fe722120a400040096140b
:108f5400272802002b28a30040ffa054029d143ca4
:108f6400218843003c00028e2b1823022b3046003c
:108f74000d00c01021b86400010043243c0003ae7e
:108f8400ddff0010000048907b88400f2520000280
:108f9400cfff0010254040001c07163c2588000028
:108fa400cbff0010c771d6267b88400f2520000216
:108fb400d1ff0010254040007b88400f252000028f
:108fc40034ff0010211082020700401400a0023c6c
:108fd4000a00f216ffff02242b1071020700401052
:108fe400ffff022400a0023c22000324fc2a43ac1d
:108ff40025886002b3fe001025b84002b2fea21616
:109004004400bf8f238811002b1011002338170050
:10901400adfe001023b8e200a9fe805625880000aa
:08902400c1fe00102530000020
:020000040000fa
:020000041d00dd
:10902c0098ffbd276400bfaf6000beaf5c00b7af58
:10903c005800b6af5400b5af5000b4af4c00b3af4e
:10904c004800b2af4400b1af4000b0af0800908c04
:10905c005f0100522800a0af0400918c5c012052eb
:10906c002800a0af2800228e590140502800a0af44
:10907c000c00968c5601c0522800a0af1000928ca8
:10908c006201401200a0023c0000898c1400838c09
:10909c008c2149ac8c214224040051ac080050ac0a
:1090ac000c0056ac100052ac140043ac0000c38e44
:1090bc0001000224090062102510c002feff4326a5
:1090cc00ffff05240100062432006510080042242d
:1090dc000000448cfcff8614ffff63240400578cb3
:1090ec002e00e01200a0023c0c00e28e2b0040107f
:1090fc0000a0023c1000e28e2800401000a0023cb0
:10910c001400e28e240040102528000062c6400f97
:10911c002520e00225f0400000a0023c5801c013bd
:10912c00b0215eac0000e38e00a0023cb42143ac45
:10913c000800c28f6c0006242528000209f84000a4
:10914c002520c00324004010108182af253000027e
:10915c00252820020bc0400f2520c00338004014e6
:10916c002800a2afb5d1400f030011242b004014ee
:10917c0000000000b5d1400f000000000b014014ae
:10918c00000000009f7f400f000000001001001045
:10919c002800a0af25b8000000a0023cb5d1400fbc
:1091ac00b02140acf3ff401001001124b3d1400fab
:1091bc00000000000200e012253000000000e68ee6
:1091cc00019d053ce8d3a524a2a3400f2520400017
:1091dc00e8ff001001001124b5d1400f020011244a
:1091ec00e4ff401000000000b3d1400f000000006d
:1091fc00c03010002330d000803006002330d00067
:10920c0080300600019d053c18d4a524a2a3400f74
:10921c0025204000d7ff001000000000b3d1400f04
:10922c00000000002530c003019d053c58d4a52446
:10923c00a2a3400f25204000ceff0010000000002c
:10924c0000a0023ca42150aca4214224080052ac42
:10925c001101001a1081938f25a0200225a800006f
:10926c002530000025286002f45b400f2520800289
:10927c00110040106c0073260100b526f8ff15167e
:10928c00380094261081938f00a0033ca821678c92
:10929c002548600225500000254000004400268d22
:1092ac0001000825290008126c0029252520200121
:1092bc002100001025180001b5d1400f000000005e
:1092cc000700401400000000b5d1400f0000000062
:1092dc000c00401400000000a6ff00100400112434
:1092ec00b3d1400f000000002530a002019d053cc9
:1092fc008cd4a524a2a3400f25204000f2ff00101f
:10930c0000000000b3d1400f0400112425300002ee
:10931c00019d053cd0d4a524a2a3400f25204000dc
:10932c0094ff001000000000255040000100632451
:10933c00daff03126c0084244400858cfcffa654d5
:10934c0001006324f8ff00100100e7240200401123
:10935c0000a0023ca82147ac00a0023ca821428cf2
:10936c00d10040146c006526060000100100062494
:10937c002a10d000210040500c8180af0100c6247f
:10938c006c00a524acffa48cf9ff80102510a00064
:10939c002a38d0001800e0102518c0001800b48c32
:1093ac000600941001006324f4ff03126c004224a5
:1093bc001800548cfcff941401006324b5d1400fa9
:1093cc0000000000030040140000000069ff0010c2
:1093dc0006001124b3d1400f060011242530800261
:1093ec00019d053c54d5a524a2a3400f2520400087
:1093fc0060ff0010000000000c8180af1800a0afcf
:10940c001c00a0af2000a0af00a0023ca421428c05
:10941c00230040186200732625a00000039d023c27
:10942c00f8a842243000a2af019d023c98d54224fa
:10943c003800a2af00a0023c3400a2aff6ff74a625
:10944c0007006292801002001800a3272118620006
:10945c002c00a3af0000758c3000a48f21104400a9
:10946c001000b5af0000478c3800a68f070005240c
:10947c0069ce400f25206002060060a20100b526cf
:10948c002c00a38f000075ac010094263400a28f31
:10949c00a421428c2a108202e8ff40146c0073262f
:1094ac00700206242528000000a0043c50a6400fa2
:1094bc001c1f8424f48080af00a0023c0000e88ec6
:1094cc000400e78e0800e68e0c00e58e1000e48e9a
:1094dc001400e38e741e48ac741e4224040047ac86
:1094ec00080046ac0c0045ac100044ac140043ac76
:1094fc0000a0133c8c1e73269000742629d1400fbb
:10950c00252060020c007326fcff741600a0023ca0
:10951c00c02140ac4100001a1081978f25a000009b
:10952c0000a0133c0d000010a4217326140077ae8c
:10953c00180074ae253840022530c00225282002c0
:10954c003a40400f25206002320040100100942662
:10955c006c00f7263100141238003126f2b1400f9e
:10956c002000248e25a840004408027c010003241e
:10957c00eeff4350200075aeb5d1400f070011240b
:10958c00fcfe401000000000b3d1400f00000000b2
:10959c002530a002019d053ca0d5a524a2a3400f17
:1095ac0025204000f3fe001000000000b3d1400f56
:1095bc000000000025302002019d053c00d6a524aa
:1095cc00a2a3400f25204000eefe0010000000007a
:1095dc002800a28f6400bf8f6000be8f5c00b78f25
:1095ec005800b68f5400b58f5000b48f4c00b38f19
:1095fc004800b28f4400b18f4000b08f0800e003e8
:10960c006800bd27f2ff00102800a0aff0ff00108b
:10961c002800a0afd7fe0010080011241800c28f3c
:10962c0009f840002520c003258040000008422c8a
:10963c00e8ff40102800a28fb5d1400f00000000b9
:10964c000200422ce3ff40542800a28fb3d1400ffc
:10965c000000000025300002019d053cd4d5a52456
:10966c00a2a3400f25204000daff00102800a28f93
:10967c00b3d1400f00000000d1fe00100000e68eb8
:10968c00b5d1400f00000000f9ff401400000000ad
:10969c00b8fe00100100112400a0023ca821428c4d
:1096ac0056ff40500c8180afb5d1400f05001124fe
:1096bc00b0fe401000000000b3d1400f00000000cd
:1096cc0000a0033ca821668c019d053c10d5a52467
:1096dc00a2a3400f25204000a6fe001000000000b1
:020000040000fa
:020000041d00dd
:1096ec0038ffbd27c400bfafc000beafbc00b7afd2
:1096fc00b800b6afb400b5afb000b4afac00b3af08
:10970c00a800b2afa400b1afa000b0af5881928f47
:10971c0093014012019d023c2c5342248800a2afbd
:10972c00039d023c6cca42249400a2af039d1e3cd4
:10973c00a0000010c8cade27150040a2039d113cf2
:10974c0080ca312612005326030006240000258e01
:10975c008bc4400f25206002ae0040500c0051ae6f
:10976c000c003126f9ff3e16030006248e00001073
:10977c00100040a6320002120a000224300002122d
:10978c0008000224170102127f0002244501021274
:10979c001b00022461010212200051261c00428e83
:1097ac00231851005000632c600160500000c28ee1
:1097bc001800478e233847001100e050720040a279
:1097cc000600e01823204700ffff422400004390ce
:1097dc00fdff4414010043a01c00428e01004324f1
:1097ec001c0043ae010040a01800468e0100c624a8
:1097fc00019d053cf453a524e5cd400f7200442691
:10980c00710050a20000c28e7100452609f840007c
:10981c002520a0021800428e01004324180043aefc
:10982c00000050a01800438e1c00428e2b104300e9
:10983c005d0040541c0043ae5c0000100800528eca
:10984c00200057261c00428e1a005710019d053c23
:10985c000000c28ea452a52409f840002520a002c5
:10986c001c00428e000040a01c0057ae180057aee2
:10987c006400a0af6800a0af6c00a0af7000a0aff8
:10988c007400a0af7800a0af7c00a0af8000a0afa8
:10989c000400428e8c00a2af510006242528e00261
:1098ac00f9cd400f1000a4272598000026000010c9
:1098bc001000b0270000c28e019d053c3852a52433
:1098cc0009f840002520a002380000100800528e34
:1098dc000100732604009426258000008800a58fc3
:1098ec0056a9400f25200002050040100800632ee9
:1098fc00f8ff605001007326f5ff0010000082aee7
:10990c001b0020120100312622000524ebca400f57
:10991c0025202002ac0040500000428ea9002212eb
:10992c000800632e05006010000040a08018130092
:10993c001000a42721188300540071ac010050249e
:10994c000b0000120100732622000524ebca400f05
:10995c00252000020200401025884000000040a095
:10996c0080a013006400a227dcff001021a054008b
:10997c000900622a36004014080006240000428eba
:10998c000400428c019d053c3053a52409f840008d
:10999c008c00a48f0000c28e019d053cd053a524e1
:1099ac0009f840002520a0020800528eed0040125c
:1099bc00010002240000568e0400558e0c00c28e4d
:1099cc0009f840002520a002f8ff40500800528ef4
:1099dc001000c28e09f840002520a002258040000e
:1099ec001000428663ff40500d00022421184202f1
:1099fc00120070a0010042242086027c0300022485
:109a0c004dff0212100050a60300022ae7ff40543b
:109a1c000800528e0c00518e0800228ee3ff025675
:109a2c000800528e0000258e3388400f1200442609
:109a3c00ddff4054100040a60400228e2528200291
:109a4c0009f8400025204002d7ff0010100040a666
:109a5c0008006016019d053c0000428e0000428cff
:109a6c006853a52409f840008c00a48fcaff00108d
:109a7c000000c28e5400605a0000428ecc00428e10
:109a8c00d000508e28005050d00040ae0400038e01
:109a9c00d00043ae000062accc00428ed000438eae
:109aac00040043ac510006242528e002f9cd400ff8
:109abc0008000426cc00428e1e004050d00050ae50
:109acc00000002aed000428e040002ae000050ac8a
:109adc00cc00428e040050accc0050aed40040ae52
:109aec006400a28f9000a2af039d103c48ca1026c0
:109afc000000058e3388400f9000a48f1100405059
:109b0c000400028e0c0010269400a28ff9ff02565e
:109b1c000000058e00a0173c5816f7268000e226a0
:109b2c00190000109800a2afcc0040aeddff001071
:109b3c0025804000cc0050ae040010aee7ff0010b2
:109b4c00000010ae6400a6272528600209f840002a
:109b5c002520400290ff00100000c28e0400028eef
:109b6c006400a6272528600209f840002520400241
:109b7c0089ff00100000c28e1000f7269800a28ffb
:109b8c001100e2520000428e0400f08efbff0052e6
:109b9c001000f7260000f48ef7ff801a25880000cd
:109bac000000058e3388400f9000a48febff40100f
:109bbc0001003126faff34160c001026efff0010be
:109bcc001000f7260000428e0000428c019d053cdf
:109bdc00a053a52409f840008c00a48f6eff001040
:109bec000000c28e1800438e200042262b1043002a
:109bfc006eff40500800528e1c00448e2b106400e7
:109c0c001d0040500000c28e233883000700e0186e
:109c1c00ffff6224ffffe4242118640001004224aa
:109c2c0000004490fdff4314ffff44a01800428e37
:109c3c00ffff4224180042ae1c00428effff43245b
:109c4c001c0043aeffff40a0710050261800468e4a
:109c5c00019d053cd453a524e5cd400f25200002e1
:109c6c000000c28e2528000209f840002520a00221
:109c7c004eff00100800528e019d053ce053a524b8
:109c8c0009f840002520a0021800428effff422454
:109c9c00180042ae1c00428effff422442ff00100f
:109cac001c0042ae1c00438e1800428e2b20430039
:109cbc003eff80500800528e010047242338670075
:109ccc000700e0581c00428e21204700010042246e
:109cdc0000004390fdff4414ffff43a01c00428e84
:109cec00ffff43241c0043aeffff40a07100502631
:109cfc001800468e019d053ce853a524e5cd400f88
:109d0c00252000020000c28e2528000209f8400020
:109d1c002520a00225ff00100800528e120042a23e
:109d2c000100022420ff0010100042a6019d053cfa
:109d3c00fc53a52409f840002520a0021c0051aebc
:109d4c00180051ae0000c28e019d053cd053a524d5
:109d5c0009f840002520a00214ff00100800528ec4
:109d6c0001000224c400bf8fc000be8fbc00b78f9f
:109d7c00b800b68fb400b58fb000b48fac00b38f01
:109d8c00a800b28fa400b18fa000b08f0800e00330
:049d9c00c800bd2717
:020000040000fa
:020000041d00dd
:109da00058ffbd27a400bfafa000beaf9c00b7af57
:109db0009800b6af9400b5af9000b4af8c00b3afcd
:109dc0008800b2af8400b1af8000b0af25808000c2
:109dd0000500a0102590a0001000062425280000f2
:109de00050a6400f25204002060000520100022428
:109df000e279400f25200002251840000d00601474
:109e000001000224a400bf8fa000be8f9c00b78f6a
:109e10009800b68f9400b58f9000b48f8c00b38fec
:109e20008800b28f8400b18f8000b08f0800e003fb
:109e3000a800bd271c00a0af2000a0af2400a0af49
:109e40002800a0af25280002211003020200001004
:109e5000200004240100a5240000a380fdff64105d
:109e600023804500f7ff63240500632cfaff60544c
:109e70000100a5240200001020000324ffff10268b
:109e8000253000022110b000ffff4280fbff43108d
:109e9000ffff1126f7ff42240500422cf8ff405433
:109ea000ffff10264100032ed7ff6010a400bf8fd4
:109eb000f9cd400f2c00a4272110b0032c0040a0a6
:109ec0002c00a4835b000324050083102c00a22730
:109ed00025884000218050000b0000102000042441
:109ee00021885100000024825d000324c5ff8314f3
:109ef00025100000000020a2feff1026f4ff001035
:109f00002d00a2270100312600002282fdff44100f
:109f100023181102f7ff42240500422cfaff405497
:109f200001003126211823021800a3af03000010fe
:109f300020000424ffff63241800a3af1800a38fa0
:109f4000ffff6280fbff4410f7ff42240500422c14
:109f5000f9ff4054ffff6324000060a0000023824b
:109f60003a0002244e006210ff00142400003382e5
:109f700057ce400f2520600293004010ff00703242
:109f80003a0002244f000212010031264429137cba
:109f900087006012d2ff0226ff0042300200422cee
:109fa000850040140d00022485000212f7ff0226ee
:109fb000ff0042300200422c7000a0af10000324ca
:109fc0003e0040147400a3af1000b6271400b7275a
:109fd0000100152423a8b6027000a28fff005e3096
:109fe0003a000224040102527800b1af8800001246
:109ff0002e000224dc0002122f000224c4000212f0
:10a000000d000224c40002120a000224c40002123d
:10a0100020000224c400021209000224c40002121b
:10a020002510c0023a0003242e0004242f0005242a
:10a030000d0006240a000724200008240900092432
:10a040002198a202000050a001003126ffff3092ab
:10a05000c8000312ff0073326f0000522110d302b8
:10a06000b50004527800b1af6b0005522110d30245
:10a07000690006522110d302670007522110d30253
:10a08000650008522110d302620009120100422427
:10a09000ecff57142198a2025aff0010251000006f
:10a0a000010024823a00032456ff83142510000087
:10a0b00002003126adff001025a0000002000010b4
:10a0c00025f0000025f00000ff0002244dff821261
:10a0d00025100000ffffc327ff0063302034147ced
:10a0e0002014037c2a1046001400405423189e02ba
:10a0f000080005242328be00401003001000a427f8
:10a10000211082000c00449421106500ff004230b1
:10a11000401002001000a7272110e2000c0044a408
:10a12000ffff6324ff0063302014037c2a104600e5
:10a13000f2ff40504010030023189e0207006324e2
:10a140002a2074000a0080142510800240100200aa
:10a150001000a427211082000c0040a401009426c6
:10a16000ff0094322a207400f8ff8010251080022e
:10a1700024ff4012010002241c00a58f2000a48fa0
:10a180002400a38f2800a28f030045aa000045ba2f
:10a19000070044aa040044ba0b0043aa080043bacb
:10a1a0000f0042aa0c0042ba16ff00100100022460
:10a1b000c5ff001025f00000c3ff001025f00000cf
:10a1c000c1ff001025f000000eff00102510000058
:10a1d0000cff0010251000000aff001025100000e1
:10a1e00008ff0010251000000100de275b56400f1d
:10a1f000ff00de337000a393401803002118c30250
:10a200000c0062a40a0002241d0000107400a2af1a
:10a21000259800022110d302000040a07400a68ff0
:10a220001800a527fdcc400f2520c002ffff4430b9
:10a23000730080147800b1af2198d3021800a28f68
:10a24000e3ff53140100de27ff00de335b56400faf
:10a25000252000007000a393401803002118c302ba
:10a26000210000120c0062a43a00022457000212de
:10a270007800a28f2c000224e2fe021225100000ba
:10a280007800a28f0100512400004280ff0050306e
:10a290003a000324150003520900c32f4429027c0d
:10a2a000120040100900c32fd2ff0226ff004230e7
:10a2b0000200422c0d004014000000000d0002249a
:10a2c0000a000212000000007000a28f0100422468
:10a2d0007000a2aff7ff0226ff0042300200422cbe
:10a2e0003eff40507000a28f0900c32fc5fe6010d2
:10a2f000251000000800c22f73ff4014ff00022445
:10a300009bff82120000000073ff0010ffffc327b5
:10a31000c0ff001025980000beff00102598000027
:10a32000bcff001025980000baff0010259800001f
:10a33000b8ff0010259800002110d302000040a0b3
:10a340000a0006241800a527fdcc400f2520c002d6
:10a35000ffff4430a4ff80142e0010240a000224c2
:10a36000b5ff00107400a2af7800b1aff2ff00108b
:10a37000259800007800b1af2110d302000040a062
:10a380000a0002247400a38f9efe621025100000b4
:10a390007400a68f1800a527fdcc400f2520c00211
:10a3a000ffff4430a4ff80103a0010240100de2794
:10a3b0005b56400fff00de337000a393401803008c
:10a3c0002118c3020c0062a47800a28f0000438011
:10a3d0003a000224abff62147800a28fff0002242f
:10a3e0007dff821625a0c0037800a28f01004224c1
:10a3f000a3ff00107800a2afdfff00102598000037
:10a400000100de275b56400fff00de337000a39390
:10a41000401803002118c302b3ff00120c0062a40d
:08a4200094ff00107800b1afb9
:020000040000fa
:020000041d00dd
:10a4280040fdbd27bc02bfafb802beafb402b7af94
:10a43800b002b6afac02b5afa802b4afa402b3afd6
:10a44800a002b2af9c02b1af9802b0af25f0800075
:10a45800000206242800a527f567400f24008484fd
:10a468002800a3272000a3af1c00a3af21b06200df
:10a478002400b6af0c0006241000a52752af400fe9
:10a488001c00a4270e0040148c02a2af8c02a28fdd
:10a49800bc02bf8fb802be8fb402b78fb002b68fae
:10a4a800ac02b58fa802b48fa402b38fa002b28ffa
:10a4b8009c02b18f9802b08f0800e003c002bd274c
:10a4c8005b56400f1000a4971000a2a75b56400fe0
:10a4d8001200a4971200a2a75b56400f1a00a49777
:10a4e8001a00a2a75b56400f1600a4971600a2a751
:10a4f8005b56400f1800a4971800a2a75b56400fa0
:10a508001400a4971400a2a71200a29303004230db
:10a51800290040148c02a28f25980000d700001053
:10a5280025a80000cf00a0161400a2970800401428
:10a538009402a2af200000108c02a28f1600a297ee
:10a548009402a2af9402a28fc90040500100b52620
:10a558000b01001025b800001800a297f9ff0010a1
:10a568009402a2af1e0000108802a2af008a110058
:10a57800003f3132010006247c02a52752af400f6c
:10a588008802a48f0b0040107c02a6932800a22703
:10a598007002a2af6c02a2af7402b6af21302602dd
:10a5a8002528000052af400f6c02a427edff40148d
:10a5b8006c02a2278c02a28f01005738ff00e232fa
:10a5c800b2ff00108c02a2af170040142590400083
:10a5d800230020569002b2af2188320221a09102b6
:10a5e800010006248602a52752af400f8802a48fd7
:10a5f800f0ff40108602b193e7002012c00022321b
:10a60800c0000324d9ff4310259020021600001231
:10a618006802a227231050002a185100eaff60148c
:10a6280023882202258800002530400225280002c0
:10a6380052af400f8802a48fdeff40102180120223
:10a648006802a2272b100202e1ff40102e0002240c
:10a65800000002a201009426ddff00100100102670
:10a6680002000010259020029002a0af2530400281
:10a678002528000052af400f8802a48fcdff40105c
:10a6880025884002d4ff00109002b28fc900001044
:10a69800ffff9426c70000102802b0277c02a527d8
:10a6a80052af400f1c00a427c3ff40108c02a28f9a
:10a6b8005b56400f7e02a4977e02a2a75b56400f0e
:10a6c8008402a4978402a2a75856400f8002a48f40
:10a6d8008002a2af5b56400f7c02a497050060126f
:10a6e8007c02a2a77e02a49701000324090083101c
:10a6f800000000008402a6972528000052af400ff2
:10a708001c00a4279b0040140100f726aaff001094
:10a718008c02a28f320043101c000324f6ff43145e
:10a728008402a6978402a39710000224f3ff621400
:10a73800252800002a00629202004230efff4010f4
:10a7480000000000270062922200c3972b104300ec
:10a75800eaff401000000000100006246c02a52744
:10a7680052af400f1c00a42793ff40108c02a28f09
:10a7780027006292001902001400628e2110430023
:10a788006c02a68f7002a58f7402a48f7802a38f23
:10a79800030046a8000046b8070045a8040045b8cd
:10a7a8000b0044a8080044b80f0043a80c0043b8a5
:10a7b8008002a28f1800638e2b204300040080546f
:10a7c800180062ae0300605427006292180062ae5f
:10a7d800270062920100422465000010270062a24f
:10a7e8008402a39704000224c3ff62148402a6977c
:10a7f800260062922000c3972b104300bfff401031
:10a8080025280000040006246c02a52752af400f3b
:10a818001c00a42768ff40108c02a28f26006392b8
:10a828001000628e80180300211043006c02a38f71
:10a83800000043ac8002a28f1800638e2b204300d7
:10a8480004008054180062ae03006054260062922f
:10a85800180062ae260062920100422444000010f3
:10a86800260062a254ffa0128c02a28f0100b52616
:10a87800040002240c00a2120000000001000224bf
:10a888002effa2120200a22a26ff40140200022470
:10a8980031ffa21203000224f2ffa2161a00a297a7
:10a8a80028ff00109402a2af43ff60128c02a28f0f
:10a8b8002400628e0478027c3fff40108c02a28f35
:10a8c800000062960442027c80004234000062a6c6
:10a8d8002a0060a22600629204004050270062927b
:10a8e800010002242a0062a227006292050040505b
:10a8f8001800628e2a006292020042342a0062a284
:10a908001800628e040040541c00c28fb004022458
:10a91800180062ae1c00c28f080062ae0c0062ae66
:10a928002600c297ffff42242600c2a721ff00107d
:10a938008c02a0af800063301fff60548c02a28f8e
:10a9480003006052259840001aff621625984000bf
:10a9580052ffa0160a000624040006242528000039
:10a9680052af400f1c00a42713ff40108c02a28f87
:10a978000100f7269402a28fbdffe2520100b5261e
:10a988002802a0a31c00a2278802a2af2802b02791
:10a9980013ff001025a00000070000122802a227bc
:10a9a8003cff02122e000224ffff038237ff625091
:10a9b800ffff1026000000a2fefe801a1000b097cc
:10a9c8002802a527d694400f0000c48f0400401029
:10a9d8000000000024004394d6ff70500000439408
:10a9e800dbff601200000000000062968000423029
:10a9f800d7ff40108c02a28ff0fe001001005738dc
:020000040000fa
:020000041d00dd
:10aa080018ffbd27d800b5af039d153cdc00b6afd5
:10aa1800d400b4afd000b3afcc00b2afc800b1af70
:10aa2800e400bfafe000b7afc400b0af259080002e
:10aa38002588c000b000a5af259800001000b627f3
:10aa4800250014242c47b526b000a58f0000a2804d
:10aa5800e5004010ffff02249400a2af800002240a
:10aa68009000a0af9800a0af9c00b6afa000a2af26
:10aa7800258000002110b000000042800300401033
:10aa880000000000fbff54540100102608000012cb
:10aa9800b000b78f2530000297be400f2520400236
:10aaa800b000a28f21105000b000a2afb000b78f45
:10aab8000000e282c5005454218070020100f7268c
:10aac800b000b7af2b0005242d0006243000032466
:10aad8002000072423000824b000a48f00008280ef
:10aae8001b0045509000a28f2c0049281e00201101
:10aaf80000000000180047509000a28f180048502e
:10ab08009000a28f2a0003241e0043500000228eca
:10ab1800b2b2400f000000009800a2afb000a38faf
:10ab280000006280d0ff42240a00422c210040101d
:10ab380001006324f9ff0010b000a3af0100423404
:10ab4800010084249000a2afe3ff0010b000a4af7e
:10ab5800fbff001004004234f9ff001008004234e3
:10ab6800f7ff001010004234f4ff46509000a28f07
:10ab7800e5ff43542a0003249000a28ff0ff001041
:10ab88000200423401008424b000a4af040043242e
:10ab98000000428c000023ae060041049800a2afda
:10aba8009000a38f231002009800a2af0100633821
:10abb8009000a3af9000a28f0100433004006050c2
:10abc800b000a28f4408027c9000a2afb000a28f10
:10abd8002e000324000044800d0083140100442447
:10abe8009400a0afb000a4af010045802a00032460
:10abf8002400a31402004224b000a2af0000228e59
:10ac0800040043240000428c000023ae9400a2af4d
:10ac1800aebe400fb000a427b800a2afb000a28f0c
:10ac28001cd0400f00004480690003247a004310c0
:10ac3800b800a58f6a0043282f0060107000032415
:10ac480063000324bc00431064004328180060100c
:10ac580064000324c5005410610003244e004350cf
:10ac68002530200225000224a800a2a3ffff022409
:10ac7800b000b7af9000a0af9800a0afb800001028
:10ac88009400a2afb2b2400f000000009400a2af3f
:10ac9800b000a38f00006280d0ff42240a00422c3b
:10aca800dbff401001006324f9ff0010b000a3afe0
:10acb8005900431068004228ebff40102500022489
:10acc80025302002dac1400fa800a42797004010c1
:10acd800b000a28fa800a6279000a5270100432452
:10ace800b000a3af00004780041a400f252040029f
:10acf80035000010218002027200431071004328c1
:10ad080014006010750003246e00032482004310b1
:10ad18006f000324d4ff43142500022425382002a1
:10ad280025300000c371400fa800a4277f00401001
:10ad3800b000a28fa800a6279000a52701004224f2
:10ad4800252040024d91400fb000a2af1e00001018
:10ad5800218002023e004310780003244a00431079
:10ad680073000324c0ff431425000224800002243a
:10ad78006e00a214b000a28f253800000100422402
:10ad8800b000a2af0000228e04004324000023aece
:10ad98005c0000100000468cdac1400fa800a42710
:10ada80062004010b000a28fa800a6279000a52737
:10adb80001004324b000a3af000047804e1e400f9f
:10adc8002520400221800202218070022a98130265
:10add8001dff60122598000200a0023c4f000324ca
:10ade800fc2a43acffff1324e400bf8f2510600248
:10adf800e000b78fdc00b68fd800b58fd400b48fd1
:10ae0800d000b38fcc00b28fc800b18fc400b08f10
:10ae18000800e003e800bd272538200201000624c9
:10ae2800c371400fa800a42740004010b000a28fb3
:10ae3800a800a6279000a52701004224252040024b
:10ae48004d7d400fb000a2afdfff0010218002024d
:10ae58002538200225300000c371400fa800a42720
:10ae680032004010b000a28fa800a6279000a527a6
:10ae78000100422425204002c7a0400fb000a2af25
:10ae8800d1ff001021800202253820022530000061
:10ae9800c371400fa800a42724004010b000a28f5f
:10aea80001004324b000a3af00004780a800a627f4
:10aeb8009000a5270a5e400f25204002c2ff00101f
:10aec800218002022538200225300000f0000524e8
:10aed800c371400fa800a42714004010b000a28f2f
:10aee800ac00a38f01004224b000a2afa800a28f3b
:10aef80025104300edff4014780007242538000092
:10af08002530a0029000a5277aa6400f25204002f0
:10af1800adff001021800202253820022130700286
:10af2800f595400fa800a427b000a28f0100422485
:10af3800a5ff0010b000a2af80000224fbffa214fe
:10af4800b000a28f01004224b000a2af0000228e00
:10af5800040043240000428c000023aea800a2a3f2
:10af680001000724e7ff0010a800a627800002249c
:10af7800eeffa214b000a28fa800b4a301004224df
:08af8800f7ff0010b000a2afba
:020000040000fa
:020000041d00dd
:10af900000a0033ca009628c0700422c590140101c
:10afa0000000000080ffbd277c00bfaf7800beaf6f
:10afb0007400b7af7000b6af6c00b5af6800b4af47
:10afc0006400b3af6000b2af5c00b1af5800b0af87
:10afd000a009628c80180200019d023cf0af42245f
:10afe000211043000000428c0800400000000000d7
:10aff00054b0009dfcb0009d0cb0009da8b1009d18
:10b00000d8b1009d14b2009d54b2009d00a0023c36
:10b01000a0094324ffff0424060064a403000324c2
:10b02000a00943ac7c00bf8f7800be8f7400b78f3f
:10b030007000b68f6c00b58f6800b48f6400b38f5a
:10b040006000b28f5c00b18f5800b08f0800e00341
:10b050008000bd2700a0023ccace400fd42a448cf9
:10b060001e00400402000324efff43147c00bf8f46
:10b0700067d1400f000000001400401825a04000d8
:10b0800025800000019d133c1012732647c5400f18
:10b09000252000022588400033ce400f25204000a7
:10b0a000259040006ad1400f25202002253840001d
:10b0b0002530400225286002a2a3400f2520000071
:10b0c00001001026f1ff90160000000000a0023cd5
:10b0d00001000324d3ff0010a00943ac019d053cef
:10b0e000e411a524e9b8400f2520000000a0023c8f
:10b0f00007000324cbff0010a00943ac67d1400f29
:10b10000000000002400401825a840002588000009
:10b11000019d143c40129426019d133c501273264d
:10b1200047c5400f252020022590400035ca400f1a
:10b1300025204000bcff40107c00bf8f6ecc400f2c
:10b14000252040022580400033ce400f25204002bc
:10b1500025284000e9b8400f25200000252880025e
:10b16000e9b8400f25200000021610001400a2af1d
:10b17000003c027e1000a2af003a077eff000632bc
:10b1800025286002a2a3400f2520000001003126df
:10b19000e3ffb1160000000000a0023c02000324ff
:10b1a000a0ff0010a00943ac06000624640005249b
:10b1b0008567400f02000424ffff032499ff43101a
:10b1c00000a0033ca0096424040082a4040002241b
:10b1d00094ff0010a00962ac130902241a00a2a770
:10b1e0000001023c1c00a2af100006241800a52795
:10b1f00000a0023ce772400fa4094484ffff03242f
:10b2000088ff431000a0023c0500032485ff0010c6
:10b21000a00943ac0100052400a0023c5a5a400f8b
:10b22000a409448480ff40547c00bf8f00a0023cee
:10b2300006000324a00943ac13090624019d053c24
:10b240006012a524a2a3400f2520000076ff001065
:10b250007c00bf8f100002244800a2af00a0023c77
:10b26000a6094484ffff02241100821000a0023cc2
:10b27000aa0944a4253800001e0006246b6d400f67
:10b280001800a5271700401c1800b02766ff4014bf
:10b290007c00bf8f00a0103ca00910269360400fd7
:10b2a00006000486ffff02245eff0010060002a6cf
:10b2b00000a0103ca00910264800a6273800a527aa
:10b2c0006568400f0400048625204000060002a6a1
:10b2d000ffff022454ff82107c00bf8fe4ff0010a8
:10b2e00000a0023c21a0500000a0123ca009522660
:10b2f000019d023cdc1242245000a2af019d173c8c
:10b300006f005e2600a0163c45000010a001d62666
:10b31000a68180a701000224a48182a34e65400f6c
:10b3200025202002a48180a3a68182973a00405064
:10b330000100102691b1400f2520a0023600001018
:10b34000010010266c0042962e004010211042028f
:10b350000c0040a0a68180a701000224a48182a342
:10b360008c12e52600a0043c3388400fac098424ed
:10b370004600401400a0113c6e0443961a00601071
:10b38000019d053c00a0023c0e0a4224ffff6424fc
:10b39000ffff84302120c4032518000004000010a2
:10b3a00001000724010042240b008210000000006d
:10b3b000ff07652cfcffa05001004224010065241a
:10b3c0002118760000004690000066a0ffffa33021
:10b3d000f4ff00102598e00006006056a68183a7c0
:10b3e00005000010a48180a39412a524e9b8400fa1
:10b3f00025200000a48180a391b1400f2520a00248
:10b400006c0040a6b9d1400f000000002d00405054
:10b41000a68180a70100102603ff90127c00bf8f39
:10b420000a005586b9d1400f00001182b8ff4014c0
:10b43000259840000d000224c2ff22120a000224b7
:10b44000c0ff221208000224280022127f000224da
:10b4500026002212e0ff2226ff0042305f00422c2d
:10b46000edff4050010010266c0042965f00432c17
:10b47000e9ff605001001026010043246c0043a640
:10b4800021104202e3ff00100c0051a00000400f09
:10b49000ac092426019d053ca412a5243388400f45
:10b4a000ac092426d4ff4054a48180a3019d053c0f
:10b4b000ac12a524e9b8400f25200000ceff0010f3
:10b4c000a48180a301000224a48182a35000a58f3f
:10b4d000e9b8400f25200000a48180a391b1400f5e
:10b4e0002520a002ccff0010010010266c0042961f
:10b4f000c9ff405001001026ffff4224c5ff001085
:0cb500006c0042a60800e0030000000000
:020000040000fa
:020000041d00dd
:10b50c0068febd279401bfaf9001beaf8c01b7aff1
:10b51c008801b6af8401b5af8001b4af7c01b3af85
:10b52c007801b2af7401b1af7001b0af0000978c6d
:10b53c000f00023c404242241301e2122588800095
:10b54c002580a00025a0c000030002248c00a2a32b
:10b55c001101c0109000b7af1f00d5302ba81500fb
:10b56c004211060021a8a202080082241001a32780
:10b57c003800882403004788000047980700468855
:10b58c00040046980b004588080045980f00448835
:10b59c000c004498000067ac040066ac080065ac75
:10b5ac000c0064ac10004224f2ff48141000632419
:10b5bc000300448800004498000064ac04004490ec
:10b5cc00040064a005004490050064a006004290ad
:10b5dc000e01a01e060062a0310000100100122412
:10b5ec00370006242528c0022755400f9400a427b5
:10b5fc0029004014259040004801a5279a49400f86
:10b60c009400a42725904000c5d1400f9400a42796
:10b61c00230040164801a28f6801a2af0000228ec1
:10b62c000200422c040040146801a28f0400238ef7
:10b63c003600625080002292800020a26801a28f06
:10b64c00040022ae0b000052010073260900805248
:10b65c00010073262000822e340040102530800219
:10b66c004801a5278879400f2520000225a000005d
:10b67c00010073262a1075020a0040101001a2273f
:10b68c007c00268e7800258e35ad400f9400a427c3
:10b69c00d3ff401025904000c5d1400f9400a42743
:10b6ac001001a2274701a327000040a0010042245b
:10b6bc00fdff43140000000048004012010010245c
:10b6cc009400a327b400a227000060a0010063240b
:10b6dc00fdff6214000000002b1010009401bf8fbe
:10b6ec009001be8f8c01b78f8801b68f8401b58f06
:10b6fc008001b48f7c01b38f7801b28f7401b18f4c
:10b70c007001b08f0800e0039801bd27a0005e1007
:10b71c00ffffa226261053000100422c21a8a202f2
:10b72c0001000224c7ff0010800022a24801a98f4b
:10b73c004c01a88f5001a78f5401a68f5801a58fdb
:10b74c005c01a48f6001a38f6401a28f030009aa7e
:10b75c00000009ba070008aa040008ba0b0007aadf
:10b76c00080007ba0f0006aa0c0006ba130005aab7
:10b77c00100005ba170004aa140004ba1b0003aa8f
:10b78c00180003ba1f0002aa1c0002bae0ff94269c
:10b79c00200010264601a29301004224ff004230f3
:10b7ac00b3ff40144601a2a34501a32702000010d9
:10b7bc002520c002251840000000629001004224a0
:10b7cc00ff004230aaff4014000062a0f9ff64148d
:10b7dc00ffff6224a7ff0010010073267c00268e59
:10b7ec007800258e35ad400f1000a42707004010bf
:10b7fc0025804000c5d1400f1000a4270000228ee8
:10b80c0001004224aeff0010000022ae010006240d
:10b81c008c00a5272755400f1000a427f5ff4014d6
:10b82c002580400037000624080025262755400fa8
:10b83c001000a427efff4014258040009400a5279a
:10b84c009a49400f1000a42725804000c5d1400f15
:10b85c001000a427e9ff0016b300a5273e002426fc
:10b86c009400a82725188000020000102510000065
:10b87c002528c000000066900000a7902130c7006a
:10b88c0021104600000062a0007a427cffff632476
:10b89c00f7ffa814ffffa6240c0040100700262673
:10b8ac001e0023260000659021104500ffff42304a
:10b8bc00000062a00212020005004050070026267c
:10b8cc00ffff6324f8ffc354000065900700262691
:10b8dc002510800025180000000045903700479087
:10b8ec002128a70021186500000043a0ffff422477
:10b8fc00f9ff4614007a637c02121700ff00033c28
:10b90c00ff00632424104300001a170000ff053cbd
:10b91c0000ffa534241865002510430002142200f2
:10b92c009000a2af9000a2278c00a8272518000039
:10b93c0000008590030047902128a700211865007e
:10b94c00000083a0007a637cffff4224f8ff0215fd
:10b95c00ffff8424a9ff60103a00222600004490c7
:10b96c0021186400ffff6330000043a0021a03009b
:10b97c00a2ff6010ffff4224f9ffc2540000449064
:10b98c009fff00100000228e54ff001002000224c2
:10b99c004bff001003001024080082241001a32781
:10b9ac003800882403004788000047980700468821
:10b9bc00040046980b004588080045980f00448801
:10b9cc000c004498000067ac040066ac080065ac41
:10b9dc000c0064ac10004224f2ff481410006324e5
:10b9ec000300448800004498000064ac04004490b8
:10b9fc00040064a005004490050064a00600429079
:10ba0c00060062a0010014240100152425980000f2
:0cba1c001001b6271aff001001001e24c4
:020000040000fa
:020000041d00dd
:10ba2800d82300a014010000010000003428029d62
:10ba380000000000000000000000000000000000fe
:10ba480000000000000000000000000000000000ee
:10ba580000000000000000000000000000000000de
:10ba680000000000000000000000000000000000ce
:10ba780000000000000000000000000000000000be
:10ba880000000000000000000000000000000000ae
:10ba9800000000000000000000000000000000009e
:10baa800000000000000000000000000000000008e
:10bab800000000000000000000000000000000007e
:10bac800000000000000000000000000000000006e
:10bad800000000000000000000000000000000005e
:10bae800000000000000000000000000000000004e
:10baf800000000000000000000000000000000003e
:10bb0800000000000000000000000000000000002d
:10bb1800000000000000000000000000000000001d
:10bb2800000000000000000000000000000000000d
:10bb380000000000000000000000000000000000fd
:10bb4800280000a004000000000000004c2800a00d
:10bb58007400000000000000b42700a09800000056
:10bb6800000000002c0000a00800000000000000f9
:10bb7800340000a02000000000000000702900a090
:10bb88004800000000000000000000a006000000bf
:10bb980001000000ffffffffffff0000b82900a021
:10bba8003800000000000000540000a02000000041
:10bbb80000000000080000a00400000001000000d0
:10bbc80001000000f02a00a00a00000000000000a8
:10bbd800740000a018000000000000008c0000a005
:10bbe80028000000000000000c0000a00900000070
:10bbf800010000009c0000a00000000004000000fc
:10bc0800f02900a02c00000000000000b40000a0f3
:10bc18001e000000000000001c2a00a028000000f0
:10bc280000000000d40000a0080000000000000090
:10bc3800442a00a02800000001000000bb01030006
:10bc4800d10101004b020100330203007c02030012
:10bc5800dd030300de030300e0030300e10301004a
:10bc6800b3220100741e00a054030000000000006d
:10bc7800dc0000a02800000000000000180000a060
:10bc88000400000001000000ffffffff040100a006
:10bc98000400000000000000080100a01c000000d3
:10bca80000000000902a00a0200000000000000012
:10bcb800240100a00400000000000000d81a00a021
:10bcc8009c03000000000000280100a008000000fc
:10bcd80000000000300100a00e000000000000007d
:10bce800140e00a04408000000000000581600a030
:10bcf8008004000000000000400100a010000000c7
:10bd080000000000e42a00a00c0000000000000071
:10bd1800e02600a0d400000000000000500100a0b0
:10bd28000200000000000000540100a00c00000008
:10bd380000000000f42500a0ec0000000000000056
:10bd48001c0000a00200000001000000010000002b
:10bd5800600100a00800000000000000ec2400a022
:10bd68000801000000000000680100a004000000b5
:10bd780000000000b02a00a01c0000000100000024
:10bd88000100000001000000000000001848019dab
:10bd9800081c039d80ba019d52990000cc2a00a07e
:10bda80018000000000000006c0100a00400000062
:10bdb800000000001e0000a00100000001000000bb
:10bdc80001000000700100a0100000000000000049
:10bdd8001f0000a002000000010000000f0f00007b
:10bde800800100a00800000000000000880100a0f9
:10bdf8000800000000000000c02800a0600000004b
:10be080000000000900100a00400000000000000f5
:10be1800a00100a0740c000000000000940100a024
:10be28000900000000000000240000a0030000003a
:10be3800010000004f4b0000fc2a00a00400000095
:10be480000000000c82100a010020000000000004f
:10be5800002b00a00400000000000000042b00a03c
:10be68000400000000000000202900a0500000008d
:10be7800000000006c2a00a0240000000000000060
:10be88000000000022222222222222222222222212
:10be9800222222222222222222222222222222227a
:10bea800222222222222222222222222222222226a
:10beb800222222222222222222222222222222225a
:10bec800222222222222222222222222222222224a
:10bed800222222222222222222222222222222223a
:10bee800222222222222222222222222222222222a
:10bef800222222222222222222222222222222221a
:10bf08002222222222222222222222222222222209
:10bf180022222222222222222222222222222222f9
:10bf280022222222222222222222222222222222e9
:020000040000fa
:020000041d00dd
:10bf3800a0ffbd275c00bfaf5800b3af5400b2af3d
:10bf48005000b1af4c00b0af029d023c7827438c43
:10bf58002000a3af78274224040042942400a2a71b
:10bf68002800a0a32900a0a32a00a0a32b00a0a317
:10bf78002c00a0a340100224280182142d00a0a3a5
:10bf880000a0023cec234290010043309200601470
:10bf98000200423092004014ffff11240400b08ccc
:10bfa8000c00028e8f004010251020020800b18c72
:10bfb8008b002052ffff11241800228e8800405069
:10bfc800ffff11241c00228e1a01401010010624c4
:10bfd8002528000000a0043c50a6400fdc23842440
:10bfe80000a0023cd8234224ffff03240c0043acea
:10bff800080043ac140040a03c000324880043ac74
:10c008000c00038e500043ac0400038e540043ac74
:10c018000800038e580043ac30000396180043a470
:10c02800320003961a0043a41000038e5c0043ac50
:10c038001400038e600043ac1800038e640043ac08
:10c048001c00038e680043ac360004960100833060
:10c05800fcff0524ffff02240b10a3002518400055
:10c0680000a0023cd82342241c0043ac160044a480
:10c078000000238e04002a8e0800298e0c00288eca
:10c088001000278e1400268e1800258e1c00248e82
:10c09800200043ac24004aac280049ac2c0048ac32
:10c0a800300047ac340046ac380045acffff633085
:10c0b8000400632c040060103c0044ac00a0023c67
:10c0c80004000324f82343a400a0023cfa2342946a
:10c0d8008000442c03008014800003240f004224b5
:10c0e800f0ff433000a0113cd8233126220023a6bc
:10c0f80088bf123c00905236400032aea40020aef9
:10c108005fbf400f3c0004248c91400f2520200283
:10c11800a9cd400f8800248e000605247dd1400f4c
:10c12800252040023800328e0000428e3c00258ec9
:10c1380009f8400025200000ffff03246c0043108d
:10c1480000a0033ce02362ac1400428e03000524e7
:10c1580009f8400025200000ffff03246400431075
:10c1680000a0063c0c0022ae3c00248e08008594fa
:10c178003000a5af3000238e3400a3af0c00838cb1
:10c188003800a3af0f0003243c00a3af1400838c36
:10c198004000a3af2c00438e4424c6243000a527ba
:10c1a80009f860002520400051004004ffc0053414
:10c1b80088bf043ccdd0400f00908434252800006f
:10c1c8002510000001000624029d073c9427e7245f
:10c1d8000e0000100800042400a0113cd8233126ca
:10c1e800251020025c00bf8f5800b38f5400b28f17
:10c1f8005000b18f4c00b08f0800e0036000bd27ed
:10c20800010042240a00441088bf113c041846006b
:10c2180057006330fbff6050010042248018020081
:10c228002118e3000000638cf5ff00102528a30007
:10c23800d1d0400f0090243630000524d5d0400fcf
:10c24800009024360200052485d1400f0090243642
:10c258002528000087d1400f00902436d9d0400f00
:10c2680000902436ddd0400f00902436e1d0400ff6
:10c27800009024363b00028a3800029a1800a2afc8
:10c288003c0002921c00a2a33d0002921d00a2a342
:10c29800060006242000a5270cac400f1800a42790
:10c2a8000800401000a0113c060006242800a5271d
:10c2b8000cac400f1800a427120040141800a52742
:10c2c80000a0113cd82331261000b1af039d073cd4
:10c2d8002c30e72402000624200025964685400fce
:10c2e80025202002200023960b00435000a0113c7b
:10c2f80000a0043cfe8b400fd8238424b8ff001014
:10c30800ffff112488bf043ccdc9400f009084343e
:10c31800ecff001000a0113cd82331261000b1af6b
:10c32800039d073c2c30e7240100062424002596b1
:10c338004685400f2520200224002396ecff431455
:10c3480000a0023cfe2351942700201600a0023cc6
:10c35800002451940900205200a0113c0200062438
:10c368002528200200a0043c3870400fd8238424dc
:10c37800e0ff515400a0043c00a0113cd823312612
:10c388003880828f1100225200a0023cd9ff40144d
:10c3980000a0043c2000138e2400128e5fbf400fc3
:10c3a8008800248ea9cd400f8800248e900020aeee
:10c3b8008c0020ae980020ae940020ae9c0033aed6
:10c3c800a00032ae388091af00a0023cd8234224ae
:10c3d80014004490010003240400647c140044a069
:10c3e8007fff0010100043ac03000624252820021c
:10c3f80000a0043c3870400fd8238424bcff2216c8
:10c4080000a0023c0024429425884000d4ff401438
:10c4180025300000d9ff001000a0113c70ff00106b
:10c42800ffff11246eff0010ffff11246cff0010a6
:0cc43800ffff11246aff0010ffff112419
:020000040000fa
:020000041d00dd
:10c4440000a0023c401c429039014014000000004e
:10c454003901a010000000000000a3900200632c2a
:10c4640037016010ffff0224d8ffbd272400bfafaf
:10c474002000b3af1c00b2af1800b1af1400b0afce
:10c484002580a00000a0123c401c51263402062442
:10c494002528000050a6400f252020020100132467
:10c4a400010033a2680106242528000000a0043cf2
:10c4b40050a6400fd81a8424401c53a200000292b4
:10c4c40012014010020022a22518000021000010d1
:10c4d40025282002212083008020040021208300bd
:10c4e40080200400000284242510c0002120a40020
:10c4f4003000c62403004a8800004a98070049888f
:10c50400040049980b004888080048980f004788a1
:10c514000c00479800008aac040089ac080088ac81
:10c524000c0087ac10004224f2ff4614100084244f
:10c534000300468800004698000086ac010063248e
:10c54400ff0063300200a2902b106200f000401044
:10c5540000a0023c403103000400028e211046007a
:10c564000000478c1e00e0104020030021208300bf
:10c574008020040023208300c020040004008424bd
:10c584002510e0002120a4005000e72403004b887c
:10c5940000004b9807004a8804004a980b00498819
:10c5a400080049980f0048880c00489800008bac9c
:10c5b40004008aac080089ac0c0088ac100042244a
:10c5c400f2ff4714100084240300488800004898b0
:10c5d4000700478804004798000088ac040087ac33
:10c5e4000400028e211046000400478c1f00e01056
:10c5f40001006224402002002120820080200400e7
:10c6040023208200c0200400040084242510e000bc
:10c614002120a4005000e72403004b8800004b981d
:10c6240007004a8804004a980b0049880800499882
:10c634000f0048880c00489800008bac04008aacba
:10c64400080089ac0c0088ac10004224f2ff4714a7
:10c654001000842403004888000048980700478895
:10c6640004004798000088ac040087ac0400028ee4
:10c67400211046000800478c1e00e01040200300f3
:10c68400212083008020040023208300c020040094
:10c69400b40084242510e0002120a4005000e724e5
:10c6a40003004b8800004b9807004a8804004a980e
:10c6b4000b004988080049980f0048880c004898e6
:10c6c40000008bac04008aac080089ac0c0088ac78
:10c6d40010004224f2ff4714100084240300488809
:10c6e400000048980700478804004798000088ac79
:10c6f400040087ac0400028e211046000c00478c15
:10c704001e00e0104020030021208300802004004c
:10c7140023208300c02004000c0184242510e000a1
:10c724002120a4005000e72403004b8800004b980c
:10c7340007004a8804004a980b0049880800499871
:10c744000f0048880c00489800008bac04008aaca9
:10c75400080089ac0c0088ac10004224f2ff471496
:10c764001000842403004888000048980700478884
:10c7740004004798000088ac040087ac0400028ed3
:10c78400211046001000478c1b00e01040200300dd
:10c7940021208300802004002120830080200400c5
:10c7a400640184242510e0002120a4003000e72443
:10c7b40003004b8800004b9807004a8804004a98fd
:10c7c4000b004988080049980f0048880c004898d5
:10c7d40000008bac04008aac080089ac0c0088ac67
:10c7e40010004224f2ff47141000842403004788f9
:10c7f40000004798000087ac0400028e2110460018
:10c804001400478c1b00e01040200300212083000b
:10c8140080200400212083008020040098018424c7
:10c824002510e0002120a4003000e72403004b88f9
:10c8340000004b9807004a8804004a980b00498876
:10c84400080049980f0048880c00489800008bacf9
:10c8540004008aac080089ac0c0088ac10004224a7
:10c86400f2ff47141000842403004788000047980f
:10c87400000087ac0400028e211046001800478c8b
:10c884001b00e010402003002120830080200400ce
:10c894002120830080200400cc0184242510e000a2
:10c8a4002120a4003000e72403004b8800004b98ab
:10c8b40007004a8804004a980b00498808004998f0
:10c8c4000f0048880c00489800008bac04008aac28
:10c8d400080089ac0c0088ac10004224f2ff471415
:10c8e400100084240300478800004798000087aca8
:10c8f4000400028e213046001c00c68cf5fec014d4
:10c90400402003000eff00100100632400a0023c3d
:10c91400401c42242400bf8f2000b38f1c00b28f20
:10c924001800b18f1400b08f0800e0032800bd2761
:10c934000800e003ffff02240800e003ffff0224d5
:08c944000800e0030000000000
:020000040000fa
:020000041d00dd
:10c94c003000e33030000224be0062100000000012
:10c95c00c0ffbd273c00bfaf3800beaf3400b7af3f
:10c96c003000b6af2c00b5af2800b4af2400b3af85
:10c97c002000b2af1c00b1af1800b0af25b0e00082
:10c98c002590c000e7c9400f2598a000af004010cb
:10c99c0025804000258840021900522e0100405687
:10c9ac0019001124ffff31320400028e0000038ea7
:10c9bc0023104300ffff4224ffff42301800038e78
:10c9cc001400048e231864001000c4322400801458
:10c9dc00ffff7430259060021900732e0100605621
:10c9ec00190012242000c43224008014ffff52329c
:10c9fc00ffff633021186200212051022a188300a6
:10ca0c00190060502b1822022318840221184300ad
:10ca1c000300c43209008010ffff633003000524bb
:10ca2c0006008510020005240b008550218871003a
:10ca3c00219072000b000010ffff523201006324a2
:10ca4c004218030021907200ffff523221887100be
:10ca5c0004000010ffff313202000010ffff3132e2
:10ca6c00259080022b18220206006050231022020f
:10ca7c002310510004000010ffff423025884000b5
:10ca8c0023102202ffff42302000422c09004054a8
:10ca9c00259800005480848f0400828c09f8400093
:10caac000100252603004014259840008e0000103c
:10cabc00251000002b1054021200405423a09202a7
:10cacc0023a05402ffff94322000942e0f008056b6
:10cadc0025a800005480848f0400828c09f8400043
:10caec00010045260900401425a840005480848f7d
:10cafc000c00828c09f84000252860027a00001096
:10cb0c0025100000f0ff0010ffff94328d00601222
:10cb1c000800c232960040501000a0af0800028ef0
:10cb2c000c00058e2b1845001e0060102b18a2005f
:10cb3c0004001e8e23f0c503ffffde330000178eaa
:10cb4c0023a05700ffff94322110d403b7004010ec
:10cb5c002a102202720040145480848f1800c017cf
:10cb6c002530c0031a008016253080021000028e7a
:10cb7c000c00038e23204300ffff84302b10430056
:10cb8c007d0040101000a4af0400028e0000038e44
:10cb9c002310430021108200ffff4230760000106a
:10cbac001000a2af9e0060501000a0af23a0450063
:10cbbc00ffff943225b8a000e3ff001025f0000021
:10cbcc008879400f25206002e6ff0010000000006d
:10cbdc002528e0028879400f21207e02e4ff001016
:10cbec001000028e25a000006500001025f000004a
:10cbfc004900405025b800001800168e0100d626ba
:10cc0c0023b0c502ffffd6321400028e1400a2af6f
:10cc1c0023b8e20274000010fffff7328879400f4e
:10cc2c002520a0027700001000000000010006245f
:10cc3c00100005242b1c400f252000022a00001098
:10cc4c00010002240800e00325100000260000105b
:10cc5c002510000025b0000041006012000000000b
:10cc6c005480848f0c00828c09f840000000058ee3
:10cc7c00000013ae0100312621887102040011aeb0
:10cc8c000c0013ae21a0d40321a07402080014ae32
:10cc9c001000a28f21986202100013aeaec0400f9c
:10ccac00252000020d00a0526e0004925480848f47
:10ccbc000c00828c09f840001400058e140015ae8f
:10cccc002190b202180012ae200015ae21b0d7028e
:10ccdc0021a8b6021c0015ae6e00049203000324ba
:10ccec00d2ff8310010002243c00bf8f3800be8f9e
:10ccfc003400b78f3000b68f2c00b58f2800b48f5e
:10cd0c002400b38f2000b28f1c00b18f1800b08f9d
:10cd1c000800e0034000bd27cfff001025b0000045
:10cd2c000c00828c09f840002528a0025480848fc6
:10cd3c000c00828c09f8400025286002eaff0010e4
:10cd4c0025100000a7ffa0161000a0af25a0000022
:10cd5c0025f0000025b80000bfff001025b0000032
:10cd6c00d2ffa01601000224e0ff00103c00bf8f90
:10cd7c0025a0000025f000002e00a01225b8000010
:10cd8c000400d632b3ffc05225b800005400028e06
:10cd9c00ffff03240c0043101c00178e6000039649
:10cdac002110620021b8e2021800028e2b185700e5
:10cdbc00060060502000058e1400038e23104300e3
:10cdcc002710020021b8e2022000058e2b10b700bc
:10cddc0087ff40102b10e50223b8e502fffff73266
:10cdec001400a5af25b000002110d7029aff401007
:10cdfc002a104202caff40145480848f87ffc01649
:10ce0c002530c00294ffe0122530e0021400a58ffb
:10ce1c008879400f2120b6028fff0010000000001f
:10ce2c0025a00000d4ff001025f00000d2ff001058
:0cce3c001000a0af8aff001025b000001d
:020000040000fa
:020000041d00dd
:10ce48004050050042550a00c04a0500427d0400d2
:10ce580025482f01c042040000800e3c25482e01c1
:10ce680040680700426d0d00c0620700427d060061
:10ce780025608f01c05a060025608e012628a7006c
:10ce88002428ae00ffff4f25fe07e12dcb00201020
:10ce980000000000ffffaf25fe07e12df400201081
:10cea8000000000023504d01ff034a2542400800be
:10ceb800c07f090025400f0142480900023c0c00d0
:10cec800f401e0001b002701127000001048000068
:10ced800ffff86311900ce0012200000004c090027
:10cee800027c080025482f012b7824010600e01158
:10cef80023482401ffffce2521482c012b082c01b3
:10cf0800fcff201000000000f401e0001b002701d6
:10cf180012380000104800001900c7001220000055
:10cf2800004c0900ffff0f3125482f012b78240101
:10cf38000600e01123482401ffffe72421482c01c3
:10cf48002b082c01fcff20100000000000740e00cc
:10cf58002170c7011900cb01123800001020000011
:10cf6800000008242b780701234007012b102f010c
:10cf780023482f012b7824012578e2010b00e011ca
:10cf880023482401ffffce2521400b012b780b01fc
:10cf980021482c0121482f0102002c11000000001b
:10cfa8002b782c01f7ffe0110000000006002c157b
:10cfb8000000000025200b002548080000000d2473
:10cfc8002a00001025380d00023c0c00f401e00096
:10cfd8001b0027011268000010480000ffff86317f
:10cfe8001900cd0012200000004c0900027c080046
:10cff80025482f012b7824010600e011234824013d
:10d00800ffffad2521482c012b082c01fcff201027
:10d0180000000000f401e0001b00270112380000a6
:10d02800104800001900c70012200000004c090039
:10d03800ffff0f3125482f012b7824010600e0114e
:10d0480023482401ffffe72421482c012b082c0149
:10d05800fcff201000000000006c0d002168a701f3
:10d068001900ab011238000010200000000008244d
:10d078002b780701234007012b102f0123482f018c
:10d088002b7824012578e2010b00e01123482401c4
:10d09800ffffad2521400b012b780b0121482c0106
:10d0a80021482f0102002c11000000002b782c01d0
:10d0b800f7ffe011000000000600c00500000000b6
:10d0c8002a78a0012168ad012170ce012170cf011d
:10d0d800ffff4a25257828010200e0110000000022
:10d0e8000100ad3525480e0025400d00ffff4f25f6
:10d0f800fe07e12d1500201000000000000408259f
:10d1080000040f2d21482f012b782f0121504f01aa
:10d11800c27a08000100ef3123400f01c222080043
:10d12800407d090025208f0040780900027b0f0010
:10d138002528af00007d0a002528af00251004002f
:10d14800251805000800e003000000004400401d09
:10d158000000000001000e242370ca012000c12d28
:10d168000700201400000000e0ffce212b2008005b
:10d178000d00091025402401f8ff001000000934b3
:10d188000900c0110000000022300e000420c80071
:10d198000430c9000640c8010648c90102008010d1
:10d1a8002540c800020008350004082500040f2d9a
:10d1b80021482f01d6ff0010c25709002a78000124
:10d1c80021400801214829011700401521482f0155
:10d1d800257828011400e01100000000080020153f
:10d1e80000000000030000150000000029ff0010e7
:10d1f80000000a242548000100000824e0ff4a2511
:10d2080020702e7123ffc0110000000023504e0132
:10d2180022300e000630c8000440c8010448c90185
:10d228001cff00102548260105004d1500000000d0
:10d2380040780c002578eb012b00e011000000007d
:10d24800ff0701240a00a11100000000bbff4011e4
:10d2580000000000257828012300e01500000000e8
:10d26800f07f013c2528a100b4ff00100000042431
:10d278002a78600121586b0121608c011700a015e4
:10d2880021608f0125788b01f5ffe0110000000077
:10d298000800801500000000030060150000000071
:10d2a80000ff001000000d242560600100000b2421
:10d2b800e0ffad2520708e71fafec011000000005d
:10d2c8002368ae0122300e000630cb000458cb0193
:10d2d8000460cc01f3fe00102560860125788b01df
:10d2e8000200e01100000000f8ff053c93ff001069
:08d2f800000004240000000006
:020000040000fa
:020000041d00dd
:10d300005443502f495020537461636b3a20257366
:10d31000204d414320696e697469616c697a61745a
:10d32000696f6e206661696c65640d0a000000001b
:10d330005443502f495020537461636b3a20257336
:10d34000204d4143204f70656e206661696c6564b5
:10d350000d0a00005443502f495020537461636bf1
:10d360003a204d6f64756c65206e6f3a20256420fd
:10d37000496e697469616c697a6174696f6e20665f
:10d3800061696c65640d0a005443502f4950205365
:10d390007461636b3a202573204d414320657665a7
:10d3a0006e74206e6f74696669636174696f6e2054
:10d3b00073657474696e67206661696c65640d0ad3
:10d3c000000000005443502f495020537461636b98
:10d3d0003a20486561702044656c6574652066611b
:10d3e000696c210d0a0000005443502f495020530e
:10d3f0007461636b3a204865617020637265617483
:10d40000696f6e206661696c65642c207479706543
:10d410003a2025640d0a00005443502f49502053f0
:10d420007461636b3a204e6574776f726b20636f23
:10d430006e66696775726174696f6e20616c6c6f7e
:10d44000636174696f6e206661696c65643a20255a
:10d450006c750d0a000000005443502f49502053b2
:10d460007461636b3a205061636b657420696e6907
:10d470007469616c697a6174696f6e206661696c48
:10d4800065643a20307825780d0a00005443502f07
:10d49000495020537461636b3a2044656661756c32
:10d4a0007420466c617368204e6574776f726b20d0
:10d4b000636f6e66696775726174696f6e206c6ff9
:10d4c0006164206661696c65642025640d0a000052
:10d4d0005443502f495020537461636b3a204e657a
:10d4e00074776f726b20636f6e66696775726174b3
:10d4f000696f6e20696e697469616c697a617469bb
:10d500006f6e206661696c65643a2025640d0a00bf
:10d510005443502f495020537461636b3a204e6539
:10d5200074776f726b20636f6e6669677572617472
:10d53000696f6e3a20416c6961736573206e6f7418
:10d5400020737570706f727465643a2025640d0adb
:10d55000000000005443502f495020537461636b06
:10d560003a204e6574776f726b20636f6e666967e1
:10d5700075726174696f6e3a20696e76616c696468
:10d5800020495020616464726573733a20307825b5
:10d5900038780d0a000000002573256400000000a3
:10d5a0005443502f495020537461636b3a20506f9d
:10d5b000776572204d6f646520696e697469616c6e
:10d5c000697a6174696f6e206661696c3a202564be
:10d5d0000d0a00005443502f495020537461636b6f
:10d5e0003a2044796e616d6963206d656d6f727963
:10d5f000206973206c6f773a20256c750d0a000046
:10d600005443502f495020537461636b3a20496e44
:10d61000697469616c697a6174696f6e20666169a9
:10d620006c6564202564202d2041626f7274696ee0
:10d630006721200d0a0000005443502f4950205309
:10d640007461636b3a20496e697469616c697a61cf
:10d6500074696f6e2053746172746564200d0a00e2
:10d660005443502f495020537461636b3a204e65e8
:10d6700074776f726b20636f6e6669677572617421
:10d68000696f6e206c6f6164206661696c65643ad5
:10d690002025640d0a0000005443502f49502053a8
:10d6a0007461636b3a205469636b207265676973b8
:10d6b00074726174696f6e206661696c65643a208a
:10d6c00025640d0a000000005443502f4950205398
:10d6d0007461636b3a20496e697469616c697a613f
:10d6e00074696f6e2053595320544d5220666169fe
:10d6f0006c65643a202564202d2041626f72746944
:10d700006e6721200d0a00005443502f49502053ca
:10d710007461636b3a20496e697469616c697a61fe
:10d7200074696f6e20456e646564202d2073756387
:10d7300063657373200d0a005443502f49502053e2
:10d740007461636b3a20496e697469616c697a61ce
:10d7500074696f6e206661696c65643a2030782563
:10d7600078202d2041626f7274696e6721200d0a46
:10d7700000000000382e3130202d204833000000fa
:10d78000756e6b0065746800776c616e0000000058
:020000040000fa
:020000041d00dd
:10d79000d8febd272401b0af254080002548a00356
:10d7a0002000aa272510a0030000838c000043acb2
:10d7b00004004224fcff4a14040084242000a7270c
:10d7c0006000a4272510e0000000a38c000043acfb
:10d7d00004004224fcff44140400a524c000eb24f0
:10d7e0002518e0003800648c0400658c4214240085
:10d7f000c234240026104600822204002610440071
:10d800002400648c0000668c2120860021104400d6
:10d81000c22125008234250026208600c22805006a
:10d820002620850021104400400062ac04006324df
:10d83000edff6b543800648c1c00ad8f0c00a28f80
:10d840001800ac8f0800a38f1400ab8f0400a48fc6
:10d850001000a68f0000a58f029d0f3c443fef25ce
:10d860000001f82582712600c2ca26002670d9015f
:10d8700042ce26002670d9010000f98d0000f08c00
:10d8800021c830032170d90126c88b0124c8260382
:10d8900026c82c032170d9012168cd0121704d00cb
:10d8a0008210250042cb25002610590082cd25008c
:10d8b0002610590025c8a40024c823032480a400ee
:10d8c00025c830032110590021684d000400e28d65
:10d8d0000400f98c2110590021604c002610cb0067
:10d8e00024104e0026104b002160820182112e0070
:10d8f000c2ca2e002610590042ce2e002610590012
:10d900002110820121c8620082602d00421b2d007f
:10d9100026608301821d2d00266083012518a50144
:10d92000241864002480a50125187000216083015b
:10d93000216082010800e28d0800e38c2110430081
:10d9400021584b002610ce00241059002610460006
:10d950002158620182113900c21a39002610430091
:10d96000421e3900261043002110620121808200ee
:10d9700082582c00421b2c0026586301821d2c006b
:10d98000265863012518ac01241865002420ac0139
:10d990002518640021586301215862010c00e38db1
:10d9a0000c00e28c21186200213066002618d90193
:10d9b0002418700026186e002130c3008219300030
:10d9c000c21230002618620042163000261862008b
:10d9d0002118c3002128a30082302b0042132b0002
:10d9e0002630c20082152b002630c20025108b0184
:10d9f00024104d0024208b01251044002130c2004a
:10da00002130c3001000e28d1000e38c2110430090
:10da100021104e00267030032470c5012670d901f4
:10da200021104e0082712500c21a25002670c30104
:10da3000421e25002670c30121704e002168ae01f0
:10da400082102600421b260026104300821d26005d
:10da5000261043002518660124186c002420660156
:10da6000251864002110430021104e001400e38d9e
:10da70001400e48c211864002118790026c80502de
:10da800024c82d0326c830032118790082c92d002f
:10da9000c2222d0026c8240342262d0026c82403b6
:10daa00021c87900216099018218220042232200b6
:10dab0002618640082252200261864002520c20052
:10dac00024208b002470c20025208e0021186400c1
:10dad000211879001800e48d1800ee8c21208e00aa
:10dae000212090002670ad002470cc012670c50165
:10daf00021208e0082712c00c2ca2c002670d90110
:10db000042ce2c002670d90121708e0021586e0162
:10db10008220230042cb23002620990082cd2300bf
:10db20002620990025c8430024c8260324804300ea
:10db300025c830032120990021208e001c00ee8d85
:10db40001c00f98c2170d9012128c5012670ac0177
:10db50002470cb012670cd012128ae0082712b00ec
:10db6000c2ca2b002670d90142ce2b002670d901e3
:10db70002170ae002130ce008228240042cb240048
:10db80002628b90082cd24002628b90025c86400c3
:10db900024c822032480640025c830032128b9004a
:10dba0002128ae002000ef252efff8152000e724e5
:10dbb0001c00adaf1000a6af1800acaf1400abafa7
:10dbc0000000a5af0400a4af0800a3af0c00a2aff3
:10dbd0000000028d0000238d21104300000002ade3
:10dbe00004002925faff2a15040008252510000045
:0cdbf0002401b08f0800e0032801bd27cd
:020000040000fa
:020000041d00dd
:10dbfc00b8ffbd274400bfaf4000beaf3c00b7af7d
:10dc0c003800b6af3400b5af3000b4af2c00b3afb2
:10dc1c002800b2af2400b1af2000b0af0f00052434
:10dc2c0011c8400f02000424258840000100423036
:10dc3c001000401401001424020031326e00201632
:10dc4c0000a0103c4400bf8f4000be8f3c00b78f3b
:10dc5c003800b68f3400b58f3000b48f2c00b38fe2
:10dc6c002800b28f2400b18f2000b08f0800e00391
:10dc7c004800bd27f2ff132400a0153c0b00001038
:10dc8c007029b5260800062625284000679c400f01
:10dc9c002520e0020400e28e5100c212020005248d
:10dcac000200062498af400f25204002a0cb400f65
:10dcbc0002000424e0ff4010259040001800508e14
:10dccc0025c5400f2520000200000296f4ff5414d5
:10dcdc00252860020400039606040224f1ff621456
:10dcec00020006241b00168a1800169a2800578e6c
:10dcfc000400be8e4ed0400f2520e0021100038a96
:10dd0c000e00039a1800a3af001902002310620042
:10dd1c00801002002110c2031800a527d694400fd2
:10dd2c000000448cd7ff401425f04000daff0010af
:10dd3c000400e28e0f00c01308001e260600029697
:10dd4c00d7ff5414020005241100078a0e00079a0d
:10dd5c000400e68e3c00e2261400a2af0800102658
:10dd6c001000b0af8672400f2520e002ccff0010ef
:10dd7c00020005240400b68e4ed0400f2520e00290
:10dd8c0000190200231062008010020021b0c202b0
:10dd9c001800a527d19a400f0000c48ee8ff405010
:10ddac0006000296000043940200633007006010e6
:10ddbc002530c0031400c72680000524dbb6400fb5
:10ddcc0025204000deff00100600029625284000aa
:10dddc00679c400f2520e002d9ff00100600029638
:10ddec004200e29600104230d2ff4010020006249e
:10ddfc00acff001000000000702910261800028ee5
:10de0c00d0074224180002ae6210033cd34d6324a9
:10de1c0019004300101000008211020067d1400f5e
:10de2c00140002ae25b0400086ff40180400148e8a
:10de3c001400942625a80000258800024c00001030
:10de4c00108097270400078e0400668e1400a0af84
:10de5c001000b7af010005248672400f2520600228
:10de6c001200029601004224120002a60000108e3d
:10de7c00190000520000508efcff04960002823004
:10de8c000200405040002296420022961200059655
:10de9c002b10a200f6ff40500000108e1400238eb1
:10deac000800028e231862003800228e0210a27025
:10debc002b106200eeff40540000108ee1ffc013e7
:10decc0000018430eaff80500000108edeff00104d
:10dedc000400078e0000508e1d000052ecff428e95
:10deec001400228e0800038e231043003000238e72
:10defc002b10430016004054ecff428efcff05260d
:10df0c0064cb400fecff448e0fae400f2520400237
:10df1c00fdff07242530000004000526dea1400f7c
:10df2c00252060020000508e09000052ecff428e4a
:10df3c001400228e0800038e231043003000238e21
:10df4c002b104300eeff4010fcff0526ecff428e29
:10df5c002400428c2000438e2b104300280040509c
:10df6c002400428e0100b52636ffd5123c009426c3
:10df7c0047c5400f2520a002259840001000908e28
:10df8c00d4ff0012259080021400228e0800038e0c
:10df9c00231043003400238e2b1043001500401433
:10dfac0010009e26fcff052664cb400fecff448e30
:10dfbc000fae400f2520c003ffff072425300000c3
:10dfcc0004000526dea1400f252060021000508eb3
:10dfdc00c1ff00520000508e1400228e0800038ee8
:10dfec00231043003400238e2b104300eeff40100f
:10dffc00fcff052642007e969fff00100010de33ca
:10e00c00d8ff4010258000000fae400f25204002a5
:10e01c00d4ff401025f04000fcff452464cb400f9a
:10e02c00ecff448efcff0724253000000400c527bc
:10e03c00dea1400f25206002010010262400428e34
:10e04c002b100202f0ff401400000000c6ff00106d
:04e05c000100b526e4
:020000040000fa
:020000041d00dd
:10e06000c8ffbd273400bfaf3000beaf2c00b7af34
:10e070002800b6af2400b5af2000b4af1c00b3af8a
:10e080001800b2af1400b1af1000b0af25988000f7
:10e0900025a8a00025b0c000010002240300a210a2
:10e0a00025b8e0001e00c05425a0c000aab0400f53
:10e0b00000000000e400401025a0400000d0400f08
:10e0c000000000004480839317006014ffff632466
:10e0d00007d0400f252040005080848f9200801090
:10e0e0006080858f0000a28cd90040102580000040
:10e0f000010010262086107c2b1804020f006010ef
:10e1000025900002801010002110a2000000428c17
:10e11000f8ff4054010010260b0000105480848f3b
:10e12000e6ff001025b00000448083a307d0400f15
:10e1300025204000e9ff00105080848f7a004014b1
:10e14000000000005480848f0800828c8000062428
:10e1500009f8400001000524258840005480848f80
:10e16000488085970400828c09f840000100a524ae
:10e1700025f040005480848f468085970400828c6f
:10e1800009f840000100a524700020125480848ffb
:10e190006f00c0530c00838c6c0040104880839744
:10e1a00046808597340030a600003eae010063240f
:10e1b00021f0c30304003eae140022ae211045003e
:10e1c000180022ae18020224620022a680901200db
:10e1d0006080828f2190520000d0400f000051ae2d
:10e1e0004480839301006324448083a307d0400fbd
:10e1f000252040005a0022966a0022a60000228ea6
:10e20000080022ae0c0022ae100022ae1400228eb6
:10e210001c0022ae200022ae360022964408027c6a
:10e220008410027cc418027c0421027c4429027cf4
:10e230008431027cc439027c0442027c0100032444
:10e24000444a627c8452027c360022a66c002296ec
:10e250008410027c444a027cc418027c0421027ca3
:10e260004429027c6c0022a64c0020aeffff022451
:10e27000540022ae5c0023a601000224660022a600
:10e28000580020a6380020ae710020a26c00228e1b
:10e290000008427c6f0022a26c00229600204330ce
:10e2a00001006050400020ae00404230010040506c
:10e2b0003c0020ae7d0020a2010002243700621243
:10e2c0006f0033a2440020ae6f0022925a00401427
:10e2d000000000006c0022960408627e4200a0123a
:10e2e0006c0022a65a0034a61ec3400f580036a662
:10e2f000240022ae36002396010002244408437c09
:10e300005d006212360023a628ab400f25202002b4
:10e3100000004228010004240b0003240a18820094
:10e32000380000106e0023a200d0400fffff102421
:10e330004480839301006324448083a307d0400f6b
:10e340002520400030000010251000020c00838cb6
:10e3500009f86000252840005480848f0c00828cce
:10e3600009f840002528c0035480848f0c00828c5b
:10e3700009f840002528200200d0400fffff10249c
:10e380004480839301006324448083a307d0400f1b
:10e39000252040001c000010251000020620072444
:10e3a0000400062414000524b3b8400f74000424ac
:10e3b00038004010029d033c6ce06324080043ac2d
:10e3c0000c0051ac010003246c0043a4540043a48e
:10e3d000bdff4010440022ae6c0022960408627e0d
:10e3e0001d00a0166c0022a65a0034a63600229604
:10e3f000010003240400627c360022a66e0020a2e5
:10e400006a0034a6251000023400bf8f3000be8f92
:10e410002c00b78f2800b68f2400b58f2000b48f52
:10e420001c00b38f1800b28f1400b18f1000b08f92
:10e430000800e0033800bd2798b8400f25202002cf
:10e44000f0ff0010ffff1024eeff0010ffff10246c
:10e450003cff0010259000005a0034a61ec3400f58
:10e46000580036a6240022ae36002296010003246e
:10e470004408627c360022a6a3ffe01200000000e0
:10e480000000e28ea0ff4054380022ae9eff001034
:0ce49000000000008cff0010440022aed1
:020000040000fa
:020000041d00dd
:10e49c000080013c2638e10040580500425d0b002d
:10e4ac00c0520500427d040025504f01c04a0400b3
:10e4bc000080083c255048014070070042750e0052
:10e4cc00c06a0700427d06002568af01c0620600e5
:10e4dc002568a801ffff6f25fe07e12d8d00201098
:10e4ec0000000000ffffcf25fe07e12dbb00201030
:10e4fc00000000000080013c2428a10023406e0194
:10e50c002c00001100000000150000190000000094
:10e51c002000012d0700201400000000e0ff08215e
:10e52c002b300c0023000d102560a601f8ff001005
:10e53c0000000d341f000011000000002220080014
:10e54c0004308c0004208d0006600c0106680d015f
:10e55c001800c01025608c001600001002008c35cd
:10e56c0025580e00234008002000012d0700201420
:10e57c0000000000e0ff08212b3009000d000a10fc
:10e58c0025484601f8ff001000000a34090000116c
:10e59c0000000000222008000430890004208a00ba
:10e5ac000648090106500a010200c01025488900de
:10e5bc00020029352678a7001c00e00500000000a9
:10e5cc0021482c012b782c0121504d0121504f0159
:10e5dc0002004d11000000002b784d013700e011b6
:10e5ec000000000001002f310200e01100000000cb
:10e5fc000200293542480900c07f0a0025482f0136
:10e60c0042500a000080013c2550410101006b255d
:10e61c00ff0701242900611500000000f07f013c78
:10e62c002528a10037000010000004242b782c01b1
:10e63c0023482c012b104f0123504f012b784d01f7
:10e64c002578e2010700e01123504d010080013cc8
:10e65c002628a1002b7809002348090023500a0022
:10e66c0023504f0108004015000000000300201546
:10e67c00000000000d00001000000b2425502001ac
:10e68c0000000924e0ff6b252040487107000011b1
:10e69c000000000023586801222008000620890091
:10e6ac000448090104500a01255044012578490108
:10e6bc000200e0150000000000000524680060194d
:10e6cc00000000000004292500042f2d21504f01cb
:10e6dc002b784f0121586f01c27a09000100ef31ec
:10e6ec0023482f01c2220900407d0a0025208f00fb
:10e6fc0040780a00027b0f002528af00007d0b003c
:10e70c002528af0025100400251805000800e0039b
:10e71c00000000002a7820012148290121504a01db
:10e72c002300601521504f01257849011400e01198
:10e73c000000000008004015000000000300201538
:10e74c000000000067ff001000000b242550200182
:10e75c0000000924e0ff6b252040487161ff001187
:10e76c0000000000235868012220080006208900c0
:10e77c000448090104500a015aff001025504401b5
:10e78c00ff0701241500c111000000002140e70023
:10e79c00257806010300e01500000000d9ffe00415
:10e7ac000000000025100600d8ff001025180700f7
:10e7bc00257849012700e01500000000ff0701241f
:10e7cc00d0ffc115000000002678a7002100e0054d
:10e7dc0000000000f3ff0010000000002a78800108
:10e7ec0021608c012168ad011700c0152168af01b3
:10e7fc002578ac01c3ffe011000000000800a01553
:10e80c0000000000030080150000000039ff00101c
:10e81c0000000e242568800100000c24e0ffce25aa
:10e82c002040a87133ff0011000000002370c801c4
:10e83c002220080006208c0004600c0104680d01e5
:10e84c002cff00102568a4012578ac01d5ffe01140
:10e85c0000000000f8ff053caaff00100000042493
:10e86c000100082423400b012000012d0700201477
:10e87c0000000000e0ff08212b3009000d000a10f9
:10e88c0025484601f8ff001000000a340900001169
:10e89c0000000000222008000430890004208a00b7
:10e8ac000648090106500a010200c01025488900db
:10e8bc000200293583ff001000000b24000000002b
:020000040000fa
:020000041d00dd
:10e8cc0020ffbd27dc00bfafd800beafd400b7af70
:10e8dc00d000b6afcc00b5afc800b4afc400b3af76
:10e8ec00c000b2afbc00b1afb800b0af0f00052490
:10e8fc0011c8400f190004240d00401400a0023c64
:10e90c00dc00bf8fd800be8fd400b78fd000b68f7d
:10e91c00cc00b58fc800b48fc400b38fc000b28fc9
:10e92c00bc00b18fb800b08f0800e003e000bd2739
:10e93c00f02a4294f2ff40109480908f25980000aa
:10e94c00029d153c94aab526029d163c98aad62683
:10e95c00029d1e3c029d023c80aa4224b000a2af44
:10e96c0017000010029d173cd468400f2520400270
:10e97c000800048e0500801025300000e6ab400f27
:10e98c0000000000080000ae2530000050000524f7
:10e99c00f153400f252040025000422c3a00401009
:10e9ac0025880000040011ae0100732600a0023c73
:10e9bc00f02a42942a106202d1ff40101c0010264b
:10e9cc00000012860400118e2f9d400f252040025e
:10e9dc00e5ff401400000000619d400f252040021f
:10e9ec00e1ff401425a04000010002242d0022521a
:10e9fc0000001286e4ff2012020002245e002212a4
:10ea0c0003000224e8ff2256040011ae253000005a
:10ea1c0050000524f153400f252040025000422c99
:10ea2c00e1ff4054040011ae33000624029d053c66
:10ea3c00c8aaa5249d7b400f252040026a9b400f4d
:10ea4c00252040022530000025284002039d043c6f
:10ea5c009e96400f04428424080002aed1ff40145d
:10ea6c000400112437000624029d053cfcaaa524b1
:10ea7c009d7b400f25204002d468400f252040028a
:10ea8c00c8ff001025880000350006242caae526b6
:10ea9c009d7b400f252040026a9b400f25204002a1
:10eaac00000012862530000050000524f153400f61
:10eabc00252040025000422cbaff401401001124c2
:10eacc001000a2276400a2afa800a72753000624b9
:10eadc006400a5274e8e400f2520400224004010d4
:10eaec0002000324140043102528a00256a9400f4d
:10eafc006400a48f1c0040106400a2af0f00062419
:10eb0c0025284000f9cd400f0c0004261b0000a264
:10eb1c00a800a69725280000ef56400f252040029c
:10eb2c000d0006242528c0029d7b400f25204002a5
:10eb3c009cff0010020011241800062464aac527ab
:10eb4c009d7b400f2520400213000624b000a58faa
:10eb5c009d7b400f25204002d468400f25204002a9
:10eb6c0090ff001025880000e9ff00100c0000a2a7
:10eb7c008cff0010010011240000128625300000cb
:10eb8c0050000524f153400f252040025000422c28
:10eb9c0084ff40141000a227a800a2afac00a72746
:10ebac0053000624a800a5274e8e400f25204002b6
:10ebbc007cff4010020003241000431410000624b4
:10ebcc002528000050a6400f0c000426180006242f
:10ebdc0064aac5279d7b400f252040021300062404
:10ebec00b000a58f9d7b400f25204002d468400fbc
:10ebfc00252040026bff0010258800002528a0026c
:10ec0c0056a9400fa800a48f2e004010a800a2af58
:10ec1c008880828f170040109480828f231002020c
:10ec2c0083100200dbb6033cb76d63240210437003
:10ec3c006400a2a7020002246600a2a76800b2a783
:10ec4c00d6b9400f252040026a00a2a76c00a52768
:10ec5c00939d400f252040008480878f6400a62759
:10ec6c00a800a58f8880828f09f840000c0004262c
:10ec7c0025a04000530006242528000050a6400f74
:10ec8c001000a427100006242528000050a6400fd1
:10ec9c000c000426d1ff8012ac00a697252800009a
:10ecac00ef56400f252040021c000624029d053c17
:10ecbc00a8aaa5249d7b400f2520400239ff0010f7
:10eccc0003001124100006242528000050a6400f34
:0cecdc000c000426c2ff001013000624e8
:020000040000fa
:020000041d00dd
:10ece800a8ffbd275400bfaf5000beaf4c00b7af60
:10ecf8004800b6af4400b5af4000b4af3c00b3af76
:10ed08003800b2af3400b1af3000b0af259080000a
:10ed18002588a000240093840000a294c439027cb2
:10ed28000000a2a42900b0900400848c4c0080103c
:10ed38001c00b48c828c400f01000624bc004010db
:10ed4800f9ff022485008012290022928700505082
:10ed58001c00228e04001026808010002180900262
:10ed68000000028e850040142000a2af41aa400f87
:10ed7800252060028600401025300000252800006c
:10ed88007bae400f25206002a2c6400f25206002fe
:10ed980081004010258040001c00278e0400e724d5
:10eda8002530000001000524865d400f2520600203
:10edb8001c00238e290022920400422480100200a5
:10edc800211062000000428c1c00a2af1c00a62784
:10edd8001800458ec0ab400f252060023500052481
:10ede8001fc4400f2520600260ce400f2e001e2455
:10edf800ffff44305b56400f240024a61000a2a752
:10ee08005b56400f000104241200a2a75b56400f76
:10ee1800010004241400a2a71a00a0a71800a0a7a4
:10ee28001600a0a71000a48f1400a38f1800a28fab
:10ee3800030004aa000004ba070003aa040003bae6
:10ee48000b0002aa080002ba0c0003262000258e37
:10ee58002590a0002f001724910000102c001624e4
:10ee68002000a0af2400a0af2800a0af2c00a0afc6
:10ee7800040006242000a52769a0400f0800448e3e
:10ee8800040006242000a52769a0400f1c00248e3a
:10ee9800a3d1400f00000000040006242000a5278d
:10eea80069a0400f2520400067d1400f00000000f6
:10eeb8000d00401825b0400025a8000047c5400fa8
:10eec8002520a002040006242000a52769a0400fe1
:10eed80025204000050040502000b7270100b52636
:10eee800f6ffd516000000002000b7273000a42741
:10eef8002510e00225b000000000438c2b18030009
:10ef080004004224fcff441421b0c30225a80000d9
:10ef1800ffffd6260400001004001e240100b526b9
:10ef28000b00be120400f7260000e48efbff8010e1
:10ef38002630d5020100c62c828c400f25282002dd
:10ef4800f7ff40500100b5267eff001000000000ca
:10ef58001c0020ae36000010f9ff02247dff50147b
:10ef68001c00348e81ff0010000000007aff54540a
:10ef7800040010267dff0010000000002000a527d7
:10ef88000d97400f2520800278ff00100000000038
:10ef980027000010f6ff022425000010f6ff0224c7
:10efa800ffff522601007424000072a025304002a1
:10efb8008879400f25208002080000102120920245
:10efc800ffff522601007424000072a02530400281
:10efd8008879400f2520800221209202000080a01d
:10efe800010080a028002292020082a0030080a0d5
:10eff80001000224040082a00500842423809000dc
:10f00800ffff103225300000252800027bae400f9c
:10f01800252060020448400f252060022610500079
:10f02800f6ff0324010010240b8062002510000263
:10f038005400bf8f5000be8f4c00b78f4800b68f6a
:10f048004400b58f4000b48f3c00b38f3800b28fb6
:10f058003400b18f3000b08f0800e0035800bd279e
:10f06800ffff522601007424000072a025304002e0
:10f078008879400f25208002d8ff001021209202b5
:10f08800ffff942601007524000074a0253080023b
:10f098008879400f2520a0022118b40225284002b3
:10f0a80001005226ffff4292c5ff405023904502bf
:10f0b800f3ff5e1023a04502e9ff57502390450255
:10f0c800b7ff5650239045023e000424f5ff4454f0
:10f0d8000100522623904502ffff522601007424a6
:10f0e800000072a0253040028879400f2520800258
:08f0f800baff00102120920272
:020000040000fa
:020000041d00dd
:10f1000068ffbd279400bfaf9000beaf8c00b7afc3
:10f110008800b6af8400b5af8000b4af7c00b3af59
:10f120007800b2af7400b1af7000b0af0f0005242b
:10f1300011c8400f0e000424259040000200423008
:10f140001000401400a0023c000152325b00401647
:10f15000000105249400bf8f9000be8f8c00b78ff4
:10f160008800b68f8400b58f8000b48f7c00b38f89
:10f170007800b28f7400b18f7000b08f0800e00388
:10f180009800bd27902a5084440013240e000010dc
:10f19000902a512400a0023c942a4294eaff401095
:10f1a0002580000000a0113c902a31262600001086
:10f1b0000100132400010524b6a8400f0e0004240a
:10f1c000b2c6400f25200002adbc400f2520000232
:10f1d000f0ff40106000a527cfcf400f2520000290
:10f1e0006000a293f6ff53141000a527599e400f0c
:10f1f000252000021400228ef1ff40105800a28f3b
:10f20000ecff401025300000580043940100022418
:10f21000041062000c00238e25104300e5ff00104f
:10f220000c0022ae041813022420430013008010a7
:10f230002510430001001026040022962a10020225
:10f24000c2ff40500001523247c5400f2520000246
:10f2500025a0400035ca400f25204000f1ff405452
:10f260001000228e04101302271002001000238ebb
:10f2700024104300efff0010100022ae100022ae59
:10f280001400228eecff4050010010260600801270
:10f290002530000058008296041053000c00238e85
:10f2a000251043000c0022ae00010524b6a8400f33
:10f2b0000e000424e0ff00100100102611c8400fca
:10f2c0000e00042400a0023c902a42241400448c26
:10f2d0000400838c09f86000020045949dff4010f3
:10f2e00025b8400000a0023c902a44846800a4afe6
:10f2f000902a42240800468ce04b400f030005246e
:10f300002588000000a0163c902ad026039d023cd0
:10f310006c00a2af039d1e3c3e000010743fde2730
:10f3200047c5400f902ad2862598400077cd400fe0
:10f33000252040000b00401425300000010005246a
:10f34000e04b400f6800a48f00a0023ca42a448c2c
:10f350000c00828c09f840002528e0027eff001096
:10f360009400bf8f41aa400f25204002020003965f
:10f370002b104300f1ff4014253000001000b7af00
:10f380001800b3af1c00a0af2000a3af2400b7af9c
:10f390001c00028e2800a2af25a800006c00a28fde
:10f3a00004000010583f54240400942640009e128c
:10f3b0000100b5261400b5af0000828e09f84000a8
:10f3c0001000a427230040041c00a38f2118620012
:10f3d0001c00a3af2000a38f231862002000a3af5e
:10f3e0002400a38f21186200efff40102400a3af78
:10f3f0000d000224feff62a02400a28f0a00032455
:10f40000e9ff0010ffff43a001003126cbff2312cc
:10f41000253000000600049601000224041082003a
:10f420000c00038e24104300bdff401400000000b8
:10f430000600029601004224ffff4230060002a6a9
:10f4400004000396f0ff4350060000a6efff0010f3
:10f4500001003126252860022fb7400f25204002e9
:10f460000400628e6000a2af6000a62701000524a0
:10f4700072b2400f252040021c00a6972528e0020a
:10f4800068a2400f252040020448400f252040027a
:10f4900006000396010002240410620027100200f7
:10f4a0000c00038e24104300e1ff00100c0002ae9c
:10f4b0001c00a28ffdff42241c00a2af2528600281
:10f4c0002fb7400f252040020400628e6000a2afdb
:10f4d0006000a6270100052472b2400f25204002db
:10f4e0001c00a6970300e52668a2400f25204002d5
:10f4f0001c00028ee4ff40102528400209f840005d
:0cf5000025206002e0ff00100000000069
:020000040000fa
:020000041d00dd
:10f50c00d0ffbd272c00bfaf2800b6af2400b5af8d
:10f51c002000b4af1c00b3af1800b2af1400b1aff1
:10f52c001000b0af88bf023c3010428c8006427c89
:10f53c000700401088bf023c88bf023c6010428c20
:10f54c008006427c1d00401480bf043c88bf023cf6
:10f55c003010428cc006427c0600401088bf023c32
:10f56c0088bf023c6010428cc006427c3c004014b8
:10f57c0088bf023c3010428c0007427c06004010d1
:10f58c002c00bf8f88bf023c6010428c0007427c6d
:10f59c0087004014000000002800b68f2400b58faf
:10f5ac002000b48f1c00b38f1800b28f1400b18fe1
:10f5bc001000b08f0800e0033000bd271060838c72
:10f5cc000e00633000a0023c14164224400043acf1
:10f5dc001060828c0e0042301900401000a0023cda
:10f5ec001060828c020042300500401080bf023c4b
:10f5fc0080bf023c02000324146043ac80bf023c79
:10f60c001060428c010042300700401080bf033c68
:10f61c0080bf043c3060828c1060628c01004230f0
:10f62c00fcff40140000000088bf023c0004033cb7
:10f63c00341043ac0008033c341043ac00a0023c33
:10f64c003416428cc1ff401000a0033c3816658c68
:10f65c0009f8400002000424bdff001088bf023ce2
:10f66c0080bf153c00a0103c1416102600a0123cc4
:10f67c00141252264800001080bf143c3700601052
:10f68c00000000002400058e09f86000010004242d
:10f69c002800038e010062243000048e2b104400dd
:10f6ac00010063240a1862022c000010251060006f
:10f6bc002800038e4018030021184302320000106a
:10f6cc00000071a490ca400f000000002000038ebf
:10f6dc003100601080bf143c3c0004920900801083
:10f6ec003800048e2b1044000d0040542598000067
:10f6fc002400058e09f8600025200000260000106b
:10f70c0080bf143c2400445480bf143c2400058e5c
:10f71c0009f86000252000001f00001080bf143c79
:10f72c001060a28e010042301d00401088bf023cc8
:10f73c003060918e2800038e010062243000048e0c
:10f74c002b104400010063240a186202251060008b
:10f75c002c00038ec9ff62502000038e2c00038ef8
:10f76c00efff621080bf033c0060638c06006330c7
:10f77c0006000424ceff6410000000002800038e55
:10f78c0021187200000071a0280002ae3400029211
:10f79c00ccff401400000000e1ff00102598000091
:10f7ac000008033c341043ac72ff001088bf023ccd
:10f7bc0083ca400f00000000420040100010023cc1
:10f7cc0080bf133c00a0163c1416d02680bf123c00
:10f7dc000600112400a0153c140eb52609000010db
:10f7ec0080bf143c401002002110a2021300001034
:10f7fc0000004294206082ae100002921a00401465
:10f80c00000000001060638e00026330360060144c
:10f81c0088bf023c0c00028e0800048e2f0044505e
:10f82c0088bf023c0060448e06008430edff9110ce
:10f83c000100442421105500000042901800058e50
:10f84c002b2885000a2065000c0004ae0060438e56
:10f85c0006006330e7ff7154ff004230206082ae37
:10f86c00e6ff001010000292c4cb400f0000000015
:10f87c001416c38ee3ff6010000000001c000492fd
:10f88c00090080101400048e2b104400ddff40147e
:10f89c00000000000400058e09f860000300042439
:10f8ac00d8ff001000000000d6ff44140000000038
:10f8bc000400058e09f8600003000424d1ff001039
:10f8cc000000000088bf033c641062ac88bf033c9e
:10f8dc00341062ac30ff00102c00bf8f0010033cc2
:10f8ec00641043ac88bf023c0010033c341043aca2
:08f8fc0029ff00102c00bf8f52
:020000040000fa
:020000041d00dd
:10f904002548c000251080009900e0142518a000a7
:10f914002b30a6003400c01020502a71080040513a
:10f92400022409000418450123280a000628a4001b
:10f93400044849012518a3000410440102240900c5
:10f944001b006400f4018000ffff2731121800003f
:10f954001028000002306770001c0500022c020011
:10f96400251865002b2866000900a050231866009e
:10f97400211869002b2869000500a054231866008b
:10f984002b2866000100a054211869002318660082
:10f994001b006400f4018000ffff423012180000d5
:10f9a4001030000002206770001c06002510620061
:10f9b4002b18440009006050231044002110490012
:10f9c4002b18490005006054231044002b184400f0
:10f9d4000100605421104900231044000610420124
:10f9e4000800e00325180000050020150100032489
:10f9f4001b006900f40120011248000020502a7104
:10fa04002b004015200007242328a9000224090004
:10fa14001b00a400f4018000ffff2731122800001e
:10fa2400101800000230a770002c0300021c020012
:10fa34002528a3002b18a600090060502330a60037
:10fa44002128a9002b18a900050060542330a60022
:10fa54002b18a600010060542128a9002330a60019
:10fa64001b00c400f4018000ffff4230123000008c
:10fa7400102800000218c770003405002510c200c9
:10fa84002b204300d5ff8050231043002110490050
:10fa94002b204900d1ff8054231043002b20430026
:10faa4000100805421104900ccff001023104300b2
:10fab4002338ea00044849010618e4000234090026
:10fac4000638e5001b00e600f401c00004104501ff
:10fad400ffff2b312518620004104401022c03009f
:10fae40012380000102000000240eb70003c0400bb
:10faf4002538e5002b20e800090080502338e80071
:10fb04002138e9002b20e900050080542338e8005f
:10fb14002b20e800010080542138e9002338e80054
:10fb24001b00e600f401c000ffff65301230000046
:10fb340010380000003c07002528e5000230cb7097
:10fb44002b18a600b1ff60502328a6002128a90085
:10fb54002b18a900adff60542328a6002b18a6007b
:10fb6400010060542128a900a8ff00102328a60042
:10fb74002b40a7005e0000152070ee700c00c0152d
:10fb840020000b242b40e5000500005523108600bf
:10fb94002b4086005600001500000000231086004c
:10fba4002328a7002b1882000800e0032318a300d1
:10fbb40023586e01066066010438c70125388701a1
:10fbc4000418c501024c0700062865011b00a900a2
:10fbd400f40120010410c601ffffe830063064017f
:10fbe4002530c300026406000420c401122800006a
:10fbf4001050000000540a0025504c0102180571f1
:10fc04002b6043010a0080112568a00021504701a0
:10fc14002b60470106008015ffffad242b604301d4
:10fc24000400805123504301feffad2421504701bd
:10fc3400235043011b004901f40120011248000034
:10fc44001050000000540a0002180971ffffc83068
:10fc5400254048012b3003010a00c010252820014b
:10fc6400214007012b3007010600c014ffff2525a2
:10fc74002b3003010400c01000640d00feff252595
:10fc84002140070100640d002560850119008201ef
:10fc940023400301106800002b280d012518a00142
:10fca400126000000600a0141230000009000d15b7
:10fcb400233086002b288c000700a050234003012a
:10fcc400233082012338a7012b6086012318ec001e
:10fcd40023308600234003012b18860023180301d8
:10fce400041063010630c601251046000618c3013e
:10fcf4000800e003000000002540c0002518e000d3
:10fd040025508000a300e0142510a0002b30a6008d
:10fd14003400c01000000000202805710800a05025
:10fd2400022c08002320050006208a000410a200eb
:10fd34000440a800251082000450aa00022c0800e8
:10fd44001b004500f401a000ffff073102240a0054
:10fd5400123000001010000000140200252044009e
:10fd64000248e6702b5889000a0060112510c00073
:10fd7400212088002b58880006006015ffffc2244c
:10fd84002b5889000400605123208900feffc224ff
:10fd940021208800232089001b008500f401a00095
:10fda400ffff4a311220000010280000002c05003b
:10fdb4002550aa000238e4702b2847010600a01041
:10fdc4002530800021500a012b404801ffff862482
:10fdd400360000112b504701001402000800e00314
:10fde40025104600060000152010027101000224af
:10fdf4001b004800f40100011240000020100271b1
:10fe04002e004014200009242328a8000100032404
:10fe1400023408001b00a600f401c000ffff0731f4
:10fe240002240a001228000010100000001402002e
:10fe3400252044000248e5702b5889000a0060110f
:10fe44002510a000212088002b588800060060158a
:10fe5400ffffa2242b58890004006051232089004d
:10fe6400feffa22421208800232089001b00860095
:10fe7400f401c000ffff4a311220000010300000de
:10fe8400003406002550ca000228e4702b384501ce
:10fe9400d1ffe0102530800021500a012b40480199
:10fea400cdff0015ffff86242b504501caff4055a6
:10feb400feff8624c9ff001000140200234822011b
:10fec4000440480004184500045044000628250155
:10fed400021408001b00a200f4014000ffff0631d9
:10fee400063824012538e300021c0700122800000c
:10fef4001020000000240400252083000248c5705f
:10ff04002b5889000a0060112518a00021208800c0
:10ff14002b58880006006015ffffa3242b58890086
:10ff24000400605123208900feffa32421208800bf
:10ff3400232089001b008200f4014000ffffe5300c
:10ff44001210000010200000002404002528850061
:10ff54000230c2702b38a6000a00e01025204000b1
:10ff64002128a8002b38a8000600e014ffff442431
:10ff74002b38a6000400e050001c0300feff4424bc
:10ff84002128a800001c03002328a600a0ff0010bd
:10ff9400251864002b10a7004f00401425180000fa
:10ffa4002050ea7008004015200009242b28e500a1
:10ffb4004a00a054010002242b108600010042389c
:10ffc4000800e0032518000023482a010610260132
:10ffd400043847012538470002440700041045014e
:10ffe400062825011b00a800f40100010660240175
:10fff400ffffeb3025608201021c0c000430460137
:020000041d01dc
:100004001228000010480000004c09002548230174
:10001400021065712b6822010a00a0112518a000a6
:10002400214827012b6827010600a015ffffa32400
:100034002b6822010400a05123482201feffa324bf
:1000440021482701234822011b002801f401000153
:10005400ffff85311240000010480000004c0900e9
:1000640025282501025868712b10ab000a004010a6
:10007400254800012128a7002b10a70006004014e2
:10008400ffff09252b10ab000400401000140300ef
:10009400feff09252128a7000014030025104900ac
:1000a400190046002328ab00103800002b18a700c5
:1000b40007006014123000000800a714251800007f
:1000c400042044012b20860004008010000000005e
:1000d400bbff0010ffff4224251000000800e003ce
:0400e4000000000018
:020000040000fa
:020000041d01dc
:1000e80078ffbd278400bfaf8000beaf7c00b7afec
:1000f8007800b6af7400b5af7000b4af6c00b3afa2
:100108006800b2af6400b1af6000b0af2590800066
:100118002588c0002598e0001400958c1800828c72
:100128005800a2a64200a2962000838c845a627cc2
:100138004200a2a64400b08e0f00c0105400b48e36
:100148000d00e010000005960000c28cd000a2103f
:10015800feffe3242510c000ffff062406006610fa
:10016800080042240000448cfcffa414ffff632411
:100178000400548c5400b4ae2000438e01000224c5
:10018800090062501400568e039d103c68a8102682
:1001980025f0200225b80000ffff1624039d143c1b
:1001a800ac000010e0a894263800a0af4000a0af33
:1001b8004400a0af4800a0af4c00a0af0000428ea2
:1001c8003c00a2a7039d023c283a42241000a2af9b
:1001d800039d023c483a42241400a2af039d023c0e
:1001e800683a42241800a2af0c00428e1c00a2af4d
:1001f800029d023cc44e42242000a2af039d023c53
:1002080014c142242400a2af039d023c60be4224d4
:100218002800a2af029d023c204842242c00a2af35
:10022800039d023c44cc42243000a2af3400b6af58
:100238001800428ea9d1400f3e00a2a7abd1400fb3
:100248004000a2a74200a2a71c00428e4400a2a31d
:100258002000428e4500a2a3010002244600a2a766
:100268003f00c28a3c00c29a4800a2af4000c29236
:100278004c00a2a34100c2924d00a2a35000a0a32b
:100288001000a2275400a2af5800b4af0800028e95
:100298005000a52709f8400000000496ffff03243a
:1002a800160043104c00a2ae1c00028e0300052469
:1002b80009f8400000000496ffff0324b2ff43142e
:1002c8005000a2ae5000a0aeb5d1400f4c00a0ae79
:1002d8004900405025800000b3d1400f00000000c5
:1002e8000400068e019d053c30d3a524a2a3400f2f
:1002f800252040004000001025800000b5d1400fa7
:100308004c00a0ae03004014000000003a000010aa
:1003180025800000b3d1400f000000000400068ec5
:10032800019d053c00d3a524a2a3400f2520400031
:1003380031000010258000003e0000102528e00252
:100348003c0000102528e002b5d1400f0000000055
:100358002800401001000324b3d1400f0000000022
:100368000000068e019d053c54d3a524a2a3400f8e
:10037800252040001f000010010003241d008010ec
:10038800251800004400a28e4c00428c010006246f
:1003980009f8400096070524080040102580400011
:1003a8004200a296010003248473627cc47b027c11
:1003b8004200a2a60f00001025180000b5d1400f7a
:1003c800000000000d00405025100002b3d1400f7e
:1003d800000000004400a38e0400668c019d053ccb
:1003e80088d3a524a2a3400f2520400003000010b5
:1003f8002510000201007038251000028400bf8f0c
:100408008000be8f7c00b78f7800b68f7400b58fe0
:100418007000b48f6c00b38f6800b28f6400b18f26
:100428006000b08f0800e0038800bd272510200277
:100438000400458c0400028e09f840002520400283
:10044800c1ff4010000000000c001026cbff145222
:100458005000a48ef7ff20122528c003b8ff6012b1
:100468000000048e0000228ef0ff8210feff63263b
:1004780025102002b0ff7610080042240000458ca9
:10048800fcff8514ffff6324eaff00100400458c7d
:0804980037ff00102510c00021
:020000040000fa
:020000041d01dc
:1004a000c8ffbd273400bfaf3000beaf2c00b7afd0
:1004b0002800b6af2400b5af2000b4af1c00b3af26
:1004c0001800b2af1400b1af1000b0af4000a6af3b
:1004d00000a0023c421c42902b1082001f004010e2
:1004e0004c00b38f2590a0000500a2300500032426
:1004f0002000431025a0e0000600a23006000324df
:100500004d0043100900a230090003245a00431093
:100510000a00a2300a0003246700431440100400bc
:10052000218044008080100023800402c0801000dd
:10053000b400102600a0113c401c3126218030025e
:10054000211044008010020021104400801002009d
:10055000cc01422418000010218822022a00605297
:10056000ffff0224fdff0224000062ae26000010ff
:10057000ffff022401008224408002002180020249
:100580008080100023800202c0801000040010262a
:1005900000a0113c401c3126218030024010040094
:1005a000211044008010020021204400802004001b
:1005b00098018424218824020000028e4400401007
:1005c0003000423246004010200056320400c05233
:1005d00025b000000800228e4a00401001001624b9
:1005e00000a0023c411c43900100022449006250db
:1005f00000a0023c04006012ffff0224fcff022462
:10060000000062aeffff02243400bf8f3000be8fb7
:100610002c00b78f2800b68f2400b58f2000b48f30
:100620001c00b38f1800b28f1400b18f1000b08f70
:100630000800e0033800bd2740100400218044007a
:100640008080100023800402c08010000400102667
:1006500000a0113c401c31262180300221104400b2
:100660008010020021104400801002006401422426
:10067000d1ff001021882202401004002180440094
:100680008080100023800402c08010000c0110261e
:1006900000a0113c401c3126218030022110440072
:1006a0008010020021104400801002000002422449
:1006b000c1ff001021882202d3ff6052ffff0224f5
:1006c000fdff0224000062aecfff0010ffff0224f6
:1006d000cdff6012ffff0224cbff0010000062aece
:1006e0005400028eb9ff40100000000009f84000dd
:1006f00025208002b5ff401000000000b5ff00106b
:1007000020005236c0ff6012ffff0224beff00101f
:10071000000062aed81a5e902c00c01700a0023c08
:1007200025b80000c01017002110570080100200eb
:1007300000a0033cd81a632421a84300010002242e
:100740000000a2a200a0033c411c62a00000028e97
:100750004800a68f2528800209f840004000a48f99
:10076000ffff03242b0043100600a2a6c0101700b1
:10077000211057008010020000a0033cd81a632407
:1007800021104300080050ac0c0051ac040052a4ee
:1007900002006012030040a0000060ae9affc05249
:1007a0000100c22700a0023cc018170021b8770042
:1007b00080181700d81a572421b8e3020100022438
:1007c0000200e2a290ff00100100c227fc1a42249e
:1007d000010003240a000524ff007e30000044903d
:1007e000d0ff801025b8600001006324faff651473
:1007f0002400422400a0023c0100032413006012e4
:10080000411c43a0feff0224000062ae7eff0010e8
:10081000ffff022400a0043c24000324d81a8424ef
:100820000228e3722118a40077ff6012000060a084
:10083000fcff032474ff0010000063ae72ff001081
:10084000ffff022470ff0010ffff02246eff001064
:04085000ffff022480
:020000040000fa
:020000041d01dc
:10085400b8ffbd274400bfaf4000beaf3c00b7aff8
:100864003800b6af3400b5af3000b4af2c00b3af2e
:100874002800b2af2400b1af2000b0af1c00838cbd
:10088400030002244300621025a0800000a0023c63
:100894007c29538c240060162590a000cb00a01066
:1008a40000a0023c0400a39070294224100043a03d
:1008b4000400428c080040100000908c0400601476
:1008c40000a0023c7029428c040050500c00848e1d
:1008d400ea80400f000000000c00848e00a0033c5e
:1008e40070296224080044ac702970ac0800438e5f
:1008f400300043ac0c00438e340043ac1000438ef4
:10090400380043ac1400438e3c0043ac2000438ebb
:10091400400043a42400438e420043a40400428cbc
:100924002c0040500800828c00a0103c7029102636
:100934000400118e4ed0400f1400848e10000392d8
:100944009c0060540021020000a0023c7029422453
:100954000c00438c010063240c0043ac0100102400
:10096400251000024400bf8f4000be8f3c00b78fab
:100974003800b68f3400b58f3000b48f2c00b38f9d
:100984002800b28f2400b18f2000b08f0800e0034c
:100994004800bd2700a0023c8029509003000016a7
:1009a40000a0023ceeff0010010010247429518cb9
:1009b4004ed0400f1400848c0021020023208200ba
:1009c40080200400e1bf400f21202402e5ff001035
:1009d400251000023c00062409f8400025280002e6
:1009e4002588400000a0023c7a002012742951acf2
:1009f4000000438e4010030021104300c010020089
:100a0400280042241000a2af00a0023c7029428cae
:100a14004a00401800a0173c7029fe26039d163c8e
:100a2400181fd626039d153c8cecb526039d023c6d
:100a3400983d42241400a2af039d023c1e00001006
:100a44001800a2afea80400f00000000c5ff0010ac
:100a54002510000212c1400f140024263300401058
:100a64000000000012c1400f240024262f00401073
:100a7400010073260000228e0c00428c1800438e65
:100a84000210437063004224eb51033c1f8563341e
:100a9400190043001010000042110200340022ae7d
:100aa4001c00428e380022ae7029e28e2a106202a7
:100ab400220040103c0031260800c48f0400828cc0
:100ac40009f840001000a58fdeff4010258040008b
:100ad40028004224000002ae040011ae18000224d3
:100ae400080002ae0000428e0c0002ae0100022497
:100af400100002ae140016ae180015ae1400a28f3a
:100b04001c0002ae1800a28f94444224200002aebe
:100b1400e4c7400f25200002000030ae12c1400f90
:100b240004002426cbff401400000000ea80400f9c
:100b3400258000008bff001025100002efc8400f35
:100b440000a0103c70291026440002aed0070624f1
:100b5400019d053cfcdba5246ab5400f020004247a
:100b64001c0002ae00a0043cb3cf400f90298424a3
:100b74004400038e0b00601000a0033c8c29638c9e
:100b84000800601000000000060040100000000093
:100b940000a0023c70294224180040ac62ff0010ff
:100ba400140040acea80400f258000006dff001067
:100bb400251000022320820080200400e1bf400fa2
:100bc4002120240261ff001000a0023c64ff0010f9
:0c0bd4002580000062ff0010258000005a
:020000040000fa
:020000041d01dc
:100be000d0ffbd272c00bfaf2800b6af2400b5afa3
:100bf0002000b4af1c00b3af1800b2af1400b1af07
:100c00001000b0af1c00838c030002241700621098
:100c100025a88000e480918f1e00201225a0a0004e
:100c20001400a48e4200829408004230c200401496
:100c300025300000e480828f01004224e48082afee
:100c4000010002242c00bf8f2800b68f2400b58f2e
:100c50002000b48f1c00b38f1800b28f1400b18f26
:100c60001000b08f0800e0033000bd271400848c12
:100c70004200839408006330f2ff601001000224f8
:100c8000253000007ca4400f25280000edff001057
:100c90000100022400a0023c1c2a40ac1c2a422471
:100ca000040040ac080040ac0c0040ac100040ac6c
:100cb000140040ac180040ac1c0040ac200040ac1c
:100cc000a100a010240040ac0c00848c00a0023cc9
:100cd0002c2a44ac0400a28c408002002180020235
:100ce00000811000280010260400828c09f84000c2
:100cf000252800029600401025984000253000026b
:100d00002528000050a6400f25204000280062261c
:100d1000000062ae040073ae30000224080062ae30
:100d20000400828e0c0062ae01001024100070ae30
:100d3000039d023cf8034224140062ae039d023c72
:100d400030884224180062ae039d023c883a422457
:100d50001c0062ae039d023c0cd14224200062ae16
:100d6000e4c7400f2520600200a0033c1c2a73ac9e
:100d70001c2a6324ffff0224240062a40800828e40
:100d8000140062ac0c00848e200064a41400828ed7
:100d9000220062a4180070acffff563080b016002d
:100da000ffff84301000842421b0c4020400828e2e
:100db0002a00401880b016000c000010259060003a
:100dc00000a0043cf0a2400f1c2a84249dff0010c8
:100dd00025100000200002ae010031260400828ea2
:100de0002a1022021e004010c800062425282002d6
:100df00031cd400f25206002258040001000448e38
:100e00000400828c09f840002528c002ecff401045
:100e1000040002ae200000ae100000ae140000aed0
:100e2000200043960600605022004396100002ae58
:100e300020004396801803002110430022004396af
:100e4000e5ff6050200002ae140002ae220043967f
:100e500000190300dfff001021104300c800062422
:100e6000029d053cc4a6a5246ab5400f0f000424ca
:100e700000a0033c12004010282a62ac00a0023cf3
:100e8000402a4384ffff0224050062102530000041
:100e900000a0023c1c2a422461ff0010e88082afbf
:100ea0003500052400a0023cc1cf400f342a448cf9
:100eb00025804000ffff022406000256530005244f
:100ec00000a0043c3cbb400f1c2a84245dff0010a2
:100ed00025100000c8cf400f252000025300422cef
:100ee00007004010253000005300062405000524ab
:100ef000e04b400f25200002170040102530000075
:100f000002000524e04b400f252000022538000098
:100f1000039d063c3828c624000105244bb7400f2a
:100f2000252000020c0040100000000000a0023c40
:100f3000d7ff0010402a50a47ca4400f25280000b1
:100f40003dff0010e480828f3eff0010251000005e
:100f50003cff00102510000067b0400f2520000264
:080f6000d8ff001000a0043cc2
:020000040000fa
:020000041d01dc
:100f68000a3d3d3d3d3d3d3d3d3d3d3d3d3d3d3ddc
:100f78003d3d3d3d3d3d3d3d3d3d3d3d3d3d3d3d99
:100f88003d3d3d3d3d3d3d3d3d3d0a204f52494f94
:100f98004e206265616d666f726d6572206f6e209e
:100fa80055444947505342303138330a20636f6ef5
:100fb80074726f6c3a2054435020706f72742032f0
:100fc8003332330a3d3d3d3d3d3d3d3d3d3d3d3d9b
:100fd8003d3d3d3d3d3d3d3d3d3d3d3d3d3d3d3d39
:100fe8003d3d3d3d3d3d3d3d3d3d3d3d3d0a0000d6
:100ff80050726f62696e67206265616d666f726daf
:1010080065722e2e2e0a000020204445564943457d
:101018005f4944203d203078000000002020205205
:1010280045564953494f4e203d2000000a00000014
:1010380020206964656e74696669636174696f6e9e
:10104800205041535345440a0000000020204e4fd1
:1010580054453a207265766973696f6e20646966d3
:10106800666572732066726f6d207265666572655b
:101078006e636520312e310a00000000202064656f
:101088006661756c7420636f6e66696775726174ea
:10109800696f6e206170706c6965640a00000000f9
:1010a80020204e4f20444556494345202d204d4988
:1010b800534f2072656164732030783030206f6e32
:1010c8002065766572792072656769737465720a3e
:1010d8000000000020204d49534f20535455434be6
:1010e8002048494748202d20726561647320307874
:1010f80046462e20436865636b20706f7765722cb7
:10110800204d49534f0a2020776972696e672c2059
:101118006e4353207265616368696e672074686501
:10112800206465766963652c206c6576656c207330
:10113800686966746572732e0a0000002020575291
:101148004f4e4720444556494345204944202d20c9
:1011580062757320746f67676c65732c20616e739a
:101168007765722069732077726f6e672e0a202068
:101178005375737065637420535049206d6f6465af
:1011880020286e6565642043504f4c3d3020435005
:1011980048413d3029206f7220776972696e672e49
:1011a8000a0000002020544350207365727665724f
:1011b8002077696c6c207374696c6c20737461722d
:1011c80074202d20636f6e6e65637420616e6420d9
:1011d8002770726f6265270a000000002041505096
:1011e8003a205443502f495020737461636b20692f
:1011f8006e697469616c697a6174696f6e20666181
:10120800696c6564210d0a0020202020496e7465f0
:101218007266616365202573206f6e20686f737432
:10122800202573202d204e424e532064697361623d
:101238006c65640d0a000000204950204164647206
:101248006573733a2000000025642e25642e2564fa
:101258002e2564200d0a000057616974696e6720a5
:10126800666f7220436c69656e7420436f6e6e659d
:101278006374696f6e206f6e20706f72743a2025e8
:10128800640d0a00626f6f7400000000626f6f7473
:10129800206c6f6720656d7074790a0068656c70e2
:1012a800000000002020626f6f7420202020202082
:1012b800202020202020202020202020207265703f
:1012c8006c61792073746172742d7570206c6f670e
:0c12d8000a0000006f72696f6e3e20007b
:020000040000fa
:020000041d01dc
:1012e400b0ffbd274c00bfaf4800beaf4400b7af4e
:1012f4004000b6af3c00b5af3800b4af3400b3af74
:101304003000b2af2c00b1af2800b0af0f000524fd
:1013140011c8400f03000424010042300d004014a2
:10132400400013244c00bf8f4800be8f4400b78f89
:101334004000b68f3c00b58f3800b48f3400b38fb3
:101344003000b28f2c00b18f2800b08f0800e0036a
:101354005000bd2700a0153cf029b6260001143c1e
:101364004c0000107f009426020042300c004050d4
:101374001800328ec880838fc880828ffdff62146c
:101384000000000027004014edff05243f0000107a
:1013940003000624f7ff4014000000001800328efa
:1013a4000000508e808010003c001032211050024a
:1013b4001c0022ae1000238effff10320c0062943a
:1013c400231050000c0062a45b56400f02004496a8
:1013d400020042a623105000200022a65b56400fb4
:1013e40006004496060042a60400428eff3f033cda
:1013f4002418620009004292060004241c004410d0
:101404000a000424110004241900441009000424cf
:101414000100042415004410f1ff05241b000010f2
:101424000300062487bb400f2520c002f029b28e9a
:101434007f0040120000000008004292fcff405070
:101444000000528e0400428e2528000209f8400054
:1014540025202002f6ff40500000528e1dbf400f91
:101464002520c002ceff00101800328e060004248e
:1014740008006014010006244fb3400f2528200201
:1014840004000010000000000300062498af400f81
:1014940025202002a0cb400f03000424a1ff40100c
:1014a400258840001800328e00004292f00042303d
:1014b400f5ff5314f2ff05240000508e80801000c5
:1014c4003c0010321400022eefff4014ffff1732cd
:1014d4001000228e0c0042942b105700ebff401496
:1014e400030006245b56400f0200449625f040009a
:1014f4002b105700e4ff4014f2ff052442ca400faa
:10150400252020022b105e00dfff4014f2ff05248b
:1015140028003e8edcffc013edff05244200c29775
:1015240040004230d9ff4010030006240c00438ed3
:10153400ffff0224d5ff6250f5ff05240800c28f87
:10154400271002000400c48f25104400cfff62500e
:10155400f5ff05241000428eccff4010f4ff052453
:10156400253000002528e0026356400f2520400264
:10157400c5ff4014f6ff05240000468e0400448e87
:101584000800458e0c00438e1000428e1000a6af5a
:101594001400a4af1800a5af1c00a3af2000a2af95
:1015a4005b56400f022404001600a2a7ff3f023c32
:1015b4001400a38f24104300b3ff4014f2ff05244a
:1015c4000400c58f2000a48f0800c38f2410a3003b
:1015d40068ff8210ffff062463ff8610c480828f99
:1015e40027180300251865005fff83102000a393cc
:1015f400f0006330e000062466ff665004004230c9
:1016040003009410010042305affa41400000000ab
:1016140058ff40140000000061ff00101800328ed3
:1016240099ff0010f2ff052497ff0010f5ff052431
:101634001dbf400f2520c00293ff0010edff0524bd
:020000040000fa
:020000041d01dc
:10164400a8ffbd275400bfaf5000beaf4c00b7afda
:101654004800b6af4400b5af4000b4af3c00b3aff0
:101664003800b2af3400b1af3000b0af258880008d
:101674000300a5281100a0100400928c8080828fa2
:101684000c00401825980000009d153cc039b52673
:10169400009d1e3c009d173c8839f726009d163c92
:1016a4009039d626009d023c7c3942248f000010dc
:1016b4002800a2afa8000010010002240000828cc0
:1016c4000000428c009d053c9c39a52409f840008b
:1016d400252040020000228e0000428c009d053c23
:1016e400b039a52409f84000252040029a000010d2
:1016f400251000006ad1400f252000020000238e2f
:101704000400638c25304000003ac52709f86000c6
:10171400252040026ecc400f252000021000a2af0d
:10172400140006241400a5278ea8400f1000a42737
:101734000000228e0400428c1400a627009d053c64
:10174400243aa52409f840002520400269c5400f29
:10175400252000021000a2af140006241400a527bf
:101764008ea8400f1000a4270000228e0400428c93
:101774001400a627009d053c383aa52409f840002a
:101784002520400245cd400f252000021000a2afc5
:10179400140006241400a5278ea8400f1000a427c7
:1017a4000000228e0400428c1400a627009d053cf4
:1017b400443aa52409f84000252040024fcd400fab
:1017c400252000021000a2af140006241400a5274f
:1017d4008ea8400f1000a4270000228e0400428c23
:1017e4001400a627009d053c543aa52409f840009e
:1017f4002520400259cd400f252000021000a2af41
:10180400140006241400a5278ea8400f1000a42756
:101814000000228e0400428c1400a627009d053c83
:10182400603aa52409f8400025204002accf400fbf
:1018340025200002140006241400a52723b0400f1d
:10184400252040000000228e0400428c1400a627ac
:10185400009d053c6c3aa52409f84000252040026f
:101864000000228e0400428c009d063c803ac6246f
:10187400009d053c943aa52409f840002520400227
:101884000000228e0400548c7ac5400f25200002eb
:10189400030040142800a68f009d063c8039c6240e
:1018a400009d053ca03aa52409f8800225204002a9
:1018b4000000228e0400548c35ca400f25200002fb
:1018c4002530c0020b30e202009d053cb03aa5244d
:1018d40009f8800225204002010073268080828f4f
:1018e4002a1062021c0040100100022447c5400f68
:1018f4002520600225804000140006241400a5273a
:1019040057ae400f252040000000228e0400548c66
:1019140033ce400f25200002253840001400a627ae
:101924002528a00209f88002252040029ecf400ffe
:10193400252000026fff4014009d053c0000228e0c
:101944000000428cec39a52409f84000252040020f
:10195400e2ff0010010073265400bf8f5000be8fb9
:101964004c00b78f4800b68f4400b58f4000b48f49
:101974003c00b38f3800b28f3400b18f3000b08f89
:081984000800e0035800bd2734
:020000040000fa
:020000041d01dc
:10198c00c0ffbd273c00bfaf3800b6af3400b5afc9
:10199c003000b4af2c00b3af2800b2af2400b1af0d
:1019ac002900c0142000b0af2598a0000200142418
:1019bc003c00828cb40040102590a000258880004b
:1019cc0038008524a0bb400f25204000210040108a
:1019dc00258040003f0042883c00029a1000a2afd4
:1019ec00400002921400a2a3410002921500a2a38f
:1019fc003c0030ae2528400265bc400f252000027b
:101a0c0025804000a100001225100000280050aed7
:101a1c00000807243c0006261000a527c4a7400f89
:101a2c00252040022200429610004234220042a699
:101a3c0001000624252840023aa2400f252000026e
:101a4c00920000100100022425988000d8ff00109d
:101a5c00010014243800368effff02242200c252eb
:101a6c001000a2af3c00358e94cb400f2520a00275
:101a7c001c00c212ffff02243800229220004224d4
:101a8c00ff0042301000422c3200401401000224ae
:101a9c003800238e0400a28e261062000800a48e4b
:101aac0024104400010040540c00a38e1800a3af76
:101abc00010007241000a6271800a5273ea8400ff8
:101acc002520a002020003247c0043104408027c61
:101adc000100032407004310252840026b0000106e
:101aec00251000001000a2af1400a2a71000b02710
:101afc002528400265bc400f3c00248e6d00401030
:101b0c0025884000280042ae000807243c004624eb
:101b1c0025280002c4a7400f2520400242ca400fce
:101b2c0025204002f2ff42245e002396ffff423044
:101b3c002b18620055006054251000001200001292
:101b4c002528400227c9400f252020024f000010f5
:101b5c000100422c1000a2a31100a0a35e000224dd
:101b6c001200a2a3390022927f0042301300a2a3dc
:101b7c003a0022921400a2a33b0022921500a2a3c9
:101b8c00dbff00101000b027d080828f19004010ae
:101b9c00253000005800309600a0043c87bb400f55
:101bac000c2a842400a0043cf3c7400f002a842490
:101bbc002300401025284000040054a0050050a02c
:101bcc00080053ac1800a38f0c0043ac00a0103cd1
:101bdc0070cb400f0c2a04261dbf400f0c2a042684
:101bec002200429608004234220042a62700001030
:101bfc0001000224029d053cf4dea524b1bd400f7a
:101c0c0025200000e3ff4014d08082afb5d1400ff7
:101c1c00000000000200432c1c0060142510000082
:101c2c00b3d1400f00000000039d053cbcd0a5249f
:101c3c00a2a3400f25204000140000102510000026
:101c4c00b5d1400f000000000200422c06004010ed
:101c5c000000000000a0043c1dbf400f0c2a84248f
:101c6c000a00001025100000b3d1400f0000000046
:101c7c00039d053cecd0a524a2a3400f25204000d9
:101c8c00f5ff001000a0043c251000003c00bf8fa5
:101c9c003800b68f3400b58f3000b48f2c00b38f62
:101cac002800b28f2400b18f2000b08f0800e00311
:101cbc004000bd27f5ff0010251000008cff001020
:041ccc001000b0272d
:020000040000fa
:020000041d01dc
:101cd0000000000004000000000000000000000000
:101ce000ec1c019d402f039d00000000f01c019d95
:101cf000287a029d402a039de02e039d7c07029dc9
:101d0000ac3f039d102f039d101d019d000000009e
:101d1000c444039d48ef029dd829039dc045039dff
:101d200000000000903f039d5041039d0100000012
:101d3000341d019d5c1e019d041e019dac1d019d75
:101d4000541d019d00000000000000000000000084
:101d500000000000043f039d1876019dec2e029dbb
:101d60001c88019d802f019df0e6029d000000006f
:101d700000000000443d029d000000009cc1029d47
:101d80006479029d1020019d00000000c81a039d87
:101d90002cdd029dc410039dd49f019da089029d4e
:101da000b4f2029d04a9029d202e039de83e039dee
:101db0001876019dec2e029d1c88019d802f019daf
:101dc000f0e6029d0000000000000000443d029d7e
:101dd000000000009cc1029d6479029d1020019dbd
:101de00000000000c81a039d2cdd029dc410039d55
:101df000d49f019da089029db4f2029d04a9029d79
:101e0000202e039d4c23039d84f2019d9890029dfa
:101e10009cd4019d949a019d5014039dcc0e039d6a
:101e2000302d039ddc1e039dc4eb029d1cd0029d42
:101e30008851029dc4fb029d7052029d28ec029db8
:101e4000fcda029d140f039d20d3019db44a019d2d
:101e5000602d039d4819039df02d039de413029d01
:101e600084f2019d9890029d9cd4019d949a019dbd
:101e70005014039dcc0e039d302d039ddc1e039d4d
:101e8000c4eb029d1cd0029d8851029dc4fb029da3
:101e90007052029d28ec029dfcda029d140f039df6
:101ea00020d3019db44a019d602d039d4819039dd7
:101eb000f02d039d0b000000030000004c1f019d4e
:101ec0000600000000000000020000009c1f019db1
:101ed00009000000841f019d0a0000007c1f019d75
:101ee0000e0000008c1f019d0f0000005c1f019d73
:101ef0001d000000781f019d19000000901f019d2a
:101f000001000000b02a00a040100000f01f019d59
:101f10000100000060e9029d68e9029d74e9029dec
:101f200088e9029d94e9029da0e9029dace9029d29
:101f3000b8e9029dc0e9029d090000003428029d15
:101f40000000000000000000000000000a00000087
:101f50000000000000000000000000000100000080
:101f60000500000000000000050000000100000066
:101f70000100000000000000040000000a00000052
:101f8000000200020a000002000000000000000041
:101f90000200000000001700000000000500000023
:101fa00001000000b00400003c000000020000003e
:101fb000320000004b0000000100000003000000a0
:101fc0000100000000000000009088bf0000000039
:101fd00013000000f041039d000000006802039d13
:101fe000e81f019d0000000000000000009088bf75
:101ff0000800000608000400000001000200e803d9
:102000001f050000009088bf4847029dc41f019d26
:020000040000fa
:020000041d01dc
:10201000c0ffbd273c00bfaf3800b5af3400b4af40
:102020003000b3af2c00b2af2800b1af4fca400fa1
:102030002400b0af14004010258000002588400027
:1020400035c9400f25204000100040102510000227
:10205000400027960002e230150040540c00228e0a
:102060000800308e0000228e23800202ffff103213
:1020700006000012251000023c00239601000224f5
:102080000d00621025800000251000023c00bf8f6b
:102090003800b58f3400b48f3000b38f2c00b28f6e
:1020a0002800b18f2400b08f0800e0034000bd2756
:1020b000efff0010500050941400228e9b0040103f
:1020c0008000e230690040508001e77c2400228ecd
:1020d000660040508001e77c4000229603004230b9
:1020e000020003246d004310000000000c00328e3b
:1020f0001800228e340042ae1400228e380042ae08
:102100002400228e3c0042ae400022960002423063
:10211000660040101c00538e440055265000509617
:10212000080002241000438e0c0064942110440027
:102130000c0062a408001426ffff94325b56400f87
:102140002a002496000062a65b56400f28002496c1
:10215000020062a65b56400f25208002040062a6a2
:10216000060060a63400428e1000a2af3800428ef6
:102170001400a2af1800a0a3110002241900a2a30a
:10218000040062961a00a2a7253000000c00052466
:102190006356400f1000a42727100200ffff4630af
:1021a000400022960002423048004010252880025c
:1021b000080005246356400f252060022710020006
:1021c000ffff4630252800026356400f0800a48e0a
:1021d00027100200ffff423027100200060062a60f
:1021e00038004292f0004230e00003243c004310eb
:1021f0001c00a7275b0022921d00a2a34000228e94
:10220000002e437c1c00a3a38007427c1e00a2a3d7
:102210002530800211000524ce59400f25204002b0
:10222000000040ae25100000320042a682ce400fd2
:102230002520400295ff4014251000021000428e18
:102240000c0040a44000229600024230350040506d
:102250000000228e500040a622004296c418027c44
:10226000220042a688ff00102580000018002626c4
:1022700014002526d2a5400f2400248e2d004010e6
:10228000240022ae4000229601000324c439627c5f
:102290008431627c90ff0010400022a694cb400f56
:1022a0002400248e91ff0010140022ae0800308e0e
:1022b0000000228e23800202ffff10320800022657
:1022c000ffff423097ff001025a800006356400f23
:1022d0002520600227100200bfff0010ffff4230e0
:1022e0005b002292010003240a1062001d00a2a3d9
:1022f0004000228e002e437c1c00a3a38007427c5a
:102300001e00a2a32530800211000524ce59400fe3
:1023100025204002000040ae42002296c2ff00107d
:102320008000427cccff0010080022ae56ff001057
:0c2330002580000054ff001025800000f4
:020000040000fa
:020000041d01dc
:10233c004050050042550a00c04a0500427d040089
:10234c0025482f01c042040000800e3c25482e0178
:10235c0040680700426d0d00c0620700427d060018
:10236c0025608f01c05a060025608e012628a70023
:10237c002428ae00ffff4f25fe07e12d470020105b
:10238c0000000000ffffaf25fe07e12d6f002010bd
:10239c000000000002fcaf2521504f0119002c0158
:1023ac00123800001070000019000b011220000000
:1023bc001030000019002b011258000010680000aa
:1023cc002130cb002b78cb002138ed002138ef00e9
:1023dc000200ed10000000002b78ed002170cf0101
:1023ec0019000c0112400000104800002130c800f8
:1023fc002b78c8002138e9002138ef000200e910e1
:10240c00000000002b78e9002170cf0125788600b0
:10241c000200e011000000000100e73425480e0026
:10242c0006002005254007002a78000121400801fc
:10243c002148290121482f01ffff4a25ffff4f2585
:10244c00fe07e12d680020100000000000040825a4
:10245c0000040f2d21482f012b782f0121504f0103
:10246c00c27a08000100ef3123400f01c22208009c
:10247c00407d090025208f0040780900027b0f0069
:10248c002528af00007d0a002528af002510040088
:10249c00251805000800e003000000002a78000160
:1024ac0021400801214829011c00401521482f0119
:1024bc00257828011400e011000000000800201508
:1024cc00000000000300001500000000adff00102c
:1024dc0000000a242548000100000824e0ff4a25da
:1024ec0020702e71a7ffc0110000000023504e0178
:1024fc0022380e000638e8000440c8010448c9011f
:10250c00a0ff001025482701ff0701243300a1116b
:10251c0000000000ddff00100000000025782801fd
:10252c002e00e015000000000500a01500000000c2
:10253c0040780c002578eb012800e0110000000029
:10254c00ff0701242100a115000000002a7860017a
:10255c0021586b0121608c011900a01521608f019d
:10256c0025788b011400e011000000000800801594
:10257c0000000000030060150000000085ff001043
:10258c0000000d242560600100000b24e0ffad2548
:10259c00203086717fffc010000000002368a60168
:1025ac00227006000670cb010458cb000460cc00ee
:1025bc0078ff001025608e01b4ff00100000042489
:1025cc0025788b010500e01500000000f07f013c30
:1025dc002528a100adff001000000424f8ff053ce5
:1025ec00aaff001000000424f8ff401d00000000aa
:1025fc0001000e242370ca012000c12d07002014f5
:10260c0000000000e0ffce212b3008000d00091067
:10261c0025402601f8ff0010000009340900c01104
:10262c000000000022380e000430e8000438e900f5
:10263c000640c8010648c9010200c0102540e80048
:10264c00020008350004082500040f2d21482f0135
:0c265c0083ff0010c257090000000000be
:020000040000fa
:020000041d01dc
:10266800c000801000000000c000a01000000000a2
:10267800d8ffbd272400bfaf2000b3af1c00b2af06
:102688001800b1af1400b0af2588a0007000838c8b
:10269800feff022408006210258080002538a00073
:1026a800253000005798400f25280000f1fe03242c
:1026b800a60043142400bf8f200013266000028e5a
:1026c80001004324600003ae2110620280ff03244e
:1026d800000043a06000048e3900822c1f004014c3
:1026e8003800062440001224233044022528000024
:1026f80050a6400f21206402600012ae252060021f
:1027080060000726ff00063cff00c62400ff053cca
:1027180000ffa5340000838c021203002410460039
:10272800001a030024186500251043000214220033
:10273800000082ac04008424f7ff87540000838cd7
:1027480025286002e435400f252000027e00401451
:1027580038000624600000ae6000048e2330c400f8
:102768002528000050a6400f212064026400038e33
:102778006800028ec01002004227030021104400a6
:10278800680002aec0180300640003ae20000426ef
:102798002590000260000726ff00063cff00c624c3
:1027a80000ff053c00ffa5340000838c02120300e3
:1027b80024104600001a0300241865002510430061
:1027c80002142200000082ac04008424f7ff87541e
:1027d8000000838c580002266800042603008388c2
:1027e800000083985b0003aa000043b85c0002263f
:1027f8006400042603008388000083985f0003aa0e
:10280800000043b825286002e435400f2520000267
:102818004d0040142528000220000826ff00073c30
:10282800ff00e72400ff063c00ffc6340000448e8a
:10283800021a0400241867000022040024208600dd
:1028480025186400021c2300000043ae0400522631
:10285800f7ff12550000448e0300ab880000ab98c8
:102868000700aa880400aa980b00a9880800a9985c
:102878000f00a8880c00a8981300a7881000a79834
:102888001700a6881400a6981b00a4881800a4980e
:102898001f00a3881c00a39803002baa00002bbad2
:1028a80007002aaa04002aba0b0029aa080029ba94
:1028b8000f0028aa0c0028ba130027aa100027ba6c
:1028c800170026aa140026ba1b0024aa180024ba46
:1028d8001f0023aa1c0023ba096a033c67e6633475
:1028e800000003ae67bb033c85ae6334040003ae4f
:1028f8006e3c033c72f36334080003ae4fa5033cff
:102908003af563340c0003ae0e51033c7f52632446
:10291800100003ae059b033c8c686324140003aecf
:10292800831f033cabd96334180003aee05b033c60
:1029380019cd63341c0003ae600000ae640000ae25
:10294800680000ae780000ae2400bf8f2000b38f6f
:102958001c00b28f1800b18f1400b08f0800e0037c
:102968002800bd270800e00353ff02240800e00305
:0429780053ff0224e3
:020000040000fa
:020000041d01dc
:10297c0080ffbd277c00bfaf7800b6af7400b5af49
:10298c007000b4af6c00b3af6800b2af6400b1af0d
:10299c006000b0af0f00052411c8400f1f000424c5
:1029ac0002004230070040107c00bf8f7080838f84
:1029bc00f8ff62240200422c0b0040140800022491
:1029cc007c00bf8f7800b68f7400b58f7000b48f09
:1029dc006c00b38f6800b28f6400b18f6000b08f51
:1029ec000800e0038000bd271c00621009000224cf
:1029fc00f4ff62147c00bf8f2530000025280000f6
:102a0c0000a0043cd5c7400fb82984241ec3400f36
:102a1c00258840006480908f55c4400f238050005f
:102a2c001b000202f4014000121000001e00422c98
:102a3c0021004014010002247880828f0000428c17
:102a4c000400428c009d053cec3aa52409f840009a
:102a5c006880848fdaff0010708080af1880858fbb
:102a6c0000a0043c90cf400fb82984240300432cd1
:102a7c000c006014253840007880838f0000638c34
:102a8c000400638c00a0063cb829c624009d053cbc
:102a9c00c03aa52409f860006880848fc8ff001034
:102aac00708080af090002241ec3400f708082af7b
:102abc00c3ff0010648082afc2ff22127c00bf8f64
:102acc000c0021067880828f0000428c0400428c1e
:102adc002538200200a0063cb829c624009d053ce0
:102aec00c03aa52409f840006880848fb4ff001018
:102afc00708080af253000007480858f8bc5400faf
:102b0c001f000424708080af7880828f0000428c7c
:102b1c000000428c009d053c0c3ba52409f84000ac
:102b2c006880848f0100052400a0103c72a7400f20
:102b3c00b8290426259840000200052472a7400fee
:102b4c00b829042625a04000251062020b00405431
:102b5c00258000007880828f0000428c0400428c1b
:102b6c00b8290626009d053c383ba52409f84000f1
:102b7c006880848f93ff00107c00bf8f2588000035
:102b8c0000a0123cb8295226009d153c783bb52676
:102b9c0016000010009d163c010007245c00a627bf
:102bac0025282002aace400f252040027880828f53
:102bbc000000428c5f00a3931800a3af5e00a393a8
:102bcc001400a3af5d00a3931000a3af0400428ccc
:102bdc005c00a79325304002543bc52609f8400001
:102bec006880848f01003126208c117c2a103302de
:102bfc00e9ff40142a10140271ff40100100072451
:102c0c004c00a62725280002b2ce400f25204002fa
:102c1c002000a0af2400a0af2800a0af2c00a0afd4
:102c2c003000a0af3400a0af3800a0af3c00a0af84
:102c3c004000a0af4400a0af4800a0af2c00062479
:102c4c002000a5272e79400f4c00a4277880828f76
:102c5c000000428c0400428c2000a7272530400243
:102c6c002528a00209f840006880848f01001026f6
:082c7c00deff00102084107c33
:020000040000fa
:020000041d01dc
:102c8400d0ffbd272c00bfaf2800b1af2400b0afe8
:102c9400258880002580a0001400a0a71800a0affc
:102ca4004800828c1000a52709f840002520000266
:102cb400290040041800a6272800228e2528000099
:102cc40009f84000252000021000a2970800422cb9
:102cd40021004010f7ff02241000a2978018020080
:102ce400019d023cfc2c4224211043000000428c34
:102cf40008004000000000001c2d019d702d019d66
:102d0400d42d019d1c2e019d602e019db42e019d8c
:102d1400002f019d442f019d5000228e1800a68f84
:102d24002528000009f84000252000020a0040047c
:102d340001000324090043102c00bf8f010002246a
:102d44001000a2a74c00228e1000a58f09f84000a5
:102d540025200002010002242c00bf8f2800b18f1f
:102d64002400b08f0800e0033000bd275400228ef9
:102d74001400a52709f8400025200002f6ff4004ae
:102d840001000324f5ff43102c00bf8f1400a28719
:102d940007004104252800001000a0af4c00228e3b
:102da40009f8400025200002ebff00100100022476
:102db400020002241000a2a74c00228e1000a58f4e
:102dc40009f8400025200002e3ff0010010002245e
:102dd4005800228e1800a78f0041062425280000e1
:102de40009f8400025200002dbff40040100032411
:102df400daff43102c00bf8f030002241000a2a7a7
:102e04004c00228e1000a58f09f8400025200002f6
:102e1400d1ff0010010002245000228e1800a68f5a
:102e24002528000009f8400025200002caff4004bc
:102e340001000324c9ff43102c00bf8f04000224a7
:102e44001000a2a74c00228e1000a58f09f84000a4
:102e540025200002c0ff0010010002245400228e2d
:102e64001400a52709f8400025200002baff4004f9
:102e740001000324b8ff4310004103241400a29767
:102e840000414430b4ff8354ffff02241200a2a780
:102e9400050002241000a2a74c00228e1000a58f6a
:102ea40009f8400025200002abff001001000224b5
:102eb4001200a6975800228e1800a78f0041c6382a
:102ec4002528000009f8400025200002a2ff400444
:102ed40001000324a1ff43102c00bf8f060002242d
:102ee4001000a2a74c00228e1000a58f09f8400004
:102ef4002520000298ff0010010002245000228eb9
:102f04001800a68f2528000009f84000252000029b
:102f140091ff40040100032490ff43102c00bf8f55
:102f2400070002241000a2a74c00228e1000a58fd7
:102f340009f840002520000287ff00100100022448
:102f44005400228e1400a52709f840002520000211
:102f540081ff40040100032480ff43102c00bf8f35
:102f64001400a297004142302b1002007aff001097
:0c2f74002310020078ff0010ffff022471
:020000040000fa
:020000041d01dc
:102f8000e0ffbd271c00bfaf1800b2af1400b1af07
:102f90001000b0af2580a0004fca400f2590c000a0
:102fa000aa004010258840000d00022eae004010ff
:102fb00080801000019d053ccc2fa5242128b00065
:102fc0000000a28c08004000000000000030019dbd
:102fd0001830019d3030019d4830019d9430019d95
:102fe000d430019de830019df430019d0031019df8
:102ff0001831019d2431019d2032019d3432019d03
:103000000100522e400022968410427e400022a6eb
:103010008f000010010002240100522e4000229671
:10302000c418427e400022a689000010010002243c
:103030000100522e400022960421427e400022a62a
:103040008300001001000224030052324000229647
:103050000408427e09004012400022a6ffff02241d
:10306000140022ae40002296010003240442627c38
:10307000400022a67600001001000224140020aeb9
:10308000400022960442027c400022a670000010fc
:103090000100022440002396000263306c0060149b
:1030a000251000002b9012004000238e8002637ccc
:1030b0006700721001000224b9bb400f25202002d6
:1030c000400022968452427e400022a660000010fa
:1030d00001000224b9bb400f25202002100032a6b7
:1030e0005b000010010002243e0032a258000010d4
:1030f000010002245a0032a25500001001000224ef
:103100002b901200420022960400427e420022a62a
:103110004f000010010002245b0032a24c0000109e
:10312000010002244a004012251000000000428ed7
:10313000010042300c0040500000428e0400438edb
:1031400040002296c418627c400022a60400438ef0
:103150000421627c400022a60400438e8410627c1d
:10316000400022a60000428e02004230070040507c
:103170000000428e0400428e4000427c42002396b2
:103180000421437c420023a60000428e040042300a
:10319000070040500000428e0400428e8000427cb6
:1031a000420023964429437c420023a60000428e1d
:1031b00008004230070040500000428e0400428e5a
:1031c000c000427c420023968431437c420023a607
:1031d0000000428e10004230070040500000438e35
:1031e0000400428e0001427c420023968410437cfe
:1031f000420023a60000438e2000633014006010bc
:10320000010002240400428e4001427c42002396c9
:10321000c418437c420023a60d00001001000224c4
:1032200042002296046a427e420022a60800001054
:10323000010002242b901200420022968473427ee9
:10324000420022a602000010010002242510000006
:103250001c00bf8f1800b28f1400b18f1000b08f08
:103260000800e0032000bd27f9ff00102510000032
:020000040000fa
:020000041d01dc
:10327000c0ffbd273c00bfaf3800b6af3400b5afcc
:103280003000b4af2c00b3af2800b2af2400b1af10
:103290002000b0af0f00052411c8400f090004241e
:1032a000010053300b006016010016243c00bf8f54
:1032b0003800b68f3400b58f3000b48f2c00b38f38
:1032c0002800b28f2400b18f2000b08f0800e003e7
:1032d0004000bd27600000100f00142425280002c4
:1032e0006356400f2520400289000010f6ff052498
:1032f00026000010251800002b0000100200843466
:10330000040063341c00068e0500c05008006334be
:103310001000a5302d00a0501800258e0800633441
:10332000251883004600745001000224010008257e
:1033300045000a11040029250000308dfcff0052d1
:1033400001000825420007960200e330f8ff6050b4
:10335000010008255a0004924c00038e2a186400cc
:10336000f3ff6050010008252a000396f0ff625425
:10337000010008253c000396ddff76102520600241
:10338000eaff6014251860022520000028000c9632
:1033900000004696d8ff8611400005960400a6302e
:1033a00002006c340b1886012400068ed5ff66518e
:1033b00004008434d2ffc0100800a630d2ffc050f1
:1033c0001c00068ecfff0010040063340c00a58c97
:1033d000d7ffc5540100082508008434d1ff941498
:1033e000251883004000e7300500e010e0000324ca
:1033f0001000a292f000423014004314f1ff0524a3
:103400002528200270cb400f440004265800029665
:103410000001423010004010000000005000028ef9
:103420000d0040105400078e000106242800258e50
:1034300009f8400012000486070000100000000098
:10344000e8ff00103c0002a6f1ff05240900062455
:1034500098af400f25202002a0cb400f0900042484
:1034600092ff401025884000200022960800422c40
:10347000f6ff4054f2ff052422002296000242305b
:10348000f2ff4014f1ff05241c00328e5b56400f02
:10349000040044962580400020002296ebff501443
:1034a000f2ff0524060042961b0040101800358ede
:1034b0000c00a28e1000a2af1000a28e1400a2afca
:1034c0001800a0a3110002241900a2a30400429630
:1034d0001a00a2a7253000000c0005246356400ff7
:1034e0001000a42727100200220023960400633056
:1034f0007aff6010ffff46302538c00025300002fb
:10350000252840020a89400f25202002f6ff0524c5
:10351000cfff4014090006245b56400f000044967c
:10352000000042a65b56400f02004496020042a6ed
:10353000f8ff1026040050a62c818a8f0400401941
:1035400028002b8e3081898f7bff001025400000e2
:08355000beff0010f1ff05248d
:020000040000fa
:020000041d01dc
:1035580088f7bd277408bfaf7008beaf6c08b7af57
:103568006808b6af6408b5af6008b4af5c08b3af1d
:103578005808b2af5408b1af5008b0af25888000e2
:10358800010002241a00a2100400938c0000828c0f
:103598000000428c009d053cd42aa52409f840006f
:1035a800252060020000228e0000428c009d053c10
:1035b800e82aa52409f8400025206002251000000b
:1035c8007408bf8f7008be8f6c08b78f6808b68ff5
:1035d8006408b58f6008b48f5c08b38f5808b28f41
:1035e8005408b18f5008b08f0800e0037808bd2751
:1035f80067d1400f25a8a0008500401825b04000dd
:1036080025900000009d023cf82a42244808a2aff9
:10361800009d1e3c009d023c382c42244408a2af69
:10362800009d023c782c42244008a2af009d023c39
:10363800190000104c08a2af0000428c4408a58f66
:1036480009f84000252060020000228e0400428c08
:10365800253080024c2cc52709f84000252060023f
:103668001008a727320006244000a5273ac1400fba
:10367800252000024c0040144408a58f0000228e2b
:103688000000428c09f84000252060020100522603
:10369800cbffd2122510a00247c5400f25204002bb
:1036a80025804000a5d1400f2520400001000324bb
:1036b800f7ff43540100522633ce400f2520000265
:1036c80025a040000000228e0400428c2530800294
:1036d8004808a58f09f84000252060023000a62779
:1036e8001800a52726c1400f25200002d2ff401050
:1036f8000000228e0400428c4c08a38f1c2b6524ea
:1037080009f84000252060020000228e2000a38fc7
:103718001000a3af0400428c1c00a78f1800a68fce
:10372800009d053c342ba52409f8400025206002a3
:103738000000228e2c00a38f1000a3af0400428c3f
:103748002800a78f2400a68f009d053c782ba52470
:1037580009f84000252060020000228e0400428cf7
:10376800009d053cc42ba52409f8400025206002d3
:103778000000228e3c00a38f1400a3af3800a38f53
:103788001000a3af0400428c3400a78f3000a68f2e
:10379800009d053ce02ba52409f840002520600287
:1037a800aaff00100000228e3808a0a31008a28fdc
:1037b800b6ff401825a000004000b0271008b72722
:1037c8002400062425280002f9cd400f1408a42758
:1037d8000000228e0400428c2400078e1408a627bd
:1037e8004008a58f09f840002520600201009426b2
:1037f8001008a28f2a108202a4ff40102800102669
:10380800f0ff171624000624a1ff0010010052261d
:083818006bff00102510a00257
:020000040000fa
:020000041d01dc
:10382000c8ffbd273400bfaf3000b7af2c00b6af24
:103830002800b5af2400b4af2000b3af1c00b2af76
:103840001800b1af1400b0af258080000100022441
:103850000700a2100400918c25a8c00000a0123c13
:103860005816522600a0143c5e000010d81694266c
:103870002518000000a0123c58165226019d153c48
:103880006852b526019d143c7052942601001624fe
:10389000019d173c3c52f72600a0133c1800001075
:1038a000d81673260000428c2528a00209f8400093
:1038b000252020020000028e0000428c0800458e68
:1038c00009f84000252020020000028e0000428cf2
:1038d0000c00458e09f84000252020020000028ed1
:1038e0000000428c2528800209f840002520200293
:1038f0002518c002100052260c0053520000028e00
:103900000400428efcff405010005226e5ff601478
:103910000000028e0000428c2528e00209f84000d9
:1039200025202002dfff00100000028e0000428ce4
:10393000019d053c7852a52409f84000252020026d
:10394000039d123c48ca5226019d153c6852b5267b
:10395000019d143c70529426039d133c6cca73263f
:103960000000028e0000428c2528a00209f84000c9
:10397000252020020000028e0000428c0000458eaf
:1039800009f84000252020020000028e0000428c31
:103990000800458e09f84000252020020000028e14
:1039a0000000428c2528800209f8400025202002d2
:1039b0000c005226ebff53160000028e0000428cd2
:1039c000019d053ca452a52409f8400025202002b1
:1039d000330000103400bf8f100052263a005452ba
:1039e0000000028e0400428efcff40501000522660
:1039f0000400a58e3388400f0800448ef6ff401463
:103a0000259840000000428e1e0040180400548e8d
:103a1000019d163c6852d626019d153c7052b52674
:103a20000000028e0000428c2528c00209f84000e8
:103a3000252020020000028e0000428c0000858eae
:103a400009f84000252020020000028e0000428c70
:103a50000800858e09f84000252020020000028e13
:103a60000000428c2528a00209f8400025202002f1
:103a7000010073260000428e2a106202e8ff401403
:103a80000c0094260000028e0000428c019d053c33
:103a9000a452a52409f84000252020023400bf8f3d
:103aa0003000b78f2c00b68f2800b58f2400b48f5c
:103ab0002000b38f1c00b28f1800b18f1400b08f9c
:103ac0000800e0033800bd270000428c019d053c42
:103ad000a852a52409f8400025202002f0ff00107c
:043ae0003400bf8f60
:020000040000fa
:020000041d01dc
:103ae400c0ffbd273c00bfaf3800b7af3400b6af4e
:103af4003000b5af2c00b4af2800b3af2400b2af90
:103b04002000b1af1c00b0af9080928f900040565f
:103b14009080828f0c00848c210080102510a000de
:103b24001f00a010000000000000a5941c00a010bd
:103b340000a0033c988084af0300478800004798a6
:103b44000700468804004698f02a67acf02a6324ec
:103b5400040066ac08004294080062a40800828c49
:103b640009f840001c000624259840001800401065
:103b7400948082af00a0023cf02a42946b00401073
:103b840000a0153cf02ab126039d143cd0279426ae
:103b9400029d163c88abd62633000010029d173ccc
:103ba400b5d1400f000000006c0040102518000043
:103bb400b3d1400f00000000029d053c34aba524a6
:103bc400a2a3400f25204000640000102518000027
:103bd400b5d1400f0000000060004010251800001f
:103be400b3d1400f00000000029d053c64aba52446
:103bf400a2a3400f25204000580000102518000003
:103c040006000524cb9c400f252000022e00001046
:103c140002002696cb9c400f252000022d00405424
:103c240004002696b5d1400f000000000200422c8b
:103c34002800405404002696b3d1400f0000000031
:103c4400253040022528c002a2a3400f25204000b1
:103c54002000001004002696f02aa2962a104202a0
:103c6400320040101c0073261400a0af1000a0af57
:103c74000600279625300000060005242841400f41
:103c84002520000025804000000062a625380000a1
:103c94002530800200020524d378400f25204000ff
:103ca400ffff032439000352888080af370040505f
:103cb400888080af0800229601004230d0ff401473
:103cc4000100062402002696d2ffc0140300052436
:103cd40004002696e0ffc05001005226020005248d
:103ce400cb9c400f25200002dbff405401005226ec
:103cf400b5d1400f000000000200422cd6ff405412
:103d040001005226b3d1400f0000000025304002cc
:103d1400b0abe526a2a3400f25204000ceff001043
:103d24000100522619000010888080af6400062428
:103d3400019d053ccce8a5246ab5400f1900042474
:103d4400f8ff40108c8082af888080af9080828f93
:103d540001004224908082af0100032425106000fa
:103d64003c00bf8f3800b78f3400b68f3000b58f5a
:103d74002c00b48f2800b38f2400b28f2000b18fa1
:103d84001c00b08f0800e0034000bd276b9a400f71
:0c3d940000000000f1ff001025180000e6
:020000040000fa
:020000041d01dc
:103da000d0ffbd272c00bfaf2800b5af2400b4afb3
:103db0002000b3af1c00b2af1800b1af7fad400f11
:103dc0001400b0af200040102588400002001324ea
:103dd00088bf123c00905236800054248c00552439
:103de0008000308e11000012000000000a000292d4
:103df000500053100300432c1c0060500500422c5f
:103e0000010003245c004314080002245ed1400f2b
:103e10002520400223004050060005920a0003922c
:103e20000400622c570040500700029200d0400f5f
:103e3000000000000000239201006324000023a280
:103e400007d0400f252040002c00bf8f2800b58fe1
:103e50002400b48f2000b38f1c00b28f1800b18fe4
:103e60001400b08f0800e0033000bd27420040106e
:103e70000800022461d1400f25204002e8ff405491
:103e80000a00039299d1400f25204002080002a6a3
:103e900001d1400f25204002040002243700001009
:103ea0000a0002a2f9d0400f252040020500059229
:103eb000fdd0400f2520400204000292030003249d
:103ec00008004310000000000c0053100100032400
:103ed0001400431000000000080002242700001016
:103ee0000a0002a201d1400f2520400205d1400f57
:103ef0002520400209000010030002240800059656
:103f00000dd1400f252040020700029201004230ef
:103f1000050003240a18620225106000bfff00108c
:103f20000a0002a258cf400f25204002f7ff0010e0
:103f3000070002925ed1400f25204002b8ff405496
:103f40000a0003920400039201000224040062109c
:103f50000000000005000224080000100a0002a270
:103f600011d1400f2520400299d1400f2520400259
:103f7000f8ff0010080002a60a0002a20a0003923d
:103f800007000292010042301100405404000392e5
:103f90000c00048e0800828c1c0040100600622c6d
:103fa00014004014f7ff0224faff6324ff0063307b
:103fb0000200632cecff06240b3043000800828cc7
:103fc0000800079609f84000252800020400039223
:103fd0000300022495ff621025386002253080021c
:103fe00025280002c7ad400f252020027dff0010cc
:103ff0008000308e04000224f0ff6214253000009f
:1040000003000224edff00100a0002a20400039244
:104010000300022485ff62100000000099c7400fd2
:104020002520800225804000252840001ccb400f21
:104030002520a0020300022469ff00100b0002a249
:020000040000fa
:020000041d01dc
:104040000f00a010000000000d0080100000000014
:104050001000c01480bf023c40000324145e43ac37
:1040600080bf023c105e478c2000e7301100e0501a
:1040700080bf083c253800001700001025680000ac
:104080009500e010251000009300c0100a280400dd
:1040900080bf023c40000324145e43ac80bf023c5e
:1040a000105e428c20004230080040142b68a700ac
:1040b00080bf083c80bf033c205e028d105e628c96
:1040c00020004230fcff40102b68a7002310e500c1
:1040d0000a100d002568400080bf023c005e428c43
:1040e000000842301000401080bf023c82380700b8
:1040f0008228050082680d0080bf033c105e628c40
:1041000008004230fdff4010255800002540000007
:104110002550000080bf093cff000e2480bf0c3cee
:104120002500001080bf033c005e428c000442303a
:10413000f2ff401080bf033c4238070042280500d0
:10414000eeff001042680d00005e828d00044230d8
:104150000700401021108a0040100a002110820040
:1041600000004294205e22ad1d00001001004a258f
:1041700000004290205e22ad1900001001004a2587
:10418000105e628c08004230fdff4010000000000d
:10419000105e628c200042300700401400000000d6
:1041a000205e228d01000825105e628c20004230c6
:1041b000fbff401000000000270045110000000038
:1041c000005e828d00084230dfff401080100a0040
:1041d000211082000000428c205e22ad01004a25a1
:1041e000e7ff671100000000105e628c2000423083
:1041f000fdff401400000000205e2f8d2b10670192
:10420000edff401000000000005e828d000842308b
:104210000500401080100b002110c20000004facc0
:10422000e5ff001001006b25005e828d0004423026
:10423000060040102110cb0040100b002110c200de
:1042400000004fa4dcff001001006b2500004fa010
:10425000d9ff001001006b250400a05180bf033c72
:10426000205e2eaddeff0010ffffad25105e628cdc
:1042700080004230fdff40102b10e500040040108c
:104280002328a70080bf033c0900001080bf043c26
:104290000800e00301000224205e828c0100082552
:1042a000105e628c20004230fbff401000000000d6
:1042b0000700a81000000000105e628c2000423051
:1042c000f5ff401000000000f9ff001000000000a2
:1042d0000800e003010002240800e00300000000e1
:020000040000fa
:020000041d01dc
:1042e00088ffbd277400bfaf7000b4af6c00b3afe0
:1042f0006800b2af6400b1af6000b0af258080004d
:104300004800a0af4c00a0af5000a0af5400a0af39
:104310005800a0af5c00a0af030002241600a2105a
:104320000400918c0000828c0000428c009d053cb2
:104330004434a52409f84000252020020000028e04
:104340000000428c009d053c6834a52409f840001b
:1043500025202002251000007400bf8f7000b48f4c
:104360006c00b38f6800b28f6400b18f6000b08fb3
:104370000800e0037800bd272590c00052b2400f2e
:104380000400c48c190040102598400048d0400f0c
:104390002520400025a040000800528e020006247f
:1043a000009d053c9833a5240cac400f252040020d
:1043b0001600401004000624009d053cfc33a52493
:1043c0000cac400f252040024f004010009d053ce2
:1043d0000000028e0000428c0c35a52409f8400034
:1043e00025202002dcff0010251000000000028eb6
:1043f0000000428c009d053c8034a52409f8400053
:1044000025202002d4ff0010251000009ecf400f71
:104410002520600208004010009d053c0000028e2f
:104420000000428ca034a52409f840002520200279
:10443000c9ff00100100022425280000379b400f0f
:10444000252000004800a5277dbc400f2520400006
:104450004c00a28f24004010ffff9432c0181400bb
:1044600023a07400c0a01400211054001000a32742
:10447000300048240300478800004798070046881a
:10448000040046980b004588080045980f004488b2
:104490000c004498000067ac040066ac080065acf2
:1044a0000c0064ac10004224f2ff48141000632496
:1044b000030045880000459807004488040044989c
:1044c000000065ac040064ac009d023ce43442246e
:1044d0003000a2af1000a527957a400f252060027a
:1044e00016000010000000000000028e0000428c48
:1044f000009d053cbc34a52409f84000252020027d
:1045000095ff0010010002249ecf400f252060027d
:1045100008004014009d053c0000028e0000428c03
:10452000ec34a52409f84000252020028aff001061
:104530000100022488b9400f2520600208004010c5
:104540000000028e0000428c009d053c2c35a52405
:1045500009f84000252020027fff001001000224fe
:104560000000428c009d053c4435a52409f840001c
:0c4570002520200278ff0010010002242a
:020000040000fa
:020000041d01dc
:10457c0028ffbd27d400bfafd000b7afcc00b6af7b
:10458c00c800b5afc400b4afc000b3afbc00b2af8d
:10459c00b800b1afb400b0af98008010e800b78f8e
:1045ac005600a01024001224080087ac140097ac0d
:1045bc00040097ac0c0080ac100080a034000224e6
:1045cc000a90460025b0c00025a8a00025808000d8
:1045dc00800002241800a2af3000a2271400a2af62
:1045ec001000a0af2538000030000624029d053cc9
:1045fc00a4d0a524b2c1400f25200000790040545e
:10460c00030002243000b127029d133c24d07326f2
:10461c00b000b42725286002251820020000649001
:10462c000000a6902620860025104400010063247b
:10463c00faff74140100a52469004014feff022443
:10464c002800a2af2400a0af800002242000a2af5b
:10465c003000a2271c00a2af1800a0af1400a0af1e
:10466c00200002241000a2af029d073ca4d0e72436
:10467c0010000624029d053cc4d0a524488d400f93
:10468c002520000057004054030002240000239210
:10469c0000006492261864002510430001003126a6
:1046ac00faff3416010073264e0040140300022456
:1046bc000652400f84000424180040100c0002ae77
:1046cc00253040023000a527d09b400f252000024a
:1046dc002000401002000224100002a2010011244c
:1046ec000c00048e100080500c0000aea06e400f29
:1046fc00000000000c0000100c0000ae4100c014c3
:10470c0034001224080087ac140097ac040097ac5a
:10471c000c0080acabff0010100080a00200022443
:10472c00100002a283ff11243000a2272190520016
:10473c00000040a001004224fdff521400000000c4
:10474c001600201603000224010002241800001099
:10475c00100002a2252840028faa400f3000a42787
:10476c00dfff4014258840001800b7af0800028e08
:10477c001400a2af1000b6af2538a002fcff4626ed
:10478c003400a5272794400f0c00048ee6ff401040
:10479c0025884000d3ff00100c00048e100022125c
:1047ac00010002241200221202000224100002a2b4
:1047bc0025102002d400bf8fd000b78fcc00b68f4d
:1047cc00c800b58fc400b48fc000b38fbc00b28fcb
:1047dc00b800b18fb400b08f0800e003d800bd273b
:1047ec0003000224100002a2f1ff00102fff11247d
:1047fc00100002a2eeff001039ff1124ecff001094
:0c480c0053ff1124eaff001053ff112499
:020000040000fa
:020000041d01dc
:10481800d8ffbd272800a4af2800a4272400bfafd5
:104828002000b1af8bbf400f1c00b0af07004104a0
:104838002800a28f251000002400bf8f2000b18f10
:104848001c00b08f0800e0032800bd2702110200f9
:10485800ffff51242100232e09006014feff42248b
:10486800039d033c0002442c2300801020fa63249b
:10487800c210020021106200fcff51900100312695
:104888002530200201000424b6c8400f2528000066
:10489800235802002b380b002318030000a00a3c01
:1048a800039d083c2338670000fa08256b070c3c79
:1048b800d0214925d021428dd421438d242862015d
:1048c8002418e3002520a300390080142800a28fb3
:1048d8001000a427100042247ac8400f1000a2af8d
:1048e8000a00401400a0033c00a0033c0c00042470
:1048f800d1ff0010fc2a64acc21102002110620032
:10490800fcff5190deff001011003126c821718c88
:10491800060051101000a48f10005124f0ff8424c9
:104928001000a4af01000424080044ac1000a28fba
:10493800f8ff302621202202c82164ac010042344d
:1049480001000324f8ff82acfcff83acb9ff00121e
:10495800fcff22aedeb5400f2520000210004010fb
:104968002800a58ff8ff238efeff0224fcff258e6a
:1049780024184300231803020400648c24204400f4
:1049880021208500040064acfcff258e241045001e
:1049980021800202000004ae258060002800a58f57
:1049a800a1bf400f25200002a3ff00100800022627
:1049b8003200a05423200500232003002420830074
:1049c80029e6823502208270c226040021200401d3
:1049d800000086802000c624deca400f2520c000c3
:1049e8000100c424c0200400211089000000508c5c
:1049f800f8ff842421202401aeff04122800c228d5
:104a080025004014020031262a8826020500205677
:104a18000400078e3f0002242000c2142528c0008d
:104a28000400078e2800a58f0400077c2340e500ba
:104a380004bc400f252000011800c2542528c000de
:104a48000c00038e0800048e211005020c0043acf4
:104a5800080044ac080062ac0800438c0100a5348f
:104a6800213807020c0062ac000045ac040048acd9
:104a78000000e8acc9ff0010040005ae2420850042
:104a880029e6823502208270c22604002120040112
:104a9800d1ff0010000086802528c00028a5400fff
:0c4aa80025200002beff00102800a58f92
:020000040000fa
:020000041d01dc
:104ab400d0ffbd272c00bfaf2800b5af2400b4af92
:104ac4002000b3af1c00b2af1800b1af8500c01016
:104ad4001400b0af25a8a0008d00a0102590c00040
:104ae400e7c9400f000000008b0040102580400003
:104af4004400428c7c004050258800009abd400f41
:104b04002520000286004010258840002b1052000a
:104b14000b902202ffff52320800048e0400028e22
:104b2400211892002b1862002d00601023104400fd
:104b34002598400225a00000253060022528a00207
:104b44008879400f0800048e0800028e211053005b
:104b5400080002ae1000038e1b004350360002967c
:104b64006c0005962026057c2800820436000496f5
:104b74002b206200380080500400048e2310430070
:104b8400ffff42305c0006962b204600253840008b
:104b94000a38c4002520e000620007962b388700fd
:104ba4003b00e01000000000660007964238070052
:104bb4002b208700360080102b10c2002c004050a0
:104bc4000008a530360002960400423034004050fc
:104bd400360002962188740243000010ffff313230
:104be400ffff5430ffff5330253060028879400fb7
:104bf4002528a00221a8b30223985402ffff733290
:104c04000000028eccff0010080002ae20008430a9
:104c1400d8ff80142b20620023883202ffff313238
:104c24000400128e0000048e23904402439012006c
:104c34002a885102cfff20162b206200c2c0400fe9
:104c44002520000236000296010003244429627cd8
:104c5400e0ff0010360002a6232083000000068e29
:104c64002310460021108200c6ff0010ffff4230cf
:104c74000700a0140000000036000286d2ff4204a0
:104c8400360002960c00028ecfff62543600029664
:104c9400c2c0400f25200002cfff001021887402fb
:104ca400010003248410627c1ec3400f360002a658
:104cb40055c4400f2588400080180200211062006e
:104cc400c01002006210033cd34d6324190043005a
:104cd400101000008211020021105100bdff0010cd
:104ce400280002ae2588c000251020022c00bf8faa
:104cf4002800b58f2400b48f2000b38f1c00b28f1e
:104d04001800b18f1400b08f0800e0033000bd27f5
:104d1400f5ff001025880000f3ff0010258800002f
:104d24006f00039201000224f0ff62542510200258
:104d3400c2c0400f25200002ecff00102510200205
:020000040000fa
:020000041d01dc
:104d4400d0ffbd272c00bfaf2800b3af2400b2af03
:104d54002000b1af1c00b0af00a0023cd823422415
:104d64008f008214258000006f0080102590c00001
:104d74001000a0af1400a0af00a0023c4024428c5d
:104d8400050040102588a0000500052400a0043c6f
:104d940009f84000bc2484241000a7271400a62787
:104da40000a0053c7c24a52400a0103cd36f400f38
:104db400d823042625984000d82310266800028ea4
:104dc400040040100600052400a0043c09f840003b
:104dd400bc248424ffff62260200422c5600405467
:104de400010002244300601600a0023c1000a38fbf
:104df4000400628cc005447c0900805000a0023c81
:104e04000000638c0001043c241864001000043c7e
:104e140024104400251062000700401000a0023c4a
:104e2400d8234224f800438c01006324f80043ace7
:104e340041000010f6ff0224d8234224ec00438ce6
:104e44000100632402002012ec0043ac000020aef9
:104e540000a0023cd8234224ac00438c1c00448ca8
:104e64002418640018004484211864000000708c25
:104e74001000038e000060acb0004394fcff642477
:104e8400b00044a41000028eeeff63240c0043a47f
:104e94001000028e0800428c140002ae0e00422460
:104ea4001ec3400f180002ae240002ae2200029678
:104eb4008fff423008004334220003a61000a38f62
:104ec4000000648c8007857c1000a01000000000a6
:104ed40028004234220002a63200401225100002ab
:104ee4000000648c0400628c000044ae2c000010ae
:104ef400040042aed8234224fc00438c0100632406
:104f0400fc0043ac0c000010f7ff022404008204f0
:104f14004800423418004234efff0010220002a679
:104f2400edff0010220002a61d00001025800000e5
:104f34001b000010258000000400205200a0023c49
:104f4400c3ff4010000022ae00a0023c8424508c19
:104f54001300001200a0023c4024428c04004010c4
:104f64000500052400a0043c09f84000bc24842466
:104f740000a0103cd8231026ac00058ea376400f69
:104f8400252000026800028ee9ff40100600052477
:104f940000a0043c09f84000bc24842425800000bf
:104fa400251000022c00bf8f2800b38f2400b28f7d
:104fb4002000b18f1c00b08f0800e0033000bd2733
:020000040000fa
:020000041d01dc
:104fc400d0ffbd272c00bfaf2800b6af2400b5af7b
:104fd4002000b4af1c00b3af1800b2af1400b1afdf
:104fe4001000b0afffff9024ffff10320a00022e22
:104ff4007f0040102086107cc0101000211050004b
:105004008010020000a0033cd81a6324211043003e
:10501400000042908100401000a0033cc01010002a
:105024002110500080100200d81a6324211043007c
:105034000800428c5000478c4900e0102590c000c5
:1050440000a0023cc0181000211870008018030052
:10505400d81a4224211043000400539420007332d0
:10506400530060122588a00000a0023cc018100064
:105074002118700080180300d81a4224211043001c
:1050840002004390040002244000621400a0023c89
:10509400c01810002118700080180300d81a422488
:1050a400211043000c00428c1800548c37008052ad
:1050b40000a0023c2c00558c3300a01200a0133c2d
:1050c400d81a7326c010100021105000801002005e
:1050d4002110620209f8e0000600448425b0400073
:1050e400c020100021209000802004001c00842493
:1050f40021986402253000002528200209f8800246
:1051040025206002070040102528200209f8a0028b
:1051140025206002ffff42302b10c20235004010f0
:1051240025102002330040122510400225300000d3
:105134002528400209f88002252060022d00401035
:105144002528400209f8a00225206002ffff423012
:105154002b10c2020b900200260000102510400202
:1051640000a0023cc01810002180700080181000bc
:10517400d81a502421800302ffff0224030002a254
:105184001c0000102510000000a0023cc0181000f4
:105194002180700080181000d81a50242180030246
:1051a400ffff0224030002a21200001025100000d9
:1051b40000a0023cc018100021807000801810006c
:1051c400d81a50242180030209f8e000060004865e
:1051d4002b885100080020122c00bf8f060040527b
:1051e400251040022b905200020000100b10720296
:1051f400251000002c00bf8f2800b68f2400b58f27
:105204002000b48f1c00b38f1800b28f1400b18f2c
:105214001000b08f0800e0033000bd27f5ff001038
:0c52240025100000f3ff001025104002d0
:020000040000fa
:020000041d01dc
:1052300008200800080000000d0a3e000d0a2d2d70
:105240002d2d2d2d2d20537570706f727465642077
:10525000636f6d6d616e642067726f757073202d62
:105260002d2d2d2d2d0000000d0a202a2a2a200088
:10527000202a2a2a000000000d0a2d2d2d2d2d2d6b
:105280002d2d2d2d204275696c7420696e20636f61
:105290006d6d616e6473202d2d2d2d2d2d2d2d2dd9
:1052a0002d0000000d0a00000d0a556e6b6e6f7721
:1052b0006e20636f6d6d616e642067726f75702e06
:1052c000205472792068656c700d0a001b5b2564a0
:1052d000430000001b5b2564440000000d0a202ae7
:1052e0002a2a205175697474696e67207468652074
:1052f000436f6d6d616e642050726f636573736f81
:10530000722e20427965202a2a2a0d0a0000000008
:105310000d0a202a2a2a2053797374656d2052655c
:10532000626f6f74202a2a2a0d0a000020092c00bf
:105330000a0d20546f6f206d616e79206172677560
:105340006d656e74732e204d6178696d756d206189
:1053500072677320737570706f727465643a20257c
:1053600064210d0a00000000202a2a2a20436f6dc4
:105370006d616e642050726f636573736f723a2053
:10538000506c65617365207479706520696e206169
:1053900020636f6d6d616e642a2a2a0d0a00000079
:1053a000202a2a2a20436f6d6d616e642050726f2f
:1053b000636573736f723a20756e6b6e6f776e20d4
:1053c000636f6d6d616e642e202a2a2a0d0a00001b
:1053d0003e000000081b5b4b25731b5b25644400eb
:1053e000081b5b4b000000001b5b4b25731b5b2500
:1053f0006444000025731b5b25644400202a2a2a8c
:1054000020436f6d6d616e642050726f63657373be
:105410006f72206275666665722065786365656483
:1054200065642e2052657472792e202a2a2a0d0a6c
:105430000000000072657365740000003a20526538
:1054400073657420686f73740000000071000000c1
:105450003a207175697420636f6d6d616e642070a0
:10546000726f636573736f720000000068656c7023
:10547000000000003a2068656c7000001b5b410072
:105480001b5b42001b5b43001b5b44001b5b317ecc
:0c549000000000001b5b347e00000000e8
:020000040000fa
:020000041d01dc
:10549c009600801000000000d0ffbd272c00bfaf8d
:1054ac002800b6af2400b5af2000b4af1c00b3afda
:1054bc001800b2af1400b1af1000b0af258080005f
:1054cc002588a0002000a0102590c0007000838cbf
:1054dc00feff0224070062506000048e5798400fb4
:1054ec0025380000f1fe03241a0043142c00bf8f52
:1054fc006000048e4000822c150040107cff0224ba
:10550c006400028e211842022b106200040040102d
:10551c00640003ae6800028e01004224680002aef3
:10552c0015008014200013264000422e6600401403
:10553c0060001626ff00153cff00b52600ff143c4a
:10554c003b00001000ff943653ff02240a100600a3
:10555c002c00bf8f2800b68f2400b58f2000b48f8d
:10556c001c00b38f1800b28f1400b18f1000b08fd5
:10557c000800e0033000bd27400015242310a402ce
:10558c002ba042020b10540225a0400025304000f5
:10559c00252820028879400f212064026000028ea9
:1055ac0021108202600002ae21883402deff551405
:1055bc00239054022520600260000726ff00063c61
:1055cc00ff00c62400ff053c00ffa5340000838cbf
:1055dc000212030024104600001a03002418650070
:1055ec002510430002142200000082ac0400842425
:1055fc00f7ff87540000838c25286002e435400fa8
:10560c0025200002d3ff40142c00bf8fc6ff0010d2
:10561c00600000aee435400f25200002cdff4014a1
:10562c002c00bf8f4000422e2700401400000000c9
:10563c0025182002251060024000282603006788e8
:10564c000000679807006688040066980b00658860
:10565c00080065980f0064880c006498030047a844
:10566c00000047b8070046a8040046b80b0045a840
:10567c00080045b80f0044a80c0044b8100063247f
:10568c00eeff68141000422440003126c0ff522661
:10569c00200004260000838c021203002410550005
:1056ac00001a030024187400251043000214220071
:1056bc00000082ac04008424f7ffc4560000838ce5
:1056cc00d4ff001025286002a1ff40122510000015
:1056dc0025304002252820028879400f25206002c1
:1056ec00600012ae9aff0010251000000800e003c5
:0456fc0053ff022432
:020000040000fa
:020000041d01dc
:1057000020ffbd27dc00bfafd800beafd400b7afcd
:10571000d000b6afcc00b5afc800b4afc400b3afd3
:10572000c000b2afbc00b1afb800b0af25988000e8
:10573000f400be8ff800b68ffc00b78fec00a7a373
:1057400040b9c27cff00033cff00632424104300e7
:10575000c01a060000ff043c00ff843424186400d3
:1057600025104300021422001400a2af1f00d53000
:105770002ba815004211060021a8a2020100022454
:105780006400a01a1000a2a32580a00025a0c000dc
:105790003b00001025900000040006241400a527fb
:1057a0002755400f1800a4274100401425884000c9
:1057b000ec00a39304000224410062142530c003ce
:1057c000f000a58f2755400f1800a427380040147b
:1057d000258840000300c0129400a5274000e01671
:1057e0002530e0029a49400f1800a4272588400080
:1057f000c5d1400f1800a4271c0020162100822ebe
:105800003e0040149400a98f9800a88f9c00a78f99
:10581000a000a68fa400a58fa800a48fac00a38f22
:10582000b000a28f030009aa000009ba070008aa65
:10583000040008ba0b0007aa080007ba0f0006aa5e
:105840000c0006ba130005aa100005ba170004aa36
:10585000140004ba1b0003aa180003ba1f0002aa0e
:105860001c0002bae0ff94262000102601005226f8
:105870001000a293010042242700b2121000a2a33c
:105880007c00668e7800658e35ad400f1800a42729
:105890002100401425884000010006241000a5279f
:1058a0002755400f1800a427bbff40102588400053
:1058b000c5d1400f1800a427edff001001005226ab
:1058c00001000624ec00a5272755400f1800a42747
:1058d000f7ff401425884000b9ff00102530c003b1
:1058e0002528c0022755400f1800a427f0ff4014b8
:1058f00025884000bbff00109400a52725308002ba
:105900009400a5278879400f25200002d8ff0010b9
:1059100001005226010011249400a227b400a327fd
:10592000000040a001004224fdff4314dc00bf8fb3
:105930002b101100d800be8fd400b78fd000b68fc7
:10594000cc00b58fc800b48fc400b38fc000b28f35
:10595000bc00b18fb800b08f0800e003e000bd27a5
:020000040000fa
:020000041d01dc
:10596000a020047c0800e00302142400a020047c92
:105970000800e00325108000a020047ca028057cfe
:10598000021425000800e003021c2400fcffa824e8
:105990001b000105010007348500a0102518c00078
:1059a000ffffa82404000015000000000000839001
:1059b0000f00001021186600ffff082506000015e3
:1059c0000100839000008890001a030025186800e9
:1059d00007000010211866000000899002008890de
:1059e000001a0300251869002118680021186600b4
:1059f000024c0300ffff6a306d00001021182a01dd
:105a0000110000001300c000010082300300893043
:105a10000f00201104000b342358690125400000b9
:105a200000008898ffff29250500201108000a348e
:105a3000ffff29250200201108004a2508004a25f9
:105a400004404801010007712328ab0021208b008e
:105a50004219050040310300130060100000888cdb
:105a60000400898c0100077108008a8c01002771ed
:105a70000c008b8c0100477110008c8c0100677149
:105a800014008d8c0100877118008e8c0100a771a5
:105a90001c008f8c0100c771ffff63240100e771b8
:105aa000edff0010200084242328a6000219050021
:105ab000003103000b0060100000888c0400898c0a
:105ac0000100077108008a8c010027710c008b8c83
:105ad00001004771ffff632401006771f5ff0010ab
:105ae000100084242328a600c2180500c03003003b
:105af000070060100000888c0400898c0100077189
:105b0000ffff632401002771f9ff001008008424bf
:105b10002328a600821805008030030003006010cf
:105b20000000888c04008424010007712328a6004b
:105b30000f00a0100100a6300400c01400000000f7
:105b40000100888809000010024408000200a63005
:105b50000400c0140000000000008888030000104a
:105b6000024608000200888802420800010007710e
:105b70001048000012400000211828012b5868002e
:105b8000020060110000000001006324024c0300c9
:105b9000ffff6a3021182a01024c0300ffff6a3020
:105ba00021182a010200401000000000a018037c08
:0c5bb000271060000800e003ffff4230f7
:020000040000fa
:020000041d01dc
:105bbc0068ffbd279400bfaf9000b6af8c00b5afa7
:105bcc008800b4af8400b3af8000b2af7c00b1af3b
:105bdc007800b0afffff9024ffff10320a00022eb6
:105bec00850040102086107cc01010002110500041
:105bfc008010020000a0033cd81a6324211043003b
:105c0c00000042907e00401000a0023cc018100022
:105c1c002118700080180300d81a42242110430068
:105c2c0004005194200031324f002012c01010009b
:105c3c0000a0023cc018100021187000801803004e
:105c4c00d81a4224211043000c00428c1c00548ca6
:105c5c000c00801200a0023c1300a010c020100009
:105c6c0021809000808010001c00102600a0043cb5
:105c7c00d81a842409f88002212090004b000010cf
:105c8c00ffff5130c0181000218070008080100080
:105c9c00d81a422421105000ffff0324030043a014
:105cac004200001025880000eb51133c1f85733611
:105cbc001900d300109800004299130040a813005b
:105ccc0021a8b302c0a8150021a8b30280a8150012
:105cdc002330d500ffff73322100601affffd5304f
:105cec00c0b0100021b0d00280b016001c00c2263b
:105cfc0000a0163cd81ad62621b0c2022588000076
:105d0c0025900000640006241000a52709f88002e5
:105d1c002520c0022188220201005226f9ff5316c9
:105d2c00ffff31322200a01225102002c0101000fb
:105d3c0021105000801002001c0042242530a002cb
:105d4c001000a52700a0043cd81a842409f880026e
:105d5c00212082002188220214000010ffff313222
:105d6c00f0ff001025880000211050008010020068
:105d7c0000a0033cd81a6324211043000800428c75
:105d8c004400478c1400e01000a0023cc018100026
:105d9c002180700080181000d81a50242180030232
:105dac0009f8e00006000486258840002510200232
:105dbc009400bf8f9000b68f8c00b58f8800b48f85
:105dcc008400b38f8000b28f7c00b18f7800b08fcd
:105ddc000800e0039800bd27c01810002180700057
:105dec0080801000d81a422421105000ffff032499
:105dfc00eeff0010030043a0ecff0010258800000c
:085e0c00eaff001025880000e8
:020000040000fa
:020000041d01dc
:105e1400d8ffbd272400bfaf2000b1af1c00b0af36
:105e240000a0023ca00940aca0094224ffff0324c7
:105e3400080043a40a0043a46c0040a46e0440a4d8
:105e4400700440a0a68180a7a48180a3019d053c85
:105e5400680fa524e9b8400f25200000d1ca400fdf
:105e6400a88190274ece400f2520000015d0400f6a
:105e7400252000001f000524e8cb400fa8818427bb
:105e840076d1400fa8818427c4ca400f50c304347c
:105e9400019d053cf80fa524e9b8400f252000001a
:105ea400ebac400fa881842725884000019d053c68
:105eb4001010a524e9b8400f252000009ec1400f12
:105ec40001000492019d053c2410a524e9b8400f6b
:105ed400252000009d9b400f020004923dbd400f11
:105ee4002e0004249d9b400f03000492019d053c59
:105ef4003410a524e9b8400f252000001500201215
:105f0400019d053c26a6400f00000000020043301e
:105f140049006014010042304d004010019d053cd1
:105f2400019d053cdc10a524e9b8400f25200000a4
:105f3400019d053cac11a524e9b8400f25200000c3
:105f44002400bf8f2000b18f1c00b08f0800e00335
:105f54002800bd273810a524e9b8400f25200000eb
:105f6400aa8183930100022403006214ab8183930a
:105f7400070062501000a2af019d053c5410a524f7
:105f8400e9b8400f25200000010002241000a2af50
:105f94000100072425300000170005242098400f35
:105fa400a8818427030002241000a2af0200072462
:105fb400253000001b0005242098400fa881842769
:105fc400258000000400112425300000252800024b
:105fd4006dc9400fa88184272530000025280002c0
:105fe4007bc9400fa88184272530000025280002a2
:105ff40089c9400fa8818427253000002528000284
:1060040097c9400fa881842701001026ff00103291
:10601400eeff11162530000025bd400fa88184270e
:10602400019d053c8410a524e9b8400f25200000fb
:10603400c4ff00102400bf8f019d053ca810a524b7
:10604400e9b8400f25200000baff0010019d053c6f
:106054004411a524e9b8400f25200000b5ff001025
:04606400019d053c59
:020000040000fa
:020000041d01dc
:10606800c8ffbd273400bfaf3000b7af2c00b6afb4
:106078002800b5af2400b4af2000b3af1c00b2af06
:106088001800b1af1400b0af3081828f8300401088
:10609800259880002588a00025a0c00025a8e0003c
:1060a8000200a23003004014259000002590c00093
:1060b80025a0000000d0400f000000001881839345
:1060c80054006014ffff632407d0400f25204000d0
:1060d800550040122c81848f5b008018000000005e
:1060e8003081828f0000438c6e00601004004224cf
:1060f80025800000010010265100041204004224eb
:10610800fcff438cfcff6054010010262881848f1b
:106118000800828c5c00062409f840000100052470
:106128004900401025b0400020be107c120057a442
:10613800808010003081828f2180500000d0400f75
:10614800000016ae1881839301006324188183a38d
:1061580007d0400f252040002a00d2a62800d4a648
:106168003c00d3a6030002243e00c2a25a00c2a2e9
:106178004000c296046b627e4000c2a680002232b4
:106188003a004010208182971000c0a64000c296b5
:1061980001000324444a627c4000c2a60001223266
:1061a80005004010010031324000c296010003246e
:1061b800c45a627c4000c2a62e00201201000224ac
:1061c8004000c296010003240421627cc418627c4a
:1061d8008410627c4000c2a64200c296c439627c28
:1061e8004200c2a62510e0023400bf8f3000b78fee
:1061f8002c00b68f2800b58f2400b48f2000b38ff1
:106208001c00b28f1800b18f1400b08f0800e00393
:106218003800bd27188183a307d0400f25204000f0
:10622800abff001000000000ecb0400f00000000c1
:106238000500401025904000a7ff00102c81848f96
:10624800b2ff60102580800000d0400fffff1724a8
:106258001881839301006324188183a307d0400f1a
:1062680025204000e0ff00102510e002cbff0010c1
:106278001000c2a6dcff62162510e002daffa012a9
:10628800010003240000a28e1400c2ae4000c29692
:106298000442627cd3ff00104000c2a6d1ff001068
:0c62a800ffff172499ff00102580000064
:020000040000fa
:020000041d01dc
:1062b40070ffbd278c00bfaf8800b4af8400b3afbc
:1062c4008000b2af7c00b1af7800b0af2590800001
:1062d4002598a0002588c00019c9400f1000a0af60
:1062e40020004010258040000a0042901e004050cb
:1062f40000a0023c120020522590200208000396c0
:106304006e0004241c006410640004246b006414f4
:10631400060003246e00431400a0023c7b97400f48
:10632400252040026e004014ffff2632252860021b
:106334009d7b400f1c0004866000401025904000a7
:10634400251040028c00bf8f8800b48f8400b38f67
:106354008000b28f7c00b18f7800b08f0800e0031a
:106364009000bd2700a0023c09000324fc2a43ac92
:10637400f3ff0010ffff12240400038e1000a3afec
:10638400a000a38f2b006010a400a38f1000632c27
:106394002a006014a000a38f02006390a000a48fc1
:1063a4000300949000a2140025a0830207008388b0
:1063b400040083981000a3af010003242400435079
:1063c4001400a0af2400a527939d400f1c00048651
:1063d4001000a28f0001033c2b0043100c00128616
:1063e4002800a38f2e0043141000a627252880021e
:1063f4001fc4400f25204002ffff3132253000002a
:1064040025282002f153400f1c0004862900401067
:1064140025302002252860029d7b400f1c00048645
:10642400259040006a9b400f1c000486c5ff0010a5
:1064340025104002e3ff00100200149600a0023c65
:106444000e000324fc2a43acbdff0010ffff1224fe
:106454001c00a0af2000a0af0001023c1800a2afb6
:10646400100006241400a527e772400f25204002df
:1064740025904000ffff0224d3ff42162400a527e5
:10648400b0ff001025104002253000000100052453
:1064940076a3400f25204002d5ff00102528800256
:1064a40001000524c0ab400f25204002d0ff00109e
:1064b400252880026a9b400f1c00048600a0023c31
:1064c4000b000324fc2a43ac9dff0010ffff1224a1
:1064d40086000324fc2a43ac99ff0010ffff12241a
:1064e40000a0023c83000324fc2a43ac94ff001068
:0464f400ffff122470
:020000040000fa
:020000041d01dc
:1064f800e0ffbd271c00bfaf1800b2af1400b1af5a
:106508001000b0afe880928f810040122580800093
:106518000000448e78008010faff022476000012f2
:10652800f7ff02240000028e73004010f7ff0224d8
:106538000400028e70004010f7ff022431cd400f96
:1065480000000000780040102588400000004294b8
:106558000100423068004010fcff02240400068e4f
:10656800ffffc6242000258ef9cd400f0000048ec1
:106578000000028e0400038e21104300ffff40a09c
:106588001c00228e200002ae29002292240002aeb6
:1065980000002296800043304f0060100001423016
:1065a800180000ae1400428e420040101c00438eba
:1065b800231043000800238e211043001c0002ae64
:1065c8002600229214004010251000000c00028eb4
:1065d8001100401825100000802802001000248ea9
:1065e800212085000000848c0800038e2118650096
:1065f800000064ac01004224260023922a184300bc
:1066080006006050280002ae0c00038e2a184300d2
:10661800f2ff601480280200280002ae27002292b0
:1066280021004010252000001400028e1e00401892
:10663800002904001000028e211045001400238e4a
:1066480021186500030068880000689807006788bb
:10665800040067980b006688080066980f00658834
:106668000c006598030048a8000048b8070047a830
:10667800040047b80b0046a8080046b80f0045a814
:106688000c0045b801008424270022922a108200b9
:10669800060040502c0004ae1400028e2a1082001e
:1066a800e4ff4014002904002c0004ae120000107e
:1066b800251000001800228e0800248e21104400a6
:1066c800beff001023104300d3ff00102510000068
:1066d800f5ff00102520000001000424fbff03241f
:1066e8000a188200180003ae1c0000ae280000ae95
:1066f8002c0000ae251000001c00bf8f1800b28fc0
:106708001400b18f1000b08f0800e0032000bd27ef
:10671800f9ff0010faff0224f7ff0010f7ff022428
:10672800f5ff0010f7ff0224f3ff0010fdff02241d
:020000040000fa
:020000041d01dc
:10673800d8ffbd272400bfaf2000b4af1c00b3af03
:106748001800b2af1400b1af1000b0af25888000b8
:1067580025a0a0001800908c4000929014005226aa
:1067680000000292040003240439627c821812009b
:106778000418627c000002a24200829401004230a8
:10678800140040102598e000140002264100839070
:1067980080180300211043000000439001000424e6
:1067a800c439837c4431037c140004240420837c92
:1067b800000043a004000324010043a00400432474
:1067c800212012022b18640002006010020040a46d
:1067d800040040a053006012010000a20000629271
:1067e8002000423006004050000062922510000050
:1067f800010003248410627c010002a2000062925e
:1068080010004230060040500000629201000292df
:1068180001000324c418627c010002a200006292f5
:1068280008004230060040500000629201000292c7
:10683800010003240421627c010002a2000062928c
:106848000700433004006010212046020100039233
:106858004439437c010003a25b56400fffff84309c
:10686800020002a6e080849701008424ffff8430a0
:106878005b56400fe08084a7040002a65b56400fd9
:1068880025200000060002a6020062922100405462
:106898000600029601006292640003240a10620056
:1068a800080002a2090014a20a0000a63400228ee1
:1068b8000c0002ae3800228e100002ae2530000017
:1068c800252840026356400f252000020a0002a630
:1068d8001000238e0c006294211042020c0062a466
:1068e8001800228e219052001c0032ae3c00228eed
:1068f800280022ae2400bf8f2000b48f1c00b38f65
:106908001800b28f1400b18f1000b08f0800e00398
:106918002800bd27010003248473627cddff00107a
:10692800060002a6212046025b56400fffff843076
:10693800020002a6e080849701008424ffff8430cf
:106948005b56400fe08084a7040002a65b56400f08
:1069580025200000060002a6d1ff001064000224d2
:020000040000fa
:020000041d01dc
:10696800b8ffbd274400bfaf4000beaf3c00b7af83
:106978003800b6af3400b5af3000b4af2c00b3afb9
:106988002800b2af2400b1af2000b0af25b080001e
:106998002590a00019c9400f1800a0af130040109f
:1069a8002580400008004394640002241400621407
:1069b800030003240a00029216004310feff42243b
:1069c800ff0042300200422c1400401000a0023c9c
:1069d8006b004012ffff512625980000f6ff172490
:1069e8001800b52737000010ffff142400a0023c50
:1069f80009000324fc2a43ac54000010ffff1124b3
:106a080000a0023c7a000324fc2a43ac4f0000108b
:106a1800ffff1124eeff00100e001296160003244b
:106a2800fc2a43ac49000010ffff11241800a28f74
:106a3800251860020b18a202251060001400b3afdd
:106a48001000a2af01000624060005242841400fcb
:106a5800252060022800541025904000bc80848fb7
:106a680021209e001c0082a4040002240a0082a0a7
:106a780026008294010003240442627c444a627c1a
:106a8800260082a400000296000082a4640002246a
:106a9800080082a41000028e100082ac4d7e400fc8
:106aa800240096a42f9d400f2520400203000224b5
:106ab8000a0002a20e0011a624002012ffff2226bf
:106ac80025884000248083931c006010bc80828f3e
:106ad8000a0044900d00801425f060021000028e18
:106ae800d2ff4050000007961800a2af000007969a
:106af800d2ff00102510a00200a0023c840003244d
:106b0800fc2a43ac11000010ffff1124320044247a
:106b1800252800002310e2020100a5240700a31085
:106b280021f0440028008424d8ff8690ecffc05050
:106b38001000028ef9ff00100100a52400a0023cfd
:106b480018000324fc2a43acffff1124251020025f
:106b58004400bf8f4000be8f3c00b78f3800b68f0f
:106b68003400b58f3000b48f2c00b38f2800b28f5b
:106b78002400b18f2000b08f0800e0034800bd2733
:086b8800f2ff00102588400215
:020000040000fa
:020000041d01dc
:106b9000d8ffbd272400bfaf2000b1af1c00b0afad
:106ba0007600c010258080001400a0af1000a0afb8
:106bb0000000a38c780060144000918c63000010ea
:106bc0002510000024004014000080ac03000224c3
:106bd000500060101000a38f4e00c0100000000095
:106be00036000010dc00048e2b008a10000000002c
:106bf000f7ff6304feff0224000040ac140040ac29
:106c00001400a38f290060501400a2af000062acf2
:106c10000400432400e0637c1400a48f140083acc0
:106c20001400a2af0400a5240000a38c380060105b
:106c3000ffffc6243700c0501000a38fdc00048e75
:106c40000000828c0400888cdeff4850040080ac79
:106c50000000488c000088ac2520600000e0687cc3
:106c6000080048ac04004cac0400601100000000b7
:106c70000400488c444a287d040048acdaffe05008
:106c8000422704000400488c0463287d040048acbb
:106c9000d5ff0010422704000400438c8452237d5a
:106ca000040043acd5ff0010000040acddff001035
:106cb0001000a2af000083ac1000a38f1400a58fba
:106cc0000f0065501400a0af0000658c1000a5af48
:106cd000000060ac140060ac0400858cf5ffa0508f
:106ce000040083ac0000a3ac0400868c040065247f
:106cf00000e0a57c1400c5acefff0010040083acdd
:106d0000f3ff60141000a0af110000102400bf8f2b
:106d10001000a38f0d006010251000000100072453
:106d20001000a627e000058ecc6b400f2520000246
:106d300083d1400f2520200209004050e000028e40
:106d4000b5d0400f25202002251000002400bf8f61
:106d50002000b18f1c00b08f0800e0032800bd2781
:106d60000000458c0400a52400e0a57c77d0400fee
:106d700025202002f2ff0010000000001400a0af48
:106d80001000a0af4000918c0000a38cff7f063c58
:106d90008aff6010ffffc63480010c240100eb3035
:106da000010009240200e730a4ff001004000a24b7
:020000040000fa
:020000041d01dc
:106db00083008010000000008300a010000000008d
:106dc000d8ffbd272400bfaf2000b3af1c00b2af77
:106dd0001800b1af1400b0af2590a000258080004e
:106de00000d0400ff8ffb124480003922000601447
:106df000ffff632407d0400f252040002400038eae
:106e000020006010fcff538e2b1023022c004050fa
:106e10002800028ec0101300211022021d006250b3
:106e20000400628cf8ff43ae240011ae3000028ee5
:106e30002310530000d0400f300002ae48000392f0
:106e400001006324480003a207d0400f2520400022
:106e5000c01013002400bf8f2000b38f1c00b28f1e
:106e60001800b18f1400b08f0800e0032800bd2780
:106e7000480003a207d0400f25204000e0ff00108b
:106e80002400038ef8ff40ae280011aee7ff00108b
:106e9000240011ae21105300fcff42ae2400028eec
:106ea0000000428cf8ff42ae2800038e2400028ec0
:106eb000ddff6250280011aedcff0010240011ae8f
:106ec0002b205100230080502b1071000400448cb3
:106ed000c01804002118430005002312212093004c
:106ee000000051acf8ff40aed0ff0010280011aefa
:106ef000ceff0010040044ac21105300fcff42ae52
:106f00000000628c0000428cf8ff42ae2800048e24
:106f10000000628c1a008250280011ae1900001087
:106f20000400648c21204400040064acf8ff428e0d
:106f3000000062ac2800028ebcff5150280003ae56
:106f4000bbff00103000028e14006010f8ff022416
:106f50002b107100fcff40500000638c0000628c1d
:106f60002b202202f8ff80500000638cc020130009
:106f700021202402e0ff44500400428cf8ff42ae7e
:106f80000400648cc010040021106200e5ff22524e
:106f9000fcff428ea5ff0010000071ac00d0400f36
:106fa000380002ae4800039201006324480003a2a7
:106fb00007d0400f25204000a6ff0010251000003c
:106fc0000800e003251000000800e0032510000081
:020000040000fa
:020000041d01dc
:106fd000c8ffbd273400bfaf3000b5af2c00b4af41
:106fe0002800b3af2400b2af2000b1af1c00b0af97
:106ff000258880002580a0003300c0142590c000a3
:1070000025a00000259800006c000624252800001b
:1070100050a6400f252000020800248e3100805029
:107020003c0000a23c81400f3c00052618000526cc
:107030001161400f0c00248e1c0005261161400fc9
:107040001000248e200005261161400f1400248eac
:10705000240005261161400f1800248e2800052603
:107060001161400f1c00248e2800228e5100401018
:10707000440002ae00004394020003a602004290c6
:10708000690002a2ffff4224ff0042300200422cae
:107090001a00401401000324480040166200022632
:1070a000010062383400bf8f3000b58f2c00b48fe0
:1070b0002800b38f2400b28f2000b18f1c00b08f46
:1070c0000800e0033800bd27070006246200a5245d
:1070d000f9cd400f1000a4275400148ecaff0010f1
:1070e000580013963d0000a23e0000a23f0000a2ff
:1070f000400000a2cdff0010410000a22c00042699
:107100000400228e03004788000047980700468845
:10711000040046980b004588080045980f004388f6
:107120000c004398030087a8000087b8070086a8d2
:10713000040086b80b0085a8080085b80f0083a856
:10714000d2a4400f0c0083b82400228e480002ae67
:1071500042000296010015240463a27e0410027c02
:10716000420002a60dc4400f252000022400028e1a
:10717000100002ae2800028e140002ae42000296f9
:107180004429a27e420002a62400258e1bca400f7d
:1071900025200002c0ff401425180000420002967e
:1071a00001000324c418627c420002a6baff00104a
:1071b00025180000b8ff0010010003241000a48f60
:1071c000650004aa000044b81400a493040044a07d
:1071d0001500a493050044a01600a493060044a043
:0c71e000540014aeaeff0010580013a6bf
:020000040000fa
:020000041d01dc
:1071ec00b8ffbd274400bfaf4000beaf3c00b7aff7
:1071fc003800b6af3400b5af3000b4af2c00b3af2d
:10720c002800b2af2400b1af2000b0af25908000b1
:10721c000200a5285900a0100400938c1c00a0affc
:10722c000400172401001124029d163c004ed626a2
:10723c00009d023c643242241000a2af009d023c2f
:10724c009c3242241400a2af009d023cc432422462
:10725c001800a2af009d1e3c801011002110c2022c
:10726c000000548c25280000d2ce400f252020028f
:10727c0055004010258040001000428c09f8400059
:10728c00252000020000438e0400638c253840004a
:10729c00253080021000a58f09f8600025206002bf
:1072ac000000428e0400548c1400028e09f8400039
:1072bc0025200002253040001400a58f09f880021b
:1072cc00252060020000428e0400548c1800028eaf
:1072dc0009f840002520000225a840001c00028e61
:1072ec0009f8400025200002253840002530a00276
:1072fc001800a58f09f88002252060020000428e3c
:10730c000400548c2000028e09f840002520000255
:10731c0025304000fc32c52709f880022520600288
:10732c000000428e0000428c009d053c1433a524c5
:10733c0009f8400025206002010031262b1037028d
:10734c00c6ff401480101100010002244400bf8fbe
:10735c004000be8f3c00b78f3800b68f3400b58f1d
:10736c003000b48f2c00b38f2800b28f2400b18f63
:10737c002000b08f0800e0034800bd27b2b2400fd8
:10738c000400c48c25884000ffff42240300422cdb
:10739c00040040100100372601000224a2ff001057
:1073ac001c00a2af0000428e0400428c0300062495
:1073bc00009d053c1c32a52409f8400025206002e4
:1073cc00e2ff0010251000001c00a28fdbff4050d4
:1073dc00010031260000428e0400428c25308002d0
:1073ec00009d053c4032a52409f840002520600290
:0873fc00d2ff00100100312650
:020000040000fa
:020000041d01dc
:10740400c0ffbd273c00bfaf3800b3af3400b2affc
:107414003000b1af2c00b0af258080000200a52859
:107424001700a0140400918c0400d28c02000624de
:10743400009d053c9833a5240cac400f2520400248
:107444001d00401004000624009d053cfc33a524c7
:107454000cac400f252040025000401001000324d2
:10746400251060003c00bf8f3800b38f3400b28f0a
:107474003000b18f2c00b08f0800e0034000bd271e
:107484000000828c0000428c009d053c5833a524ea
:1074940009f84000252020020000028e0000428ce2
:1074a400009d053c7c33a52409f8400025202002da
:1074b400ebff00102518000025280000379b400f23
:1074c40025200000ffff0324090043107c80828fe5
:1074d4000000028e0000428c009d053c9c33a524d4
:1074e40009f8400025202002ddff001001000324dc
:1074f400210040500000028e0000478c0400458c9f
:107504000800468c0c00448c1000438c1400428c00
:107514001000a7af1400a5af1800a6af1c00a4afbd
:107524002000a3af2400a2af0000028e0400428c0e
:10753400009d053cd033a52409f8400025202002f5
:107544001000a527379b400f25200000ffff0324d0
:1075540010004310009d053c009d053c4033a524cc
:107564000000028e0000428c09f840002520200211
:10757400bbff0010010003240000428c009d053c69
:10758400b033a52409f8400025202002b4ff0010e0
:1075940001000324f2ff00102c33a5242528000049
:1075a400379b400f2520000025904000ffff022458
:1075b40008004216009d053c0000028e0000428c2b
:1075c4000434a52409f8400025202002a4ff00105b
:1075d4000100032400a0133cd82965267dbc400f7c
:1075e40025204002d82973267c8093af92c6400f91
:1075f400252040020000028e0000428c009d053cc4
:107604002c34a52409f840002520200294ff001002
:04761400010003244a
:020000040000fa
:020000041d01dc
:10761800d0ffbd272c00bfaf2800b6af2400b5af00
:107628002000b4af1c00b3af1800b2af1400b1af64
:107638001000b0af2588a0002590c0004fca400fa9
:107648002598e00072004010258040002800201690
:107658003c005494700080162598000025a800006e
:1076680000d0400f00000000188183933700601499
:10767800ffff632407d0400f252040003d004056ff
:107688002a0002962a0012963500401200000000d7
:1076980000d0400f0000000018818393010063248c
:1076a800188183a307d0400f25204000420002968e
:1076b8004408027c420002a63c0011a60400a01265
:1076c800240015ae40000296c418027c400002a6b1
:1076d80048006012ffff3132010002243e002252ae
:1076e8000000628e3c0014a6440000102510000023
:1076f800ffff23260200632c2d00601025100000d8
:1077080003008012000000002a0091162c00bf8f91
:107718000c00601201000224d1ff221625a80000e7
:107728000000628eceff401025280000e5c2400f01
:1077380025206002caff401425a840001c00001044
:1077480025100000c6ff001025a86002188183a339
:1077580007d0400f25204000c8ff0010000000009f
:10776800ecb0400f0000000025904000070000101a
:107778000100562cc6ff521000000000f8c2400f4e
:107788002520400201004238ff00563000d0400f4b
:10779800000000001881839301006324188183a3eb
:1077a80007d0400f25204000c0ffc0122510000060
:1077b8002c00bf8f2800b68f2400b58f2000b48f0f
:1077c8001c00b38f1800b28f1400b18f1000b08f57
:1077d8000800e0033000bd27180002ae4000029602
:1077e800010003244429627c8431627cc439027c10
:1077f800400002a62a0012a60100022442000396b5
:10780800010004244408837ce9ff0010420003a619
:10781800e7ff001025100000e5ff0010251000000c
:020000040000fa
:020000041d01dc
:10782800a8ffbd273400b1af0400b18c5000beaf33
:107838004c00b7af4400b5af3c00b3af2548e000fb
:107848005400bfaf4800b6af4000b4af3800b2af85
:107858003000b0af2598800025a8a0000800a78cac
:107868000000be8c4c0020060c00b78c44081e7c1f
:107878001000ca330000d68c0400c88c04004011e4
:107888002510e0002518c80201006054feffe2241c
:107898000800cb3301006055ffff42241000b08e72
:1078a800bfff342523905100ffff10262118f00256
:1078b800000060a00200c5331a00942e0200022abc
:1078c8000a0040142510c802350040140f00c332c6
:1078d8003400201e0a0064282110510203004018b9
:1078e800000000003000a054ffff10260b004011dc
:1078f800000000000000c28c0400c38c2510430067
:10790800060040102110f002feff1026ffff49a0dc
:10791800300003242110f002000043a0060060514b
:107928001000a68effff10262110f002200003246d
:10793800000043a01000a68e1000beaf2128f00260
:10794800ffffc6242330d000d08e400f25206002d0
:107958000400638e00016330040060105400bf8f80
:107968000400a38e2a2043000b1064005000be8f31
:107978004c00b78f4800b68f4400b58f4000b48fd5
:107988003c00b38f3800b28f3400b18f3000b08f15
:107998000800e0035800bd27b5ff001001001124be
:1079a8000a006428ffff1026020080105700622496
:1079b80030006224170080122118f002200043349e
:1079c8009fff63241a00632c120060102118f00234
:1079d800252040002800a5af2400a8af6400a9af67
:1079e8006000a6af2000a7af1c00abaf23d0400fac
:1079f8001800aaaf2800a58f2400a88f6400a98fbb
:107a08006000a68f2000a78f1c00ab8f1800aa8fdc
:107a18002118f002000062a002b116000017080049
:107a2800ffff312625b05600a4ff001002410800d0
:020000040000fa
:020000041d01dc
:107a3800c8ffbd273400bfaf3000b7af2c00b6afca
:107a48002800b5af2400b4af2000b3af1c00b2af1c
:107a58001800b1af1400b0af4800b393ffffa224e1
:107a6800ff0042300f00422c0d004014010010248a
:107a7800251000023400bf8f3000b78f2c00b68f5e
:107a88002800b58f2400b48f2000b38f1c00b28f5c
:107a98001800b18f1400b08f0800e0033800bd272c
:107aa80025a8e00025a0c0002588a000259080001a
:107ab800c7cd400f01000524edff4014258040008c
:107ac80025280000face400f25204002e8ff401488
:107ad800258040000f000624010005248f8e400fea
:107ae80025204002e2ff4014258040002530200276
:107af800ffff0524cea3400f25204002dcff4014e1
:107b08002580400025280000ebbb400f25204002bf
:107b1800d7ff40142580400001000524d1cc400f38
:107b280025204002d2ff4014258040000100052492
:107b3800f4cb400f25204002cdff401425804000a3
:107b480001000524d1cd400f25204002c8ff401474
:107b580025804000030060122000a22e080040107b
:107b68000100052425280000ebbb400f252040021a
:107b78001000405025302002bdff00102580400035
:107b8800ebbb400f25204002030040502530200267
:107b9800b7ff001025804000020005248f8e400f9b
:107ba800252040020800401025980002b0ff001070
:107bb80025804000010005248f8e400f25204002bb
:107bc8001c0040142598000204000010040017242b
:107bd80001007326130077120000000006107102de
:107be80001004230faff4010ff0076322530800253
:107bf8002528c00289c9400f252040029cff401457
:107c0800258040002530a0022528c00297c9400fd2
:107c180025204002eeff40102580400095ff00100f
:107c2800251000022ea9400f2520400290ff0010c9
:0c7c3800258040008eff001025804000d9
:020000040000fa
:020000041d01dc
:107c4400c8ffbd273400bfaf3000b6af2c00b5afbe
:107c54002800b4af2400b3af2000b2af1c00b1af12
:107c64001800b0af259080002598a00025a0c00082
:107c74002588e0000200062472ba400f980005240b
:107c84004300401425804000010016241f00943254
:107c9400040000100400152401001026140015121d
:107ca4000500622e0610110201004230faff401056
:107cb400ff0006321000b6af2538c002b10005241b
:107cc4002098400f252040025a004014b200052697
:107cd40025308002ffffa53072ba400f25204002f4
:107ce400eeff4050010010262900001025804000be
:107cf4005200401080981300019d023c147d4224e0
:107d0400219853000000628e08004000000000002b
:107d1400687d019d387d019d287d019d487d019de3
:107d2400587d019d0c0014242598000010000010bb
:107d3400251000001f001424010013240c0000105f
:107d440003000224100014242598000008000010e9
:107d5400251000001a00142401001324040000104c
:107d6400030002241f00142403001324030002242c
:107d74001000a2af0200072425300000a200052451
:107d84002098400f252040020c0040102580400020
:107d9400251000023400bf8f3000b68f2c00b58f41
:107da4002800b48f2400b38f2000b28f1c00b18f41
:107db4001800b08f0800e0033800bd271400b3afeb
:107dc400020002241000a2af253800002530200252
:107dd400840005247c9f400f25204002ecff4014c2
:107de400258040001400b3af020002241000a2afab
:107df4002538000025302002860005247c9f400f92
:107e040025204002e2ff4014258040001400b4af56
:107e1400050002241000a2af02000724253020022e
:107e2400840005247c9f400f25204002d8ff0010c9
:107e340025804000d6ff001025804000d4ff0010ac
:047e44000100102405
:020000040000fa
:020000041d01dc
:107e4800251085003e0040102538a000010082243e
:107e58002b3044002130c5004408027cc21f0500b5
:107e680025304600251080003800c010c01a0300d5
:107e78000a00062440008610f6ff06245f008610dc
:107e8800ffff06243500a004000000004200e014b3
:107e9800203046702000c624f8ffc4244240020067
:107ea800274804000428870006402801200087305e
:107eb8002528050104208200251080003e0408249e
:107ec8000a20a7000b100700234006012538800070
:107ed8000700443010008010c2200700c000457c15
:107ee8000300a524212845002b10a20021384700b3
:107ef8000006e47c070080102510a000c0270700ba
:107f0800421005003f04082425108200423807006b
:107f180023400601c2200700402f0700c2100200bc
:107f28000005867c0300c0102510a2000098847c00
:107f380025186800001d03000800e00325186400e8
:107f4800251000000800e00325180000ff03633433
:107f5800001d03000800e003251000002f008050da
:107f68000080023c231004002b380200232805005f
:107f7800c6ff00102338a700c0ffa01400000000af
:107f8800020463340400043c001d030025100000b3
:107f98000800e003251864002030e6700800042477
:107fa8003e04082423208600180080182340060178
:107fb80027280400405007000450aa000648820001
:107fc800f8ffc52420008b3025484901062087008a
:107fd8002000ac300b488b0025504000170080155e
:107fe8000b200b000428a7002510a2002b1002006c
:107ff80025104900b6ff001025388000a1ffa614ff
:1080080000000000dfff001002046334a3ff8014a7
:10801800f8ffc424aeff001008000624d2ffa254c3
:1080280023100400253000003e04082425500000d9
:10803800f8ff0524254800008000043cebff0010f1
:048048000410aa0076
:020000040000fa
:020000041d01dc
:10804c00d0ffbd272c00bfaf2800b6af2400b5afc2
:10805c002000b4af1c00b3af1800b2af1400b1af26
:10806c001000b0af258080003600829401004230b1
:10807c00130040102588a0006c008294000443304b
:10808c002100605401000224030042300100422c04
:10809c000d00001025b00000120040507400128e2c
:1080ac0022008294080042300d004054440000ae7f
:1080bc0045b0400f440000ae0a0000107400128e50
:1080cc0001000224010016244400048e04008010d8
:1080dc00010003246f000592efffa31000000000c5
:1080ec007400128e7200029624885100080020122f
:1080fc007800158e1d004052259800003400138620
:10810c00050000104000148eefff00100100162433
:10811c002598000025a000001700c0525a000296b6
:10812c0098b8400f25200002070020122c00bf8faa
:10813c002538a002253020022528800209f84002ab
:10814c00252060022c00bf8f2800b68f2400b58f2d
:10815c002000b48f1c00b38f1800b28f1400b18fa5
:10816c001000b08f0800e0033000bd2725a00000f0
:10817c00e9ff0010258800006a0002a60000028eac
:10818c00080002ae0c0002ae100002ae1400028e0b
:10819c001c0002ae200002ae360002964408027c9f
:1081ac008410027cc418027c0421027c4429027cc9
:1081bc008431027cc439027c0442027c0100032419
:1081cc00444a627c8452027c360002a66c00029601
:1081dc008410027c444a027cc418027c0421027c78
:1081ec004429027c6c0002a64c0000aeffff022466
:1081fc00540002ae5c0003a601000224660002a635
:10820c00580000a6380000ae710000a26c00028e6f
:10821c000008427c6f0002a26c00029600204330e2
:10822c0001006050400000ae004042300100405060
:10823c003c0000ae7d0000a2bbff00106e0000a24f
:020000040000fa
:020000041d01dc
:10824c00d8ffbd272400bfaf2000b4af1c00b3afd4
:10825c001800b2af1400b1af19c9400f1000b0af85
:10826c0018004010258040000a0042907000401019
:10827c0064000324080004961700831002000324f2
:10828c006600431000000000396e400f1c0004868d
:10829c00ffff02241c0002a60a0000a2260000a672
:1082ac00251000002400bf8f2000b48f1c00b38f5a
:1082bc001800b28f1400b18f1000b08f0800e003cb
:1082cc002800bd2700a0023c09000324fc2a43ac73
:1082dc00f4ff0010ffff02240300032413004310db
:1082ec000400432ce8ff60140000000026000396f5
:1082fc000001633043006010070003242480839343
:10830c003c006010bc80828fffff6324ff00633051
:10831c008020030021208300c02004002800432477
:10832c002120830022000010030005242480829366
:10833c00d5ff40102588000004001324070000100e
:10834c00ffff142401003126ff0031322480829378
:10835c002b102202ccff4010000000008090110076
:10836c0021905102c0901200bc80828f21105200cb
:10837c000a004390f4ff735401003126000044942a
:10838c0000000396f0ff835401003126396e400f34
:10839c001c0044841c0014a6bc80828f21905200c7
:1083ac00e8ff00100a0040a2120044100000000078
:1083bc000a004390fcff65542800422400004694b8
:1083cc0000000396f8ffc35428004224d468400fe1
:1083dc001c00048614c5400f0c00048608000324fe
:1083ec00040004240b2062000a0004a2adff00105c
:1083fc0025100000396e400f1c000486a2ff0010ef
:10840c0000000000a0ff431000000000396e400f78
:10841c001c0004869cff001000000000396e400f09
:10842c001c000486ffff022497ff00101c0002a60c
:08843c009cff00102510000058
:020000040000fa
:020000041d01dc
:108444000100a0540000a0ac550080100000000002
:10845400000082805400401003000a24f8ffbd2766
:10846400253000002540000025180000fe000b24e4
:108474000200093c060529250b00001025600000b8
:1084840017006a10000000002f004b100a00472c50
:108494001800e0502510000001006324ff00633041
:1084a400003206000438467c01008424ffff8290d9
:1084b400450040100400072d0e00e0502510000078
:1084c400d0ff4224eeff6014ff0042300a00472c24
:1084d400f2ffe054010063240600001025100000a0
:1084e40004004b14251000002b10c9000300401495
:1084f400251000000800e0030800bd2701000d2539
:108504002140a803003cc37c401003002110430019
:10851400c01002002110430080100200003ac77c02
:108524008018070021186700401803002110430039
:1085340021304600000006a125300000ff00a831cc
:10854400d9ff0010251880012b10c900e9ff401045
:108554002510000001000d252140a803003cc37c28
:108564004010030021104300c010020021104300fa
:1085740080100200003ac77c8018070021186700a9
:10858400401803002110430021304600000006a1da
:1085940025300000ff00a831c3ff0010251880011a
:1085a4000800e003010002240800e00301000224a3
:1085b400d0ff001025100000ceff00102510000091
:1085c400ccff00100100022403000324c9ff03159b
:1085d400251000000200023c060542242b10c200b4
:1085e400c4ff401025100000003cc37c4010030071
:1085f40021104300c010020021104300801002002b
:10860400003ac47c80180400211864004018030058
:108614002110430021304600e9ffa0100300a6a367
:108624000000a28f0000a2acb2ff001001000224df
:020000040000fa
:020000041d01dc
:10863400d0ffbd272c00bfaf2800b5af2400b4afd6
:108644002000b3af1c00b2af1800b1af1400b0af3c
:108654002481828f0a004014000000002c00bf8f88
:108664002800b58f2400b48f2000b38f1c00b28f74
:108674001800b18f1400b08f0800e0033000bd274c
:1086840000d0400f25908000188183930b00601464
:10869400ffff632407d0400f252040001800428ebe
:1086a40001001324049853002c81828f2c0040185d
:1086b400258000000b00001001001424188183a3fe
:1086c40007d0400f25204000f5ff00101800428e0f
:1086d400010010262c81828f2a10020221004050b2
:1086e4001c00438e801010003081838f21106200a3
:1086f4000000518cf7ff2052010010262400358e13
:108704004ed0400f2520a002f1ff40040410540075
:1087140024105300efff405001001026252880024a
:10872400518f400f120024865000238ee9ff6050c1
:10873400010010265800229600204230e5ff4050e8
:10874400010010265400278e002006242528a002ac
:1087540009f8600012002486deff001001001026d4
:108764001c00438e02000224220062142481908f94
:10877400ffff10261f000016248190af2c81828fea
:108784001500401c801010002881848f0c00828cfe
:1087940009f840003081858f308180af1c81848f3f
:1087a40005008050288180af79cc400f0000000084
:1087b4001c8180af288180afa8ff00102c8180af7e
:1087c40013b7400f000000002c81828f2a10020290
:1087d400edff4010801010003081838f2110620063
:1087e4000000448cf6ff801401001026f7ff0010ef
:1087f4002c81828f00d0400f0000000018818393e9
:1088040001006324188183a307d0400f2520400072
:0888140093ff00102c00bf8f40
:020000040000fa
:020000041d01dc
:10881c00e0ffbd271c00bfaf1800b1af1400b0af14
:10882c002580a0004fca400f2588c0006900405029
:10883c00251000006c0020120d00032e6c0060103f
:10884c0080801000029d033c6888632421807000a6
:10885c000000038e08006000000000009c88019d51
:10886c00b488019dcc88019de488019df888019d08
:10887c000c89019d1c89019d2c89019d3c89019dc0
:10888c005089019d6089019dbc89019dd089019d04
:10889c0040004294040042388000427c000022a236
:1088ac004c000010010002244000429408004238a1
:1088bc00c000427c000022a24600001001000224ed
:1088cc0040004294100042380001427c000022a279
:1088dc0040000010010002244000428c0300423092
:1088ec00000022ae3b000010010002244000429424
:1088fc008002427c000022a23600001001000224fb
:10890c0010004294000022a6320000100100022444
:10891c003e004290000022a22e0000100100022412
:10892c005a004290000022a22a00001001000224ea
:10893c004200429001004230000022a225000010ab
:10894c00010002245b004290000022a221000010d2
:10895c00010002244000438c1c0063301c0063386f
:10896c000100632c42004294100045300200643434
:10897c000b18850020004530040064340b1885006a
:10898c0040004530080064340b1885000400453065
:10899c00100064340b188500080042302000643449
:1089ac000b188200000023ae0a0000100100022404
:1089bc004000428c002e427c000022a205000010d8
:1089cc0001000224420042948003427c000022a257
:1089dc00010002241c00bf8f1800b18f1400b08f4f
:1089ec000800e0032000bd27faff0010251000004e
:0889fc00f8ff00102510000037
:020000040000fa
:020000041d01dc
:108a0400c8ffbd273400bfaf3000b3af2c00b2aff6
:108a14002800b1af2400b0af1800a0a71a00a0a787
:108a24001c00a0a30400a22c650040101d00a0a3fc
:108a34006b00c0102590e0002598c0002580a000a0
:108a440025888000010002241000a2af0100072441
:108a5400040006242098400f9c0005245a0040146a
:108a64003400bf8fff000624a600052472ba400f0d
:108a740025202002540040143400bf8f253000000c
:108a84007300052472ba400f252020024e004014c2
:108a94003400bf8f40801000ff0010320200022417
:108aa4001000a2af02000724253000027300052441
:108ab4002098400f25202002430040143400bf8f2b
:108ac400c4ca400fe80304241800a527bbaf400f15
:108ad400252020023c0040143400bf8f01000224f2
:108ae4001000a2af02000724253000027300052401
:108af4002098400f25202002330040143400bf8ffb
:108b0400c4ca400fe80304241a00a527bbaf400fd2
:108b1400252020022c0040143400bf8f1a00a29795
:108b24001800a39723104300000062a6bbd1400f96
:108b340025200000c4ca400ff4010424bbd1400f17
:108b440001000424c4ca400ff40104241600401296
:108b54001c00a627c2000524c6ac400f2520200215
:108b6400190040143400bf8f1d00a627c30005243c
:108b7400c6ac400f25202002130040543400bf8fa0
:108b84001c00a29307004330000043a2c010427ca3
:108b9400010042a21d00a29307004330020043a239
:108ba400c010427c030042a225300000730005245b
:108bb40072ba400f25202002030000103400bf8f3a
:108bc400010002243400bf8f3000b38f2c00b28f19
:108bd4002800b18f2400b08f0800e0033800bd27bf
:088be400f8ff0010010002245b
:020000040000fa
:020000041d01dc
:108bec007300801053ff03247100a01000000000dc
:108bfc006f00c0102518000050ffbd27ac00bfafa0
:108c0c00a800b2afa400b1afa000b0af2590c000d7
:108c1c002588a0001400838cfeff02241e00621421
:108c2c00258080000100023c010042242b104202ee
:108c3c0061004010010002241000039260006214d5
:108c4c002530400225282002432d400f0c00048eb5
:108c5c002518400002000224170062108000022434
:108c6c000700601025106000030002244b00621006
:108c7c0002000224100002a239ff03242510600018
:108c8c00ac00bf8fa800b28fa400b18fa000b08f32
:108c9c000800e003b000bd27bb9e400f00000000a1
:108cac0025184000f1fe0224f5ff625425106000e7
:108cbc00ddff00100100023c1800a2af2000a2272b
:108ccc001400a2af200002241000a2af029d073caa
:108cdc0054d1e72430000624029d053c74d1a52410
:108cec00b2c1400f010004242d00405403000224a3
:108cfc002000a327029d053cd4d0a524a000a727c3
:108d0c00000064900000a6902620860025104400e8
:108d1c0001006324faff67140100a5241f0040140e
:108d2c00240006242000a527d09b400f25200002fc
:108d3c0009004010010003242000a2274400a427ae
:108d4c00000040a001004224fdff4414000000007c
:108d5c00c3ff001000000000240005248faa400f60
:108d6c002000a427f4ff40142518400020000624fe
:108d7c002400a5274580400f0c00048eeeff401404
:108d8c00251840002530400225282002432d400f95
:108d9c000c00048ee8ff001025184000030002248c
:108dac00100002a2b5ff00102fff032453ff032471
:108dbc000800e00325106000b0ff001053ff0324ef
:088dcc00aeff001039ff032483
:020000040000fa
:020000041d01dc
:108dd400d8ffbd272400bfaf2000b4af1c00b3af41
:108de4001800b2af1400b1af1000b0af00a0103c37
:108df400a82610260400028e1800428c09f84000b0
:108e04003000128e140002ae1400048e5fc9400fad
:108e140000000000258840002fc8400f2520400096
:108e2400550040120000000000a0103ca8261026a7
:108e34002c000292010042242c0002a2a4b5400f8f
:108e4400252020023000108e0800001200a0113ce2
:108e54000c00028e06004054f42531260100112432
:108e640000a0123c14000010a8265226f425312636
:108e74002580000025902002010014241f0000100a
:108e840005001324acb3400f2000048e1000028ea2
:108e9400040040503000508e09f840001400048e45
:108ea4003000508ef1ff005200a0113c0c00028ee5
:108eb400eeff405400a0113c180011a2190011a2a9
:108ec4000400028e04004014000000001000028e12
:108ed400ecff401400000000dea8400f2520000233
:108ee4000400028ee9ff4050010000a2e8ff0010d8
:108ef4001000028e1b00131224003126c010100033
:108f040021105000801002002110420219004290ea
:108f1400ff004230f7ff405001001026c01010003f
:108f2400211050008010020021104202190040a0bc
:108f34000400238eefff7454010010260800238ed2
:108f4400c0101000211050008010020021104202b5
:108f54000c0043ac918f400f25202002e5ff001048
:108f64000100102600a0023ca82642242c004390b5
:108f7400ffff63242c0043a000d0400f000000003a
:108f84004476400f2580400007d0400f2520000282
:108f94002400bf8f2000b48f1c00b38f1800b28f41
:108fa4001400b18f1000b08f0800e0032800bd2723
:020000040000fa
:020000041d01dc
:108fb400c8ffbd273400bfaf3000b4af2c00b3af3f
:108fc4002800b2af2400b1af2000b0af25908000dc
:108fd4002588a0002580c0000200a01025a0e00084
:108fe4000000a0ac04000012100006242528000094
:108ff40050a6400f25200002e880938f5b0060128a
:109004001000a5271161400f252040020e004010da
:109014001000a52704002012251000001000a28fc4
:10902400000022ae251000003400bf8f3000b48f42
:109034002c00b38f2800b28f2400b18f2000b08f92
:109044000800e0033800bd276827400f25204002b0
:109054001100401025284002f3ff005225100000a3
:109064001000a58f1400a48f1800a38f1c00a28fda
:10907400030005aa000005ba070004aa040004ba04
:109084000b0003aa080003ba0f0002aa0c0002badc
:10909400e5ff001025100000d694400f0000648ef8
:1090a40036004010252040000000439480006230c8
:1090b4002a0040100001633027008290260085902a
:1090c40025184500d8ff6050feff02241a00401006
:1090d4000000000018000012ff0f033cffff633480
:1090e40021104300001902001400828c2110430057
:1090f4000300488800004898070047880400479800
:109104000b004688080046980f0043880c004398db
:10911400030008aa000008ba070007aa040007ba57
:109124000b0006aa080006ba0f0003aa0c0003ba33
:10913400bdff801625100000bbffa0102510000005
:10914400baff20123400bf8f1000828c0000428cc2
:10915400000022aeb4ff001025100000010004241a
:10916400fbff0224b0ff00100a108300aeff0010c2
:10917400faff0224acff001025100000aaff001023
:0c918400ffff0224a8ff001025100000cf
:020000040000fa
:020000041d01dc
:109190001c00838c03000224710062100000000098
:1091a000d8ffbd272400bfaf2000b3af1c00b2af73
:1091b0001800b1af1400b0afcc8082970c00401003
:1091c0002580a000cc80829701004224cc8082a719
:1091d000010002242400bf8f2000b38f1c00b28f37
:1091e0001800b18f1400b08f0800e0032800bd27dd
:1091f0000c00828cdc8082afd08080afd88080afc2
:1092000000a0023c0c2a40ac0c2a4224040040acd2
:10921000080040ac0c0040ac00a0023c002a40ac6e
:10922000002a4224040040ac080040acd48080af47
:1092300000a0023cf02940acf0294224040040acdc
:10924000080040ac0c0040acc88080af0400a01007
:10925000ffff11240000a28c0900401425300000fb
:10926000b5d1400f000000003400401400000000a1
:10927000cbb0400f00000000d6ff0010251000000a
:10928000019d053ce412a5246ab5400f03000424a7
:1092900024004010d88082af00a0043c12c1400fcf
:1092a0000c2a8424eeff4010fdff112400a0043c92
:1092b000b3cf400ff02984241c004010dc80848f41
:1092c0000800828c1000062409f840000000058e7a
:1092d00018004010d48082af00a0043c29d1400f78
:1092e000002a84240000028eb6ff4010d480918fa3
:1092f0002590000000a0133c002a73262528200298
:1093000070cb400f25206002010052260000028e23
:109310002b104202f9ff401410003126aaff001062
:10932000cc808297ceff0010feff1124ccff0010ee
:10933000fcff1124caff0010fbff1124b3d1400f22
:109340000000000025302002039d053c94d0a52498
:10935000a2a3400f25204000c5ff00100000000020
:089360000800e00301000224f3
:020000040000fa
:020000041d01dc
:1093680000a0033cd82363246f008314faff02246f
:10937800e0ffbd271c00bfaf1800b1af1400b0afad
:109388002c0080102580a00000a0113c253860002a
:10939800039d063c2801c62425280000346c400f94
:1093a800252060009880400fd82324264c00001206
:1093b800258840001000028e09004010f6ff0224a4
:1093c800251000020000428c4b00405000a0023cd7
:1093d8001000438cfcff60540000428cf6ff02240e
:1093e8001c00bf8f1800b18f1400b08f0800e00375
:1093f8002000bd27d82342240c01438c010063249c
:109408000c0143ac22000396c418037c220003a677
:109418006800428cf2ff4050f6ff02240600052443
:1094280000a0043c09f84000c0248424ecff00108c
:10943800f6ff0224eaff0010faff0224e8ff0010fa
:10944800f6ff0224e6ff0010251000000000108e31
:109458001b00001200a0023c2200029608004234c1
:10946800220002a61000058ef77e400f252020025c
:10947800f6ff401003000324deff431400a0023c63
:10948800d82342241001438c01006324100143ac0b
:1094980000a0113c1c2431262528000204cb400fd3
:1094a800252020022200029608004234220002a64b
:1094b8000000108ef9ff00162528000200a0023ccb
:1094c8004024428cdfff40100600052400a0043c25
:1094d80009f84000c0248424c1ff001025100000b2
:1094e80000a0023c4024428c0600401405000524dc
:1094f800f3ff001000a0023c4024428c06004010fc
:109508000500052400a0043c09f84000c024842478
:10951800ebff001200a0023cddff201600a0113c6a
:10952800cdff0010d82331260800e003000000001a
:020000040000fa
:020000041d01dc
:10953800e0ffbd271c00bfaf1800b1af1400b0afeb
:109548008a819093670000122e0002241f00825027
:109558008a8180a3ff008530f7ffa224ff004230f4
:109568001800432c5d0060502c0002248000033c4e
:109578001300632406104300010042305a004014cf
:1095880025100002d0ffa624ff00c6300a00c22c16
:1095980009004014808191939fffa224ff0042306c
:1095a8000600422c13004010bfffa224a9ffa524e7
:1095b800ff00a63080819193150020160100022437
:1095c800818186a347000010808182a3009d043c0e
:1095d800f3b7400f604b84249d9b400f8481849790
:1095e800009d043cf3b7400f744b84243e000010e8
:1095f80025100002ff0042300600422c3a004010bd
:1096080025100002c9ffa524eaff0010ff00a630bc
:1096180081818593002905002530a600808180a3db
:10962800ff00c6308881859772ba400f8c81848f7d
:109638000500401088818297828182970100422428
:10964800828182a78881829701004224888182a72b
:109658008481829701004224ffff4230848182a7df
:1096680086818397ffff63241f0042301700401054
:10967800868183a7868182971a004014258020025c
:109688008a8180a3009d043cf3b7400f7c4b84245f
:109698009d9b400f84818497009d043cf3b7400f45
:1096a800884b84249d9b400f82818497009d043cb5
:1096b800f3b7400f944b8424009d043cf3b7400f4c
:1096c800a04b842408000010251000023dbd400f67
:1096d80023000424e8ff001086818297aaff8214e1
:1096e800d0ffa624251000021c00bf8f1800b18fe0
:0c96f8001400b08f0800e0032000bd2724
:020000040000fa
:020000041d01dc
:10970400d0ffbd272c00bfaf2800b5af2400b4aff5
:109714002000b3af1c00b2af1800b1af67008010d7
:109724001400b0af259080002580a0003f00a01059
:1097340025a0c0000000848c4000822c31004050e1
:109744007cff15240400428e211882022b10620033
:1097540004004010040043ae0800428e010042247d
:10976400080042ae380080140c0051264000822ebe
:109774004b00401425980002c0ff93260428137c54
:109784004000732621981302251800022510200298
:109794004000082603006788000067980700668871
:1097a400040066980b006588080065980f006488bb
:1097b4000c006498030047a8000047b8070046a8b7
:1097c400040046b80b0045a8080045b80f0044a89b
:1097d4000c0044b810006324eeff68141000422407
:1097e4004000102625282002eb12400f25204002bd
:1097f400e5ff131625a840003f0094322a00801686
:10980400253080022510a0022c00bf8f2800b58fc0
:109814002400b48f2000b38f1c00b28f1800b18fc6
:109824001400b08f0800e0033000bd272500c014e9
:109834007cff02240000958c4000b52e0b1015000f
:10984400f0ff001025a84000400015242310a402b6
:109854002b9882020b10930225984000253040007b
:10986400252800028879400f212024020000428e1e
:1098740021106202000042ae21801302bbff551486
:1098840023a0930225282002eb12400f252040023a
:10989400dcff401425a84000b4ff0010000040aed7
:1098a400d6ff001025a80000252860028879400f03
:1098b40025202002d3ff0010000054aed1ff001079
:0c98c40053ff1524cfff001053ff1524a4
:020000040000fa
:020000041d01dc
:1098d000c8ffbd273400bfaf3000b3af2c00b2af1c
:1098e0002800b1af2400b0afe880918f5200201261
:1098f000faff022450008010f7ff0224000082804b
:109900005a0040102598c0002590a000e279400f31
:10991000258080004000422c560040101000a527f2
:109920001161400f25200002540040141000a527ab
:109930006827400f2520000252004014252800020d
:10994000d19a400f0000248e500040102580400026
:109950000100022404004212251040021c00423a79
:109960002b10020002004224100060160000039633
:109970000200643019008054260000a22a000492dc
:10998000242082000c0082140100443080006430e6
:10999000290080142510000000016330010002241a
:1099a000fbff0424240000100b108300020064302d
:1099b000090080140100443001008054260000a2f8
:1099c0000200443001008054270000a2c439037c07
:1099d00005000010000003a6260000a2270000a238
:1099e000c441037c000003a6180000ae280012a2a8
:1099f0002a000392251043002a0002a21c00228e96
:109a0000080002ae0c0002ae2b0000a20400238e60
:109a10001000601001000224401002002c0002a27d
:109a20002600229601004224260022a625280002b4
:109a30003a3b400f252020023400bf8f3000b38f07
:109a40002c00b28f2800b18f2400b08f0800e003f3
:109a50003800bd2767d1400f00000000efff001065
:109a600040100200f4ff0010f7ff0224f2ff001084
:109a7000f7ff0224f0ff0010f7ff0224eeff0010b2
:109a800002000224ecff001002000224eaff001092
:049a9000f8ff0224b5
:020000040000fa
:020000041d01dc
:109a9400e0ffbd271c00bfaf1800b2af1400b1af88
:109aa4001000b0af259080002580a000e7c9400fca
:109ab4002588c00059004010251840000c00022ed3
:109ac4005d00401080801000029d053ce49aa524ae
:109ad4002128b0000000a28c080040000000000013
:109ae400149b019d489b019d8c9b019da89b019dfe
:109af4003c9c019d3c9c019dc49b019d3c9c019d03
:109b0400dc9b019df09b019d089c019d149c019d83
:109b140043002052251000000000249201008438e4
:109b24006c0062948431827c6c0062a401002492f3
:109b340001008438c439827c6c0062a438000010af
:109b44000100022436002012251000000000229299
:109b5400360064948473447c3b004010360064a453
:109b6400710060a002002496102705240a20a40096
:109b7400680064a404002492060005240a20a400ba
:109b8400270000107c0064a0240007242530000076
:109b9400ffff25325332400f2520400221000010e0
:109ba4001c00bf8f18000724ffff26322528000061
:109bb4005332400f252040021a0000101c00bf8fb2
:109bc4002b8811006c006294c45a227e6c0062a43b
:109bd400130000100100022436006294046b227efc
:109be400360062a40e000010010002242b8811002c
:109bf40036006294c47b227e360062a40800001002
:109c0400010002247e0071a005000010010002245e
:109c14007f0071a002000010010002242510000042
:109c24001c00bf8f1800b28f1400b18f1000b08fca
:109c34000800e0032000bd27f9ff001025100000f4
:109c4400f7ff001025100000f5ff001001000224aa
:020000040000fa
:020000041d01dc
:109c5400d0ffbd272c00bfaf2800b4af2400b3afa2
:109c64002000b2af1c00b1af1800b0af2580800057
:109c74000300a228160040100400918c0000828c7e
:109c84000000428c009d053c6037a52409f8400083
:109c9400252020020000028e0000428c009d053c1d
:109ca400a837a52409f8400025202002251000002b
:109cb4002c00bf8f2800b48f2400b38f2000b28ff4
:109cc4001c00b18f1800b08f0800e0033000bd27de
:109cd4002590a0002598c00052b2400f0400c48c07
:109ce4000c00401025a04000420042944000423045
:109cf40010004014009d053c0000028e0000428cc0
:109d0400d837a52409f8400025202002e8ff0010d8
:109d1400251000000000028e0000428c009d053cce
:109d24008034a52409f8400025202002e0ff00101b
:109d3400251000001000a5271161400f0800648e53
:109d440008004014009d053c0000028e0000428c77
:109d54001437a52409f8400025202002d4ff001060
:109d6400251000006dd1400f252080021000401402
:109d74000400522a16004016253000001400a527be
:109d84001161400f0c00648e110040141400a627ca
:109d94000000028e0000428c009d053c3c38a52446
:109da40009f8400025202002c1ff00102510000002
:109db4000000028e0000428c009d053cf437a5246f
:109dc40009f8400025202002b9ff001025100000ea
:109dd400010007241000a527049b400f25208002c2
:109de4000000038e070040140000638c009d053cb6
:109df4004837a52409f8600025202002acff001094
:109e040025100000009d053cfaff00103437a524fe
:020000040000fa
:020000041d01dc
:109e1400d8ffbd272400bfaf2000b3af1c00b2aff2
:109e24001800b1af1400b0afc418047c02000224bf
:109e340006008210bc80908f00a0023c7c000324aa
:109e4400fc2a43ac27000010ffff12242588a00041
:109e54000600c0142598c000640002242900a21042
:109e64006e00a338110002240a98430000d0400f6a
:109e740000000000b480839324006014ffff632477
:109e840007d0400f2520400024808293460040588c
:109e940000a0023c0a0003922100601425900000f7
:109ea400080011a60001023c100002ae6e0002245c
:109eb4002500221264000224260022160600022431
:109ec400240062160100022400d0400f0a0002a2fe
:109ed400b480839301006324b48083a307d0400f2c
:109ee40025204000251040022400bf8f2000b38f9e
:109ef4001c00b28f1800b18f1400b08f0800e0036b
:109f04002800bd27d9ff001006001324b48083a3c2
:109f140007d0400f25204000dcff001024808293ee
:109f2400010052262096127c2a1842021d0060105d
:109f3400280010260a000392daff6050080011a6d8
:109f4400f8ff001001005226110002240c006212d6
:109f54000100022400a0023c1600032400d0400f9c
:109f6400fc2a43acb480839301006324b48083a3ac
:109f740007d0400f25204000daff0010ffff122415
:109f840000d0400f0a0002a2b4808393010063242e
:109f9400b48083a307d0400f25204000d2ff0010d7
:109fa4002510400200a0023c1800032400d0400ffa
:109fb400fc2a43acb480839301006324b48083a35c
:109fc40007d0400f25204000c6ff0010ffff1224d9
:020000040000fa
:020000041d01dc
:109fd400d0ffbd272c00bfaf2800b5af2400b4af1d
:109fe4002000b3af1c00b2af1800b1af5b00c010cb
:109ff4001400b0af25a8a0004fca400f2590c000a0
:10a0040061004010258040003000428c0700405021
:10a01400420014963000138e3600049622008014f9
:10a0240025a000001000001025a08000010094323b
:10a034000b008052360002965cca400f25200002b5
:10a044003000138ef4ff601625a0000004000010f9
:10a0540036000296340000a6380000ae36000296a0
:10a064004000401425108002420002960100423054
:10a074003c004050251080025cca400f252000029d
:10a084003800001025108002f5ff40523600029679
:10a094003000138ef2ff60523600029636000496aa
:10a0a400f2ff80504200029634000296ffff4330d4
:10a0b4002b184302010060542510400225884000fb
:10a0c400ffff42302b10820001004054258880009d
:10a0d400ffff313215002052340002960500a01211
:10a0e400253020023800058e8879400f2520a002f3
:10a0f40021a8b10223905102ffff523221a0340261
:10a10400ffff94323600029623105100360002a657
:10a114003400029623105100340002a63800028e47
:10a1240021885100380011ae34000296d6ff401445
:10a13400000000000000738ec6ff6012300013aef2
:10a144000c006296340002a60800628ed3ff40160b
:10a15400380002aec2ff00103600029625a0c000ef
:10a16400251080022c00bf8f2800b58f2400b48fe7
:10a174002000b38f1c00b28f1800b18f1400b08f71
:10a184000800e0033000bd27f5ff001025a0000003
:020000040000fa
:020000041d01dc
:10a1940090ffbd276c00bfaf6800b6af6400b5afd9
:10a1a4006000b4af5c00b3af5800b2af5400b1afbd
:10a1b4005000b0af25a0a00019c9400f25a8c000c9
:10a1c4001b004010259840000a004390030002241d
:10a1d4001c00621400a0023c080063966400022480
:10a1e4001c006214258800002480829325800000ce
:10a1f400260040140400122400a0023c180003248a
:10a20400fc2a43acffff02246c00bf8f6800b68faa
:10a214006400b58f6000b48f5c00b38f5800b28fb8
:10a224005400b18f5000b08f0800e0037000bd27c8
:10a2340000a0023c09000324fc2a43acf2ff0010f6
:10a24400ffff022416000324fc2a43aceeff001097
:10a25400ffff022400a0023c7a000324fc2a43ac42
:10a26400e9ff0010ffff022400a0023c0e000324bb
:10a27400fc2a43ace4ff0010ffff022424808293f5
:10a284002b100202dcff401028003126bc80828f94
:10a29400211051000a004390f8ff72540100102667
:10a2a4000000449400006396f4ff835401001026d8
:10a2b4001c0056842f9d400f2520c002fd9c400f9a
:10a2c4002520c002edff4050010010261000a527f4
:10a2d400939d400f2520c00213008012bc80828f02
:10a2e4001200a052218851000000a28e1000422cbe
:10a2f400ddff40140001033c1400a28f2618430024
:10a304000a100300070082aa040082ba3400a28f54
:10a31400020082a2003a427c030082a210000224be
:10a324000000a2aebc80828f218851003400a29725
:10a33400020022a61400a28f040022ae060002240a
:0ca344000a0022a2b0ff00102016107cbe
:020000040000fa
:020000041d01dc
:10a35000e0ffbd271c00bfaf1800b2af1400b1afc3
:10a360001000b0afffff9024ffff10320a00022e52
:10a370005c0040102086107cc0101000211050009e
:10a380008010020000a0033cd81a6324211043006f
:10a39000000042905b004010c010100021105000df
:10a3a0008010020000a0033cd81a6324211043004f
:10a3b0000800428c2000458c4100a01000a0023c07
:10a3c000c01810002118700080180300d81a422409
:10a3d0002110430009f8a000060044844200401008
:10a3e0002588400000a0023cc01810002118700011
:10a3f00080180300d81a422421104300040042941c
:10a4000020004230390040102510200200a0023cfc
:10a41000c01810002118700080180300d81a4224b8
:10a4200021104300020042900200422c2e004014f2
:10a4300000a0023cc0181000211870008018030012
:10a44000d81a422421104300010042901400401009
:10a4500000a0023cc01810002118700080180300f2
:10a46000d81a4224211043000c00428c1000428c68
:10a470000a00401000a0123c1c006424d81a522686
:10a4800009f8400021204402c010100021105000a3
:10a490008010020021904202010040a200a0023c74
:10a4a000c01810002180700080181000d81a5024a5
:10a4b00021800302010002240b000010020002a20e
:10a4c000c01810002180700080181000d81a502485
:10a4d00021800302ffff0224030002a202000010f9
:10a4e0002588000025880000251020021c00bf8f51
:10a4f0001800b28f1400b18f1000b08f0800e00375
:0ca500002000bd27f8ff00102588000097
:020000040000fa
:020000041d01dc
:10a50c0000a0033cd82363246900831425100000a9
:10a51c006500801000000000d8ffbd272400bfafed
:10a52c002000b4af1c00b3af1800b2af1400b1af31
:10a53c001000b0af2588c0002580a00000a0023c10
:10a54c002d00c0101824528c5ec0400f2520a00096
:10a55c002598400000a0023c6424428c1300405417
:10a56c0000a0023c00a0023cd82342248c00458c65
:10a57c00258005028c0050ac9400438c2518730088
:10a58c00940043ac0d000016251020022400bf8f50
:10a59c002000b48f1c00b38f1800b28f1400b18f41
:10a5ac001000b08f0800e0032800bd275fbf400fec
:10a5bc006024448cecff001000a0023c00a0103c76
:10a5cc00d82310269800028e2710020024985300de
:10a5dc00252860024fd1400f25204002252860021b
:10a5ec0052d1400f2520400295cd400f8800048e9b
:10a5fc00e6ff00102510200200a0023c6424518cc0
:10a60c00248025025ec0400f2520000225a04000ba
:10a61c0020002016259800002780100000a0113c77
:10a62c00d82331268c00228e241050008c0022aeb0
:10a63c00271014009400238e24186200940023ae7b
:10a64c009000238e24800302900030ae9800238e5d
:10a65c0024104300980022ae2528800255d1400fcb
:10a66c0025204002252880024fd1400f2520400292
:10a67c008c00238ec5ff6010010002242b281300d0
:10a68c0000a0023ca5cc400f6024448cbfff0010fe
:10a69c000100022400a0023c5fbf400f6024448ce8
:10a6ac00ddff0010259840000800e0032510000095
:08a6bc000800e00300000000ab
:020000040000fa
:020000041d01dc
:10a6c400d8ffbd272400bfaf2000b3af1c00b2af3a
:10a6d4001800b1af1400b0af0f00052411c8400f2b
:10a6e4000f00042408004014e880908f2400bf8fda
:10a6f4002000b38f1c00b28f1800b18f1400b08fec
:10a704000800e0032800bd27f8ff001202004230d1
:10a71400500040100000000031c3400f0000000052
:10a724002590400055c4400f259860002530400016
:10a7340025380000252040023f3f400f25286002b5
:10a74400259840001c0002ae0000128e0c00428ec0
:10a7540040004010258800000b000010252820022e
:10a764000800438c231863022b1864001400601043
:10a7740025284000010031260c00428e2b102202b5
:10a78400340040102528200231cd400f25204002fe
:10a794000000439401006430f7ff8050010031262b
:10a7a400800064300a008010000164301400048ebc
:10a7b400ecff80540800438ce9ff00101800448c1f
:10a7c40007bf400f25200002ebff001001003126d7
:10a7d400150080540c00438c0c00448c232064022c
:10a7e4000200842ce4ff8054010031260c0053ac99
:10a7f4002b0045902c0044902b20a40003008014cf
:10a8040000016334dbff0010000043a40100a52411
:10a814002b0045a0252840003a3b400f252000028c
:10a82400d5ff001001003126d3ff63520100312609
:10a834002528400007bf400f25200002ceff00104e
:10a84400010031260a29400f25200002b2c6400f1c
:10a8540024000486adbc400f24000486a4ff4010ed
:10a864002400bf8f26000286f8ff4010000000007d
:08a87400f4ff001000000000d9
:020000040000fa
:020000041d01dc
:10a87c00e0ffbd271c00bfaf1800b2af1400b1af92
:10a88c001000b0afe880838f070060102510000027
:10a89c00060080101c00bf8f0400c01000000000d8
:10a8ac000700e0142510e0001c00bf8f1800b28fc9
:10a8bc001400b18f1000b08f0800e0032000bd27fa
:10a8cc002580e0002588c0002590a0002528800068
:10a8dc00d694400f0000648c49004010254840007d
:10a8ec000000429480004230efff40102510000021
:10a8fc002a0022913000a38f24104300eaff40501d
:10a90c0025100000010003242400431025504002b0
:10a91c00001112001400238d2118620027002291cf
:10a92c002a9052003c00401625302002deff001a0f
:10a93c0025100000030068880000689807006788ed
:10a94c00040067980b006588080065980f00648800
:10a95c000c0064980300c8a80000c8b80700c7a87a
:10a96c000400c7b80b00c5a80800c5b80f00c4a8e0
:10a97c000c00c4b8010042242700249121284a006d
:10a98c002a208500c8ff80141000c624eaff025656
:10a99c0003006888c5ff00101c00bf8f25384002db
:10a9ac00801012001000248d21208200260022919c
:10a9bc002a9052001600401625302002baff001ac9
:10a9cc00251000000000838c0000c3ac0100422461
:10a9dc000400c62426002391212847002a1865006c
:10a9ec00b1ff601404008424f7ff02560000838c2e
:10a9fc00aeff00101c00bf8fabff00102510000035
:10aa0c00a9ff001025100000a7ff00102510000062
:10aa1c00a5ff001025100000a3ff0010251000005a
:020000040000fa
:020000041d01dc
:10aa2c001b5b324a1b5b33316d1b5b316d4d6963b4
:10aa3c00726f636869702054656c6e657420536521
:10aa4c007276657220312e311b5b306d0d0a4c6fa6
:10aa5c0067696e3a20000000546f6f206d75636853
:10aa6c0020646174612e2041626f727465640d0afa
:10aa7c00000000000d0a4163636573732064656e0a
:10aa8c006965640d0a0d0a000d0a000050617373ac
:10aa9c00776f72643a20fffd2d0000000d0a4c6f99
:10aaac006767656420696e2073756363657373668d
:10aabc00756c6c790d0a0d0a000000000d0a2d2d25
:10aacc002d2054656c6e657420436f6e736f6c65ce
:10aadc00202d2d2d0d0a547970652068656c702021
:10aaec00666f7220636f6d6d616e64730d0a3e004c
:10aafc004661696c656420746f20636f6e6e65636c
:10ab0c007420746f2074686520636f6d6d616e6462
:10ab1c002070726f636573736f722e2041626f7257
:10ab2c0074696e67210d0a0074656c6e6574204e35
:10ab3c00554c4c2064796e616d696320616c6c6f4f
:10ab4c00636174696f6e2068616e646c652f696ee9
:10ab5c0069742064617461002074656c6e65742086
:10ab6c0044796e616d696320616c6c6f63617469ab
:10ab7c006f6e206661696c65640000002074656c02
:10ab8c006e65743a2053657474696e67205458204e
:10ab9c00427566666572206661696c65643a20254b
:10abac00640d0a002074656c6e65743a20536574ec
:10abbc0074696e672052582042756666657220660d
:0cabcc0061696c65643a2025640d0a0084
:020000040000fa
:020000041d01dc
:10abd8001c00838c03000224660062100000000041
:10abe800d8ffbd272400bfaf2000b1af1c00b0af15
:10abf8003481828f0a004010258080003481828f42
:10ac080001004224348182af010002242400bf8f56
:10ac18002000b18f1c00b08f0800e0032800bd277a
:10ac28001e0006242528000000a0043c50a6400f62
:10ac3800922a842400a0113cffff0224902a22a615
:10ac48000c00028e902a3126140022ae0000028edb
:10ac5800040022a64d010624019d053c00f1a5240f
:10ac68006ab5400f0e00042411004010180022aeef
:10ac7800253000005f760524bacf400f0100042478
:10ac880025804000ffff0224090002122538000039
:10ac980000a0023c902a50a45f76062401000524f7
:10aca800bb8b400f2520000205004014253800000a
:10acb80087b5400f00000000d4ff001025100000e9
:10acc8005f76062401000524865d400f25200002da
:10acd800f7ff40100100062425280000e04b400f34
:10ace80025200002f2ff401000a0113c902a3126d6
:10acf80000020224020022a61000a627050005244f
:10ad08000762400f25200002020026961000a29735
:10ad18002b1046000700401000a0023c0500052447
:10ad2800e04b400f25200002e1ff4010000000002a
:10ad380000a0023c01000324982a43ac0100062429
:10ad480003000524e04b400f2520000225380000b1
:10ad5800039d063ca429c624000105244bb7400fd7
:10ad680025200002a6ff40543481828fd0ff0010b6
:0cad7800000000000800e00301000224bd
:020000040000fa
:020000041d01dc
:10ad840066008010000000006600a01000000000b3
:10ad9400d8ffbd272400bfaf2000b3af1c00b2af63
:10ada4001800b1af1400b0af258080000c009224cd
:10adb4000000828c01004324000083ac2110420275
:10adc40080ff0324000043a00000848c3900822cff
:10add400470040102588a0000000048e3800062497
:10ade4002330c4002528000050a6400f212044022f
:10adf4000400038e0800028ec010020042270300e4
:10ae040021104400080002aec0180300040003ae81
:10ae1400440002260400042603008388000083986b
:10ae2400470003aa000043b848000226080004268d
:10ae340003008388000083984b0003aa000043b8f2
:10ae440025284002eb12400f252000024c00022668
:10ae5400030046880000469807004588040045988a
:10ae64000b004488080044980f0043880c00439862
:10ae7400030026aa000026ba070025aa040025ba62
:10ae84000b0024aa080024ba0f0023aa0c0023ba3a
:10ae94004567023c012342244c0002aecdef023c44
:10aea40089ab4234500002aeba98023cfedc423414
:10aeb400540002ae3210023c76544224580002aed2
:10aec400000000ae040000ae080000ae600000ae5a
:10aed400251000002400bf8f2000b38f1c00b28f08
:10aee4001800b18f1400b08f0800e0032800bd27bc
:10aef40040001324233064022528000050a6400f8c
:10af040021204402000013ae25284002eb12400f1a
:10af140025200002b0ff0010000000ae0800e0038e
:0caf240053ff02240800e00353ff022446
:020000040000fa
:020000041d01dc
:10af3000d0ffbd272c00bfaf2800b5af2400b4afb1
:10af40002000b3af1c00b2af1800b1af1400b0af17
:10af50002588a0002580c0002598e0004000958c41
:10af60000000d28c0400c28c080042120400b48c91
:10af70000000428e0000c2ac0400428ec439027c44
:10af8000040042ae090000100000028e0400c0acb4
:10af9000f9ff00100000c0ac14000010000022ae49
:10afa00095d0400f2520a0020000028e0400038ee1
:10afb00016004350040000ae0000438c000003aeb6
:10afc000000040ac140040ac0400238ef2ff60503f
:10afd000040022ae000062ac0400248e040043246e
:10afe00000e0637c140083ac040022aeefff6052eb
:10aff0000000028e0400428c0003427cebff4054b0
:10b000000000028ee6ff001000000000ecff40147c
:10b01000000000ae0000828e0400468e0800458ebf
:10b020000c00448e1000438e000082ae040086aef9
:10b03000080085ae0c0084ae100083ae040040ae64
:10b04000080040ae000040ae140040ae0400228e66
:10b0500019004050040032ae000052ac0400238eb0
:10b060000400422600e0427c140062ac040032aed0
:10b070000400828e01000324c439627c040082ae85
:10b08000050060122c00bf8f0400828e0003427cfa
:10b090000b004010000000002800b58f2400b48f82
:10b0a0002000b38f1c00b28f1800b18f1400b08f36
:10b0b0000800e0033000bd27edff0010000032aeb5
:10b0c00095d0400f2520a002f3ff00102c00bf8f69
:020000040000fa
:020000041d01dc
:10b0d000c8ffbd273400bfaf3000b6af2c00b5affe
:10b0e0002800b4af2400b3af2000b2af1c00b1af52
:10b0f0001800b0af258880002580a0002598c000ea
:10b100001400a0af1000a0af6800828c04004010b3
:10b1100025a0e0000500052409f84000e80084248b
:10b120001000a627d800258ecc8d400f25200002c8
:10b13000259040006800228e47004010060005243c
:10b1400009f84000e8002426150060121000b08fb6
:10b15000140000526800228e00a0163c0700001068
:10b160000080153c2520960009f860022528800201
:10b170000000108e0b0000526800228e0400028e28
:10b18000fcff43040000108e0400028e8002427c0b
:10b19000f4ff40100800048ef3ff001025209500f6
:10b1a0006800228e060040100500052409f84000c2
:10b1b000e8002426030000101000a28f000062acfb
:10b1c0001000a28f1400a38f110043501400a0aff1
:10b1d0000000438c1000a3af080040acd400238ec5
:10b1e000000040ac140040ac0400648cf3ff8050bd
:10b1f000040062ac000082ac0400658c04004424ae
:10b2000000e0847c1400a4acedff0010040062acec
:10b21000f1ff40141000a0af6800228e0300401020
:10b220000600052409f84000e80024262510400205
:10b230003400bf8f3000b68f2c00b58f2800b48f3c
:10b240002400b38f2000b28f1c00b18f1800b08f84
:10b250000800e0033800bd27d9ff60121000b08f4e
:10b26000beff001600a0163cd6ff00101000a28ff3
:020000040000fa
:020000041d01dc
:10b2700025408500030008310300001125108000df
:10b28000380000100000aa900000aa8c0101093cbf
:10b2900001012935c07909002340490124400f01eb
:10b2a0000700001124600a01050088110000000059
:10b2b0000000a5240000aa902a00001000008424a9
:10b2c0000400ab8c00008aac2340690124400f01cc
:10b2d0000700001124600b01050088110000000028
:10b2e0000400a5240000aa901e000010040084247d
:10b2f0000800aa8c04008bac2340490124400f01b4
:10b300000700001124600a010500881100000000f8
:10b310000800a5240000aa90120000100800842450
:10b320000c00ab8c08008aac2340690124400f015b
:10b330000700001124600b010500881100000000c7
:10b340000c00a5240000aa90060000100c00842424
:10b350001000aa8c0c008bac10008424ceff0010cf
:10b360001000a5240300401500008aa00800e00397
:10b37000000000000100ab900300601501008ba0ed
:10b380000800e003000000000200aa90030040153e
:10b3900002008aa00800e003000000000300ab9058
:10b3a0000300601503008ba00800e003000000000c
:10b3b0000400aa900300401504008aa00800e003de
:10b3c000000000000500ab900300601505008ba095
:10b3d0000800e003000000000600aa9003004015ea
:10b3e00006008aa00800e003000000000700ab9000
:10b3f0000300601507008ba00800e00300000000b8
:10b400000800aa9008008424d6ff00100800a52494
:020000040000fa
:020000041d01dc
:10b4100000a0023cd82342246200821400000000f5
:10b42000600080100000000000a0023cec2342906d
:10b43000010042305b00401000000000e0ffbd272b
:10b440001c00bfaf1800b1af1400b0af00a0103c9b
:10b45000d82310263800118e1000228e09f84000e3
:10b460000800048e1000038e010002240600621002
:10b4700000a0023c1c00bf8f1800b18f1400b08fd9
:10b480000800e0032000bd27e423508c1c00228e1e
:10b4900009f840002520000201000324f6ff4310b4
:10b4a0001c00bf8f2000228e09f8400025200002da
:10b4b000220040142580400000a0023cd8234224f2
:10b4c00014004390010004248410837c140043a0e2
:10b4d0003000468c0100c2302a0040100200c63005
:10b4e00000a0023cd8234224ff006330c418837cb0
:10b4f000140043a01ec3400f00a0103cd823102608
:10b5000055c4400f700002ae2e0003960210627008
:10b51000e70342246210033cd34d63241900430027
:10b520001010000082110200740002ae840000ae10
:10b5300002000224cfff0010100002ae00a0113c58
:10b54000fe8b400fd8232426d8233126ffff022468
:10b55000b5d1400f100022aec7ff40501c00bf8f76
:10b56000b3d1400f0000000025300002039d053cd0
:10b570004c34a524a2a3400f25204000beff00109c
:10b580001c00bf8f00a0043cd82384240f00022499
:10b590000b3046005190400f6c00858cd5ff001099
:0cb5a000000000000800e00300000000b4
:020000040000fa
:020000041d01dc
:10b5ac00d8ffbd272400bfaf2000b4af1c00b3af41
:10b5bc001800b2af1400b1af1000b0af25908000ee
:10b5cc0025a0a00019c9400f2598c00010004010fc
:10b5dc0025804000080042946400032411004310ad
:10b5ec006e00032433004310258800002510200230
:10b5fc002400bf8f2000b48f1c00b38f1800b28fb3
:10b60c001400b18f1000b08f0800e0032800bd2794
:10b61c0000a0023c09000324fc2a43acf3ff0010f9
:10b62c00ffff11240a000392060002241d0062147d
:10b63c0000a0023c7b97400f25204002ebff4014fa
:10b64c002588000025280000ebad400f2520400286
:10b65c00e7ff4014251020024873400f1c0004869d
:10b66c000b00401025884000e1ff801225102002bd
:10b67c00e0ff60122400bf8fffff66322528800296
:10b68c00ef56400f1c000486d8ff4014258840005c
:10b69c0000a0023c0b000324fc2a43acd3ff001097
:10b6ac00ffff112486000324fc2a43accfff0010bb
:10b6bc00ffff11240a0003920200022417006214f7
:10b6cc0000a0023c4873400f1c0004860e00401082
:10b6dc0025884000c6ff801225102002c5ff60128d
:10b6ec002400bf8fffff663225288002ef56400fe3
:10b6fc001c0004862a9862020c0060122588400007
:10b70c00bbff20162510200200a0023c0b000324d6
:10b71c00fc2a43acb5ff0010ffff112416000324d4
:10b72c00fc2a43acb1ff0010ffff1124c59d400f54
:0cb73c001c000486f2ff0010000000005a
:020000040000fa
:020000041d01dc
:10b7480057008010000000005700a0100700a52433
:10b75800e0ffbd271c00bfaf1800b2af1400b1afa7
:10b768001000b0af25908000c288050000d0400fbf
:10b77800010031264800439213006014ffff632440
:10b7880007d0400f252040002400428e360040504c
:10b79800faff02240400438c2b207100440080101f
:10b7a800232071000000508c2f000052faff022461
:10b7b8000400038e2b2071000800801023207100e4
:10b7c800f8ff001025100002480043a207d0400fe0
:10b7d80025204000edff00102400428e0300852c38
:10b7e8001a00a0540000048e150023120000000067
:10b7f800040004aec020040021800402040011ae3d
:10b808003000428e21882202300051ae3400428e30
:10b818002b10510001004054340051ae00d0400fad
:10b82800000000004800439201006324480043a23e
:10b8380007d0400f25204000130000100800022602
:10b848001e004050251000020000048e000044ac89
:10b85800258860002800438ee9ff7050280042ae1a
:10b86800e8ff00103000428e00d0400f380042ae92
:10b878004800439201006324480043a207d0400fc8
:10b8880025204000251000001c00bf8f1800b28f33
:10b898001400b18f1000b08f0800e0032000bd270e
:10b8a8000800e003251080000800e00325100000d0
:10b8b8000300852c0700a050258040000000448c20
:10b8c800240044ae2588600025804000e1ff001078
:0cb8d80025108000c4ff001025100000a7
:020000040000fa
:020000041d01dc
:10b8e400e8ffbd271400bfaf1000b0afffff9024e6
:10b8f400ffff10320a00022e410040102086107c07
:10b90400c0101000211050008010020000a0033c61
:10b91400d81a6324211043000000429038004010dc
:10b9240000a0023cc0181000211870008018030009
:10b93400d81a4224211043000400429420004230cb
:10b9440013004010c010100000a0023cc0181000ea
:10b954002118700080180300d81a422421104300d3
:10b964000c00428c1000438c08006010c0101000c2
:10b9740021105000801002001c00422400a0043c4e
:10b98400d81a842409f8600021208200c010100015
:10b99400211050008010020000a0033cd81a632438
:10b9a400211043000800428c2800458c1800a01088
:10b9b40000a0023cc0181000211870008018030079
:10b9c400d81a42242110430009f8a0000600448438
:10b9d40000a0023c411c43900100022414006210a8
:10b9e40000a0023cc02010002180900080201000a4
:10b9f400d81a502421800402fcff0224030002a26e
:10ba04001400bf8f1000b08f0800e0031800bd279a
:10ba1400c01810002180700080181000d81a50241b
:10ba240021800302ffff0224f5ff0010030002a29d
:10ba3400c0101000218050008010100000a0103ca5
:10ba4400d81a102621800202000000ae040000aec5
:10ba5400080000ae0c0000ae100000ae140000aef2
:10ba6400180000ae1c0000ae200000ae00a0023c96
:0cba740001000324e2ff0010411c43a06d
:020000040000fa
:020000041d01dc
:10ba80006400801000000000fcff828cd0ffbd2706
:10ba90001c00b2af259040001400b0af0400127c2f
:10baa000f8ff90241800b1af218812020000238e05
:10bab0002400b4af2c00bfaf2800b5af2000b3af57
:10bac00003004310feff1424000000a03400000017
:10bad0000000028e0400238e241043000100423037
:10bae0000e00401401004236deb5400f2520000252
:10baf000420040540000028e0fb8400f2520200263
:10bb0000f4ff40500000028e0400228e24108202b6
:10bb100021904202eeff001021882202040002aeb2
:10bb20002520400204bc400f000022ae252040002a
:10bb3000deca400f259840000000028e0400238ecc
:10bb40002410430001004230e7ff401000a0153ce4
:10bb5000d021a48ed421a58e25306002a7c8400f25
:10bb6000d021b42601004230100040540100732659
:10bb70002528000025306002b6c8400f01000424cb
:10bb80000400401025286000d021a48e25208200ca
:10bb9000d021a4ae0500a050010073260400828ebf
:10bba00025104300040082ae01007326c0981300e4
:10bbb00021989302f8ff6226040012ae000032ae14
:10bbc000080002ae0400628e2c00bf8f2800b58fe3
:10bbd0000c0002ae040070ae0c00028e2400b48f84
:10bbe0002000b38f080050ac1c00b28f1800b18f3a
:10bbf0001400b08f0800e0033000bd27241082023b
:10bc0000238002020400028e24108202baff001078
:0cbc1000219042020800e0030000000048
:020000040000fa
:020000041d01dc
:10bc1c00d0ffbd272c00bfaf2800b6af2400b5afb6
:10bc2c002000b4af1c00b3af1800b2af1400b1af1a
:10bc3c001000b0af2598a00025a8c00025b0e000ea
:10bc4c004400b28ff7a6400f0100052431004010cc
:10bc5c00258840000400508c2000622e300040509b
:10bc6c00fbff14242000a22e2d004050faff1424b8
:10bc7c00020002960200433034006050fcff142492
:10bc8c000800423031004014f8ff142499c7400fcb
:10bc9c00740004264200401025a040004800a293e6
:10bcac00040082a2050093a2060095a24000a38f77
:10bcbc00070083a2080096a6010003240a0083a2b1
:10bccc00030003240f0043100c0091ae25288002c2
:10bcdc001ccb400f800004260200022400d0400f31
:10bcec000b0082a20000039201006324000003a257
:10bcfc0007d0400f25204000258080021b0000103b
:10bd0c0025a000000200029608004234efff00104c
:10bd1c00020002a62580400014000010ffff14242e
:10bd2c00120000120000000000d0400f00000000c4
:10bd3c000000039201006324000003a207d0400f0f
:10bd4c0025204000090000102580000000d0400f85
:10bd5c00000000000000039201006324000003a215
:10bd6c0007d0400f252040002580000001004056e0
:10bd7c00000054ae251000022c00bf8f2800b68f97
:10bd8c002400b58f2000b48f1c00b38f1800b28f25
:10bd9c001400b18f1000b08f0800e0033000bd27f5
:08bdac00eaff0010020014245c
:020000040000fa
:020000041d01dc
:10bdb400e8ffbd271400bfaf1000b0af5c80838fd5
:10bdc4002f006054010005245880838f2e006014d6
:10bdd400251000001c00838c2c0060541400bf8fbd
:10bde400020002245c8082af0c00848c330080103b
:10bdf400000000003100a010000000000000b08c22
:10be04002e00001204000624548084af0400a2947f
:10be1400488082a70600a294468082a70800828cec
:10be240009f840002528000233004010608082afea
:10be3400508090af05000624009d053c6415a524a0
:10be44006ab5400f0a0004243a0040104c8082afc7
:10be54005880828f0100422400d0400f588082af66
:10be640001000324448083a307d0400f2520400011
:10be740001000224588082af030000105c8082af6e
:10be840005006510251000001400bf8f1000b08f4e
:10be94000800e0031800bd275880838ffbff60185b
:10bea4001400bf8f1c00848cf7ff8014010002244f
:10beb40001006324f4ff0010588083afb5d1400f14
:10bec4000000000004004014000000005c8080af0b
:10bed400edff001025100000b3d1400f000000005a
:10bee400039d053c5803a524a2a3400f2520400030
:10bef400f7ff00105c8080afb5d1400f0000000058
:10bf040004004014000000005c8080afdeff0010dd
:10bf140025100000b3d1400f00000000039d053c34
:10bf24008803a524a2a3400f25204000f7ff00109a
:10bf34005c8080af20a7400f000000005c8080afd1
:08bf4400d1ff001025100000e0
:020000040000fa
:020000041d01dc
:10bf4c000600a050e000828c0b00a0a80800a0b84e
:10bf5c000c00a0a00d00a0a0e000828c0000438c7f
:10bf6c0054006010000000000400628cc001427c90
:10bf7c003d004010020002240800e0030000000015
:10bf8c0025104b000b00e2a80800e2b80400828cdc
:10bf9c000054427c0c00e2a0021202000d00e2a050
:10bfac000300e2880000e2982538400001002925b2
:10bfbc00010008250400828cc001427cfdff401466
:10bfcc00000000000400828c8007427c0a004014b0
:10bfdc00000000000000848c1900e010000000003c
:10bfec000400828c8002427ce5ff40100800828ca9
:10bffc00e4ff001025104a000100c0540000c8ac3a
:10c00c000500e010000000000b00e0a80800e0b8fc
:10c01c000c00e0a00d00e0a02a00a0100000000021
:10c02c002a002815000000000400628c0100042482
:10c03c00c45a827c040062ac0800e00325100000a6
:10c04c00dcffc014010008250800e00325100000e7
:10c05c0016006010000000000400628cc001427cdd
:10c06c0016004014000000000400628cf8ff43042a
:10c07c000000638c0400628cc002427cf4ff4054cc
:10c08c000000638c0200e0100c0062240000e2aca3
:10c09c002538a00025206000254800002540000020
:10c0ac0000a00b3cccff001000800a3c0800e00311
:10c0bc00010002240800e003010002240800e00350
:10c0cc00020002240800e003251000000800e00331
:04c0dc00fcff02243f
:020000040000fa
:020000041d01dc
:10c0e000c0ffbd273c00bfaf3800beaf3400b7afc4
:10c0f0003000b6af2c00b5af2800b4af2400b3af0a
:10c100002000b2af1c00b1af1800b0af0100d730b3
:10c110001000b7af2000a0184000d37c0400d4303a
:10c1200025a8a0002588800025900000029d163ccf
:10c13000f84bd62625000010e4009e241000028e45
:10c140000e004594f0ffa530220025a6c0c9400f7f
:10c150004000248e30000010000000ae09f84000be
:10c1600025200002251040023c00bf8f3800be8f02
:10c170003400b78f3000b68f2c00b58f2800b48ff5
:10c180002400b38f2000b28f1c00b18f1800b08f35
:10c190000800e0034000bd27f2ff001025900000da
:10c1a0001000a78f010006240800a524e45a400fc0
:10c1b0002520200225984000e8ff60566000228e6e
:10c1c00001005226e7ffb2122598000022002596b2
:10c1d000f2ffa5245c00228e25300000ffffa53071
:10c1e00009f8400034000424deff401025804000a0
:10c1f0000600e052080016ae1000438c1000629456
:10c2000004004234100062a4080016aecbff601692
:10c210000c0011ae000000aee1ff80521000058e50
:10c220006800228e030040100500052409f8400034
:10c230002520c0031000058e1000a78f01000624e2
:10c240000800a524e45a400f25202002259840002c
:10c250006800228ed8ff40100600052409f840002f
:0cc260002520c003d4ff001000000000e7
:020000040000fa
:020000041d01dc
:10c26c0088ffbd277400bfaf7000b6af6c00b5afd0
:10c27c006800b4af6400b3af6000b2af5c00b1afa4
:10c28c005800b0af0f00052411c8400f060004245d
:10c29c00010042300b004014f2ff12247400bf8fd7
:10c2ac007000b68f6c00b58f6800b48f6400b38fcc
:10c2bc006000b28f5c00b18f5800b08f0800e003b3
:10c2cc007800bd27f6ff1524080014240400001084
:10c2dc00f3ff13240600062498af400f252000021c
:10c2ec00a0cb400f06000424ecff4010258040003a
:10c2fc00200006960800c22cf6ff401425284002a8
:10c30c001c00118e1800168e2538000025282002de
:10c31c000a89400f25200002eeff40542528a00278
:10c32c0000002296ebff5414252860021000c5264d
:10c33c0095bc400f2800048ee6ff4014f1ff052445
:10c34c002800118e1c00048e000080a0010080a02b
:10c35c000200829425284000ff0046300800c324c8
:10c36c00ff0063300438657c0800632c09006050c2
:10c37c00020085a4003a427c01004224ff004230b6
:10c38c0003004014047a457c0900c6240438c57c9b
:10c39c00020085a4000000ae253000000100052439
:10c3ac001084400f252000021800028e0c00438cd4
:10c3bc004400a3af1000428c4800a2af4c00b1afb8
:10c3cc0025300000252800026346400f1000a427ea
:10c3dc00c3ff401406000624faff052498af400f53
:0cc3ec0025200002beff00100000000031
:020000040000fa
:020000041d01dc
:10c3f800d0ffbd272c00bfaf2800b4af2400b3afd7
:10c408002000b2af1c00b1af1800b0af0040e2305e
:10c41800310040142588e000259880002590a00070
:10c4280025a0c00000a0023c4ed0400f7429508cbb
:10c43800001902002310620080100200218002020d
:10c4480025284002d19a400f0000048e4900401070
:10c4580025904000000042940200433031006014ef
:10c46800c000433027006010030002244000a28f60
:10c47800080040104000a38f1000428e030062a8fd
:10c48800000062b814004292040062a015004292b3
:10c49800050062a000004396800063301900601018
:10c4a8000200022414001026040051262528200228
:10c4b80074ab400f2520000200a0023c8429428c66
:10c4c8000c0042ae252820027cac400f252000023b
:10c4d8000c000010020002241400a0af1080822774
:10c4e8001000a2af0000a78c0000c68c8672400f17
:10c4f8000f00253206000324f7ff04240b206200f6
:10c50800251080002c00bf8f2800b48f2400b38f23
:10c518002000b28f1c00b18f1800b08f0800e00314
:10c528003000bd27021111000001423000202532e1
:10c538000002433424000726253000000b10650054
:10c5480025284000dbb6400f252040020800478e12
:10c558001400a0af108082271000a2af0000868ec2
:10c568000f0025328672400f25206002e5ff00107b
:0cc5780001000224e3ff0010feff02247b
:020000040000fa
:020000041d01dc
:10c58400d0ffbd272c00bfaf2800b5af2400b4af47
:10c594002000b3af1c00b2af1800b1af5600a0101a
:10c5a4001400b0af2580a000f7a6400f01000524b9
:10c5b4003a004050ffff14240400518c88bf043c0f
:10c5c4005bd1400f009084343e00401025a0000051
:10c5d40088bf153c9dd0400f0090a4360000128ef9
:10c5e4000400138e15d1400f0090a43619d1400fca
:10c5f4000090a436821012002b10620240004010fa
:10c60400039d033caa0263240100052408000424ba
:10c61400000062841b004202f4014000121000007a
:10c624002b106202050040100100a524f8ffa41499
:10c6340002006324070005240100a52488bf043cec
:10c644001dd1400f009084340800028e0100423056
:10c654002100401088bf043ce9d0400f009084348e
:10c664000800028e020042301f00401088bf043cc4
:10c67400f1d0400f0090843402002296020042342c
:10c6840000d0400f020022a6000023920100632480
:10c69400000023a207d0400f25204000251080026f
:10c6a4002c00bf8f2800b58f2400b48f2000b38fd7
:10c6b4001c00b28f1800b18f1400b08f0800e00383
:10c6c4003000bd2788bf043ca5d0400f00908434bf
:10c6d400bfff001003001424edd0400f00908434f9
:10c6e400e0ff00100800028ef5d0400f0090843463
:10c6f400e2ff001002002296e8ff0010f9ff142464
:08c70400cdff00102528000004
:020000040000fa
:020000041d01dc
:10c70c00880002243f00a2108900a2281b004010c0
:10c71c00a0000224810002245300a2108200a2284f
:10c72c000600401082000224800002244f00a25018
:10c73c000000e28c0800e003251000003a00a25033
:10c74c000000e28c84000224faffa2140000000016
:10c75c000000e28c040043240000428c2600c01030
:10c76c000000e3ac2016027c000082acc317020070
:10c77c00040082ac0800e003010002243600a25041
:10c78c000000e28ca100a22811004010c00002247d
:10c79c0090000224e7ffa214000000000000e28ccd
:10c7ac00070042240410027c0000488c0400498cd1
:10c7bc00080042240000e2ac000088ac040089ac04
:10c7cc000100c010010002240800e003000000007a
:10c7dc000500a2500000e28cf0000224d5ffa21448
:10c7ec00000000000000e28c040043240000e3acd5
:10c7fc00020000100000428cffff423020000010ad
:10c80c00000082ac0000e28c040043240000428c47
:10c81c000300c0100000e3acd3ff00102014027c16
:10c82c00f6ff0010ff004230070042240410027c87
:10c83c000000488c0400498c080042240000e2ac43
:10c84c00000088ac040089acdfffc010010002249a
:10c85c000800e00300000000040043240000e3ace7
:10c86c00c1ff00100000428c0000e28c0400432445
:10c87c000000e3ac0000428cbcffc014000082ac92
:08c88c00bcff0010040080aca9
:020000040000fa
:020000041d01dc
:10c8940000a0033cd82363245c008314faff022421
:10c8a4005800801000000000e0ffbd271c00bfaf4f
:10c8b4001800b2af1400b1af1000b0af2588c000ab
:10c8c4002600a0102580a00000a0023c4024428c39
:10c8d400040040100500052400a0043c09f84000b1
:10c8e400bc24842400a0053cc824a52400a0123c38
:10c8f4009dc4400fd823442600a0053ccc24a52485
:10c90400aec4400fd8234426d82352266800428e52
:10c91400040040100600052400a0043c09f840006f
:10c92400bc24842400a0023cd8234224ec00478c7d
:10c93400f000468cf400458cf800448cfc00438cd9
:10c944000001428c000007ae040006ae080005aeec
:10c954000c0004ae100003ae140002ae230020123b
:10c964002510000000a0023c4024428c040040102a
:10c974000500052400a0043c09f84000c0248424d8
:10c9840000a0053ce024a52400a0103cbfc4400f37
:10c99400d8230426d82302260801438c4c00448c57
:10c9a40021186400080143ac6800428c0400401064
:10c9b4000600052400a0043c09f84000c024842497
:10c9c40000a0023cd82342240401458c0801448c75
:10c9d4000c01438c1001428c000025ae040024aeef
:10c9e400080023ae0c0022ae251000001c00bf8fef
:10c9f4001800b28f1400b18f1000b08f0800e0034c
:10ca04002000bd270800e003faff02240800e00329
:04ca1400000000001e
:020000040000fa
:020000041d01dc
:10ca1800d0ffbd272c00bfaf2800b6af2400b5afac
:10ca28002000b4af1c00b3af1800b2af1400b1af10
:10ca38001000b0af2598800025b0a00025a8c00040
:10ca480025a0e0004000b18f00a0023cb429508c22
:10ca5800050000124400b28f2200029608004230fe
:10ca6800080040501800048eefc8400f0000000076
:10ca7800460040102580400000a0023cb42950ac7c
:10ca88001800048e01000224000082a40008022479
:10ca9800020082a406000224040082a004000224ea
:10caa800050082a02c004012060096a40300428aca
:10cab8000000429a0b0082a8080082b80400429243
:10cac8000c0082a0050042920d0082a0110095a8da
:10cad8000e0095b80300228a0000229a150082a849
:10cae800120082b804002292160082a00500229249
:10caf800170082a01b0094a825c5400f180094b801
:10cb08001000028e1c0003240c0043a481cd400faa
:10cb18002520600206080724253040002528200229
:10cb2800c4a7400f2520000211004054000000aea9
:10cb38002c00bf8f2800b68f2400b58f2000b48f3b
:10cb48001c00b38f1800b28f1400b18f1000b08f83
:10cb58000800e0033000bd273c00628e0b0082a86d
:10cb6800080082b840006296d8ff00100c0082a42a
:10cb7800280013ae2528000227c9400f252060028f
:10cb880027100200eaff0010c2170200e8ff001099
:04cb98002510000064
:020000040000fa
:020000041d01dc
:10cb9c00d0ffbd272c00bfaf2800b2af2400b1af2f
:10cbac002000b0af2580a0002590c00019c9400f0f
:10cbbc001800a0af20004010258840000a004390c8
:10cbcc0001000224210062141000522e2400401691
:10cbdc000001033c0700028a0400029a2618430055
:10cbec000a1003001800a2af020003920300129275
:10cbfc000092120025904302080024966e00032434
:10cc0c001c0083501c002486000032a61800a28f42
:10cc1c00100022ae020002240a0022a225100000fd
:10cc2c002c00bf8f2800b28f2400b18f2000b08f52
:10cc3c000800e0033000bd2700a0023c09000324db
:10cc4c00fc2a43acf6ff0010ffff022400a0023cbc
:10cc5c0016000324fc2a43acf1ff0010ffff022452
:10cc6c0000a0023c0e000324fc2a43acecff001095
:10cc7c00ffff0224ffff0324120083101800a327d8
:10cc8c000700028a0400029a0001073c26104700a4
:10cc9c001800a7270a38020025304002010005249d
:10ccac00999c400f1c002486d8ff4054000032a6eb
:10ccbc0000a0023c16000324fc2a43acd8ff001051
:10cccc00ffff02240a1802001400a0af1000a3af4b
:10ccdc0025384002010006240a0005242841400f93
:10ccec0025200000ffff0324050043101c0022a692
:10ccfc004d7e400f25202002e2ff00100700028a23
:10cd0c0000a0023c84000324fc2a43acc4ff0010a6
:04cd1c00ffff0224ef
:020000040000fa
:020000041d01dc
:10cd2000ffff8424ffff84300a00822c590040104a
:10cd3000000000002026047cc010040021104400e4
:10cd40008010020000a0033cd81a63242110430085
:10cd5000000042905100401000000000e8ffbd2795
:10cd60001400bfaf00a0023cc018040021186400ea
:10cd700080180300d81a4224211043000400429472
:10cd80002000423027004010c018040000a0023ce0
:10cd90002118640080180300d81a4224211043008f
:10cda00002004590040003242e00a3142510000067
:10cdb00000a0023cc0180400211864008018030081
:10cdc000d81a4224211043000c00428c2000438cce
:10cdd0000b00605000a0023cc01004002110440071
:10cde000801002001c00422400a0043cd81a8424b5
:10cdf00009f86000212082001a000010ffff423075
:10ce0000c01804002120640080200400d81a4224a5
:10ce100021104400ffff0324030043a01100001071
:10ce200025100000211864008018030000a0053cb4
:10ce3000d81aa524211865000800638c4c00658c65
:10ce40000b00a010c018040000a0023c21206400c8
:10ce500080180400d81a44242120830009f8a00077
:10ce6000060084841400bf8f0800e0031800bd276b
:10ce700000a0033cc02804002120a400802004005e
:10ce8000d81a632421186400ffff0424f5ff001062
:10ce9000030064a00800e003251000000800e00380
:04cea0002510000059
:020000040000fa
:020000041d01dc
:10cea4005100801000a0033c0c00878c4c286324a4
:10ceb4005900e314f5ff02240800838c02000224c5
:10cec4004b006214000000004b00a01000000000a2
:10ced4004b00c01000000000c8ffbd273400bfafe6
:10cee4003000b3af2c00b2af2800b1af2400b0af14
:10cef40000a0023c6c28528c34004012f7ff02243c
:10cf04000000428e31004010f7ff02240400428edc
:10cf14002e004010f7ff02240800428e3c0040100f
:10cf24002598c0002588a0001000a28c04004010a1
:10cf340025808000029d043c09f840004847842471
:10cf4400c404023c00b442341000a2af0800428e74
:10cf540025280002029d043c09f840004847842427
:10cf64001400a2af1800a0af1000028e1800428c6b
:10cf74001000a52709f840001400048e1300400493
:10cf8400f3ff02240000238e00a0023c4c2842241c
:10cf94001c0043ac0400238e100043ac0800238e15
:10cfa400140043ac0c00238e180043ac300013aec5
:10cfb400010002241c0002a6200000a61e0000a6f8
:10cfc40001000224080002ae2c0002ae3400bf8f20
:10cfd4003000b38f2c00b28f2800b18f2400b08fa3
:10cfe4000800e0033800bd270800e003f5ff022431
:10cff4000800e003f6ff02240800e003f7ff022420
:10d004000800e003f7ff0224f0ff0010f7ff0224fa
:10d01400eeff0010f7ff02240800e0030000000008
:020000040000fa
:020000041d01dc
:10d02400d3e160c35b99f340b2628264d17510604e
:10d03400e0045da383ff57a57d73a673d2b8d80d12
:10d04400aaf6a6c35a91bb4579d73fd0c8fed111e1
:10d05400b0391306828adfed528f018121b3febd00
:10d06400c343e797b87dbb63db1333ded9d1ece16f
:10d0740077cfa6b71fe8ab1da46624ed6415e51ca5
:10d08400cde2c7ca86e283990eeaeb9112041552e7
:10d094008b2295910281b02dd431f4c9f70427df96
:10d0a400a65ad0f345db4e0effe875c3a2e71f4234
:10d0b400c7129d620ff5c119a9ef55f05185e0fb28
:10d0c4008581f9317517276e06e9607ddbcbcc2e9f
:10d0d40004eec63bb231df2c630a1afbe724949dad
:10d0e400005a587851e1aa795e477347c8b056622e
:10d0f4001c18bddcdd8d99fc5fc2b92053d8cfacc0
:10d10400fb0bb8831205fad1ddd6c071318a6018e1
:10d11400f03b73f5ede4d4d071f9de03fd7aea1047
:10d124005d9299b8af99aa075bdb4db9aa28c18d66
:10d13400174b56ee2a014d098896ff2282c955a83d
:10d144001969e069fa8ce007a180183a07dfae1785
:10d15400e62b8a8ee8f141b6980566e3bfe3c04941
:10d1640003dad4ac2cdf9f2280010a6739bc83d355
:10d1740063363377e41e86468deb0ab4a8ed683f28
:10d184006a134e47e014c700454e81e95358a56918
:10d19400808aa38f2a72a62359915a9f8a04ca6847
:020000040000fa
:020000041d01dc
:10d1a400b8ffbd274400bfaf4000b2af3c00b1aff1
:10d1b4003800b0af258880000400908c2c00a0af0c
:10d1c4002800a0af3000a0af2000a0af1c00a0af8b
:10d1d4002400a0af1400a0af1000a0af1800a0afaf
:10d1e40003000010800012261ccb400f2800a42747
:10d1f40099c7400f25204002080040102528400010
:10d204000c00a28cf8ff2212000000001ccb400f7f
:10d214001c00a427f6ff0010000000001c00a28fd1
:10d22400800002ae2000a28f840002ae2400a28ff0
:10d23400880002ae2800a58f0c00a0108c001226d6
:10d24400020007242800a627c7ad400f25200002ae
:10d254002800a58ffbffa014020007240300001080
:10d264008c0012261ccb400f2800a42799c7400f1e
:10d274002520400208004010252840000c00a28c04
:10d28400f8ff2212000000001ccb400f1000a4275e
:10d29400f6ff0010000000001000a28f8c0002ae08
:10d2a4001400a28f900002ae1800a28f940002ae68
:10d2b4002800a58f0900a050000020a60300072421
:10d2c4002800a627c7ad400f252000022800a58fff
:10d2d400fbffa01403000724000020a6ffff022484
:10d2e4000c0022ae0400238e04006294ffff42244b
:10d2f400040062a40400238e020062948410027c61
:10d30400020062a44400bf8f4000b28f3c00b18f82
:0cd314003800b08f0800e0034800bd277f
:020000040000fa
:020000041d01dc
:10d32000d8ffbd272400bfaf2000b4af1c00b3afaf
:10d330001800b2af1400b1af1000b0af4e00c01073
:10d340002580c000e7c9400f2598a0004700401085
:10d3500025884000a8c7400f252040004500401008
:10d36000259040002b1050000b804202ffff10322e
:10d370002000258e1800228e2118b0002b184300a3
:10d380000d00601025a0000023104500010042247c
:10d3900005006012ffff5430253080028879400f6d
:10d3a000252060022198740223801402ffff1032ae
:10d3b0001400228e200022ae0400601225300002ec
:10d3c0002000258e8879400f252060022000228ec3
:10d3d00021105000200022ae21801402ffff1032e5
:10d3e00049a7400f252020022400401425100002e8
:10d3f000239050022a901202050040163600229611
:10d4000001000324c439627c1b000010360022a6f0
:10d410000400423019004014251000023600229604
:10d42000010003248410627c1ec3400f360022a634
:10d4300055c4400f2590400040180200211862009a
:10d44000c018030021106200c01002006210033ceb
:10d45000d34d632419004300101000008211020014
:10d460002110520004000010280022ae020000101b
:10d470002580000025804000251000022400bf8f79
:10d480002000b48f1c00b38f1800b28f1400b18f2e
:0cd490001000b08f0800e0032800bd274a
:020000040000fa
:020000041d01dc
:10d49c00e0ffbd271c00bfaf1800b1af1400b0af48
:10d4ac002580a000e7c9400f2588c0004e004050e1
:10d4bc0025100000510020120c00032e51006010aa
:10d4cc0080801000029d033ce8d46324218070000e
:10d4dc000000038e080060000000000018d5019dbc
:10d4ec0044d5019d68d5019d80d5019d10d6019d27
:10d4fc0010d6019d9cd5019d10d6019db0d5019de6
:10d50c00c4d5019dd8d5019de8d5019d6c004394ef
:10d51c00400063388001637c000023a26c004294bd
:10d52c0080004238c001427c010022a2020020a6e9
:10d53c002d00001001000224360043948003637c0c
:10d54c00000023a268004394020023a67c004290b2
:10d55c00040022a224000010010002241800438cb5
:10d56c001400428c23186200000023a61e00001039
:10d57c00010002240400438c0000428c231862003a
:10d58c0001006324000023a61700001001000224f0
:10d59c006c004294c002427c000022a212000010d7
:10d5ac00010002243400428c000f427c000022aea9
:10d5bc000d0000100100022436004294c213020038
:10d5cc00000022a208000010010002247e004290fc
:10d5dc00000022a204000010010002247f004290ef
:10d5ec00000022a2010002241c00bf8f1800b18f82
:10d5fc001400b08f0800e0032000bd27faff0010d4
:0cd60c0025100000f8ff001025100000a1
:020000040000fa
:020000041d01dc
:10d61800d0ffbd272c00bfaf2800b4af2400b3afa4
:10d628002000b2af1c00b1af1800b0af2580800059
:10d63800040002241600a2100400918c0000828cc1
:10d648000000428c009d053c6838a52409f840007c
:10d65800252020020000028e0000428c009d053c1f
:10d668009438a52409f84000252020022510000040
:10d678002c00bf8f2800b48f2400b38f2000b28ff6
:10d688001c00b18f1800b08f0800e0033000bd27e0
:10d698002590c000b2b2400f0400c48c2598400009
:10d6a800ffff42240200422c08004014009d053c64
:10d6b8000000028e0000428cb838a52409f840000a
:10d6c80025202002eaff00102510000052b2400f6a
:10d6d8000800448e1700401025a040001000a52720
:10d6e8001161400f0c00448e1a0040500000028e59
:10d6f800010002241e0062121000a52763cc400f0f
:10d70800252080020000038e1d0040140400638c55
:10d71800009d073c6038e72425306002009d053ce9
:10d72800cc38a52409f8600025202002d0ff00107d
:10d73800010002240000028e0000428c009d053c7e
:10d748008034a52409f8400025202002c8ff0010d5
:10d75800251000000000428c009d053c1437a524cc
:10d7680009f8400025202002c1ff00102510000004
:10d7780058cc400f25208002e3ff00100000038ee4
:0cd78800009d073ce4ff00105838e72427
:020000040000fa
:020000041d01dc
:10d794001c00838c030002245800625001000324ff
:10d7a400e0ffbd271c00bfaf1800b1af1400b0af3d
:10d7b4002481828f2c0040142588a0000c00828cc8
:10d7c40032004010258080002a00a0102518000097
:10d7d40000d0400f0000000001000324188183a33f
:10d7e40007d0400f2520400025300000019d053c56
:10d7f4007032a5246ab5400f09000424410040108a
:10d804001c8182af0c00048e0800828c0400062464
:10d8140009f8400000002596280040100000000090
:10d824000c00038e288183af000023962c8183afe4
:10d8340002002396208183a7308182af2481828fc6
:10d844000100422400d0400f248182af18818393c9
:10d8540001006324188183a307d0400f25204000d2
:10d86400040000100100032401004224248182af3b
:10d8740001000324251060001c00bf8f1800b18f25
:10d884001400b08f0800e0032000bd27b5d1400f7d
:10d8940000000000f7ff401025180000b3d1400f2e
:10d8a40000000000039d053cb416a524a2a3400f6c
:10d8b40025204000efff001025180000b5d1400fcf
:10d8c40000000000050040140000000079cc400f67
:10d8d4001c81848fe7ff001025180000b3d1400f8e
:10d8e40000000000039d053cd816a524a2a3400f08
:10d8f40025204000f5ff0010000000000800e003b0
:0cd9040025106000dbff0010251800005b
:020000040000fa
:020000041d01dc
:10d91000e0ffbd271c00bfaf1800b2af1400b1afcd
:10d920001000b0af00a0023ca82642243000438c77
:10d930001400448c100044ac4800601000a0023c6d
:10d940000c00628c3d00400400a0023c0c00708c76
:10d9500000a0023ca82642241400428c21805000e2
:10d96000259000022b80020200a0113ca82631263f
:10d970000400228e1800428c09f8400000000000cc
:10d98000252800001000238e2b184300060060108d
:10d9900000a0033cffff43242b2062002510600001
:10d9a0002528800000a0033cc826638c213062003b
:10d9b0002b20c300212085002b2804020700a0543f
:10d9c000211062002d00905400a0023c2b30460232
:10d9d0002a00c05000a0023c2110620000a0033cbd
:10d9e000a82663241c0062ac00a0023ca8264224a6
:10d9f0001c00428c0500401400a0023ca8264224d2
:10da0000010003241c0043ac00a0023ca8264224d1
:10da10001c00448c0400428c1400428c09f8400025
:10da2000000000001c00bf8f1800b28f1400b18fdf
:10da30001000b08f0800e0032000bd27a826422474
:10da40001400428cff7f103cffff103621805000f5
:10da500025900002c4ff00102b800202a826422459
:10da60001400428cff7f103cffff103621805000d5
:10da700025900002bcff00102b800202a826422441
:0cda80001c0052acd9ff001000a0023cba
:020000040000fa
:020000041d01dc
:10da8c00c8ffbd273400bfaf3000b3af2c00b2af1e
:10da9c002800b1af2400b0af258080002520a00065
:10daac004000138e1c00a0af1800a0af1400a0af54
:10dabc001000a0af1800a627cc8d400fe000058efb
:10dacc0025884000130000100100122411000010e2
:10dadc001000a2af000040ac140040ac0400648cf9
:10daec002e008050040062ac000082ac0400658cf7
:10dafc000400442400e0847c1400a4ac040062ac58
:10db0c00080040ac0400428c0003427c250040100d
:10db1c00000000001800a28f1c00a38f25004350aa
:10db2c001c00a0af0000438c1800a3af0400438c72
:10db3c004002637ce7ff6050dc00038e0400438ce2
:10db4c00c45a037c040043ac0400438c84f7037c6c
:10db5c00040043ac0400438cc4ff037c040043acbe
:10db6c000400438cc439437e040043ac000040ac39
:10db7c00140040ac1400a38fd4ff60501400a2af6b
:10db8c00000062ac0400432400e0637c1400a48f0a
:10db9c00140083acdfff00101400a2afd8ff0010fc
:10dbac00000062ac95d0400f25206002daff001017
:10dbbc001800a28fddff40141800a0af1000a28f38
:10dbcc0005004010010007241000a627e000058e78
:10dbdc00cc6b400f25200002251020023400bf8f93
:10dbec003000b38f2c00b28f2800b18f2400b08f7f
:08dbfc000800e0033800bd271a
:020000040000fa
:020000041d01dc
:10dc0400c8ffbd273400bfaf3000b3af2c00b2afa4
:10dc14002800b1af2400b0af258880002580a00083
:10dc24002598c0001400a0a71800a0af4800828c5b
:10dc34001000a52709f84000252000020e0040042a
:10dc44001000b2972800228e1800a627252800006d
:10dc540009f8400025200002010002241b004212a2
:10dc64002016127c0b0040100200022437004212de
:10dc74001200a697f7ff02243400bf8f3000b38f41
:10dc84002c00b28f2800b18f2400b08f0800e0036d
:10dc94003800bd275000228e1800a68f1b000524d3
:10dca40009f8400025200002f3ff4004010003248a
:10dcb400f1ff4310010005244c00228e09f84000b6
:10dcc40025200002ecff0010010002245400228ee3
:10dcd4001400a52709f8400025200002e6ff4004af
:10dce40001000324e4ff4310000163321400a297ef
:10dcf4000c006010100042301400a2a7020002249d
:10dd04001000a2a71400a2971200a2a74c00228e12
:10dd14001000a58f09f8400025200002d6ff00104e
:10dd240001000224000273320500601600a00324df
:10dd34000080032425104300f0ff00101400a2a764
:10dd440025104300edff00101400a2a71400a6a79d
:10dd54005800228e1800a78f1b00052409f84000e4
:10dd640025200002c5ff40043400bf8f0100423863
:08dd7400c1ff00100100422c68
:020000040000fa
:020000041d01dc
:10dd7c00c0ffbd273c00bfaf3800b4af3400b3af19
:10dd8c003000b2af2c00b1af2800b0af25808000be
:10dd9c000200a2280d0040140400928c2588a000db
:10ddac002598c0000400d48c009d053c0039a524a6
:10ddbc003388400f2520800231004014009d053c23
:10ddcc000300312a16002012000000000000028e11
:10dddc000000428c009d053c4039a52409f8400008
:10ddec00252040020000028e0000428c009d053c64
:10ddfc006439a52409f840002520400225100000b4
:10de0c003c00bf8f3800b48f3400b38f3000b28f1a
:10de1c002c00b18f2800b08f0800e0034000bd2714
:10de2c0052b2400f0800648e0e0040500000028e6b
:10de3c003bcd400f252040000000038e27004014ee
:10de4c000400638c009d063cf038c624009d053c04
:10de5c000839a52409f8600025204002e8ff0010cd
:10de6c00251000000000428c009d053c8034a52448
:10de7c0009f8400025204002e1ff001025100000a9
:10de8c000439a5243388400f25208002d0ff40544c
:10de9c000000028ea3d1400f0000000014000624e5
:10deac001000a52757ae400f252040000000038e20
:10debc000400638c030040141000a627009d063c50
:10decc00f838c624009d053c2439a52409f86000c7
:10dedc0025204002caff001025100000009d063cc2
:08deec00daff0010e438c6243f
:020000040000fa
:020000041d01dc
:10def400b8ffbd274400bfaf4000b7af3c00b6af8a
:10df04003800b5af3400b4af3000b3af2c00b2afbb
:10df14002800b1af2400b0af25a0a0002588c00020
:10df240025b0e00029d1400f1000a42700a0043c34
:10df340087bb400f0c2a842400a0123c0c2a5226d2
:10df44000100132400a0153c09000010002ab52686
:10df5400110000100800178e0300062498af400f2c
:10df64002520e0022528000270cb400f2520a002c6
:10df7400f3c7400f252040022700401025804000b1
:10df840004000292f2ff5310020003242c004314f5
:10df94004400bf8f0800178e47c5400f0500049248
:10dfa4000c00058e0000838e1700a31425280002a0
:10dfb400e9ffc006fcff05241400e38e0300258a54
:10dfc4000000259a030065a8000065b804002492a7
:10dfd400040064a005002492050064a00800401019
:10dfe4000000e0ae2528e00227c9400f25204000ac
:10dff400d9ff4014fbff0524dbff00102528000295
:10e00400d5ff0010fbff052470cb400f1000a427a0
:10e01400d7ff00100000000000a0043c1000a28ff5
:10e024000c2a82ac0c2a84241400a28f040082ac33
:10e034001800a28f1dbf400f080082ac4400bf8fa0
:10e044004000b78f3c00b68f3800b58f3400b48fd2
:10e054003000b38f2c00b28f2800b18f2400b08f12
:08e064000800e0034800bd279d
:020000040000fa
:020000041d01dc
:10e06c00d8ffbd272400bfaf2000b4af1c00b3af56
:10e07c001800b2af1400b1af1000b0af3200a01056
:10e08c002580a0006080918f440020123400b3845e
:10e09c00460060065080828f2b1062024800405070
:10e0ac002588000080101300218822020000228e97
:10e0bc0005004510258800002590000025a00000d3
:10e0cc0025000010258000001000828c1000549454
:10e0dc000800943203000324010002240b10740086
:10e0ec007200b49424a082021500801225900000c6
:10e0fc007400b28c7800b18c2800838c4400028ea2
:10e10c001500441425806000520040a4500040a427
:10e11c00440040ac6a0040a4680040a45c0040ace1
:10e12c001000458c0000a0ac1000428c0c0040a4e8
:10e13c0022008294c418027c09000010220082a4e0
:10e14c00eeff0010251800002588a0002590000087
:10e15c002598000025a0000045b0400f00000000ed
:10e16c0005004012253820022530800225280002a7
:10e17c0009f8400225206002251000002400bf8f02
:10e18c002000b48f1c00b38f1800b28f1400b18f15
:10e19c001000b08f0800e0032800bd272580200266
:10e1ac0025900000ecff001025a000002588000041
:10e1bc002590000025a00000e7ff0010258000003e
:10e1cc002590000025a00000e3ff00102580000032
:020000040000fa
:020000041d01dc
:10e1dc00c0ffbd273c00bfaf3800b6af3400b5afb1
:10e1ec003000b4af2c00b3af2800b2af2400b1aff5
:10e1fc002000b0afcc8082970b0040142598800093
:10e20c003c00bf8f3800b68f3400b58f3000b48f10
:10e21c002c00b38f2800b28f2400b18f2000b08f58
:10e22c000800e0034000bd271400928c29d1400f58
:10e23c001000a42700a0043c87bb400f0c2a8424a8
:10e24c0000a0153c0c2ab5260100162400a0143c95
:10e25c000c000010002a9426140000100800118ee7
:10e26c0004000292ffff4224ff0042300200422cc5
:10e27c0018004014030006242528000270cb400f20
:10e28c0025208002f3c7400f2520a0021600401065
:10e29c002580400004000292efff56100200032478
:10e2ac001b0043541c00638e0800118e47c5400fa1
:10e2bc0005000492ebff405204000292e8ff421268
:10e2cc002528000270cb400f1000a427edff001092
:10e2dc0000000000fbff052498af400f2520200212
:10e2ec00e6ff00102528000200a0043c1000a28fbd
:10e2fc000c2a82ac0c2a84241400a28f040082ac59
:10e30c001800a28f1dbf400f080082ac1c00638e4a
:10e31c0002000224bbff62143c00bf8fcc808297aa
:10e32c00ffff4224ffff4230b5ff4014cc8082a790
:10e33c00cbb0400f00000000b2ff00103c00bf8fbc
:020000040000fa
:020000041d01dc
:10e34c00e0ffbd271c00bfaf1800b1af1400b0af89
:10e35c00ffff9024ffff10320a00022e51004010e4
:10e36c002086107cc010100021105000801002007c
:10e37c0000a0033cd81a63242110430000004290f3
:10e38c0022004050251000002500c01000a0033cc6
:10e39c00c01010002110500080100200d81a632405
:10e3ac00211043000800428c3c00488c26000011d0
:10e3bc0000a0033cc010100021105000801002007f
:10e3cc00d81a6324211043001000428c28004014fa
:10e3dc0000a0033cd81a6324c088100021883002a6
:10e3ec008088110021887100140026ae180027ae19
:10e3fc0025382002039d063cd805c62409f80001e7
:10e40c000600248624004010100022ae1c00bf8f92
:10e41c001800b18f1400b08f0800e0032000bd2756
:10e42c0000a0023cc01810002180700080801000f9
:10e43c00d81a422421105000f8ff0324030043a0f3
:10e44c00f2ff00102510000000a0023cc0181000c4
:10e45c002180700080801000d81a422421105000b6
:10e46c00ffff0324030043a0e8ff00102510000069
:10e47c0000a0023cc0181000218070008018100011
:10e48c00d81a502421800302f9ff0224030002a2af
:10e49c00deff001025100000f7ff0324dbff001047
:0ce4ac00030023a2d9ff0010251000007f
:020000040000fa
:020000041d01dc
:10e4b8004900801000000000c0ffbd273c00bfaf2e
:10e4c8003800beaf3400b7af3000b6af2c00b5afe0
:10e4d8002800b4af2400b3af2000b2af1c00b1af26
:10e4e8001800b0af25a080003d00a0102588a0002e
:10e4f8002900c62c0d00c010251000003c00bf8f5d
:10e508003800be8f3400b78f3000b68f2c00b58f1f
:10e518002800b48f2400b38f2000b28f1c00b18f65
:10e528001800b08f0800e0034000bd2710008224c7
:10e538001000a2af0e009e24258080003000162413
:10e54800010017241400001023b8e4020100352646
:10e55800000022a22198f0023cd0400f0100449212
:10e568002014027c0100b2260000a2a22198930286
:10e5780042d0400f0000649213001e12000042a215
:10e588003a000224010042a2020010261000a28fc5
:10e598000e00021202005126259000023cd0400fc6
:10e5a800000004922014027c0f005610010033264c
:10e5b800000022a242d0400f000004922014027ce6
:10e5c800e2ff00102588600201005126000020a209
:10e5d800caff0010010002240800e0032510000013
:10e5e800c6ff00102510000042d0400f0000049222
:10e5f8002014027cd5ff56142198f0023cd0400f1d
:10e60800010044922014027cd8ff56102590200265
:08e61800d4ff001025a8200228
:020000040000fa
:020000041d01dc
:10e62000251080005600c0100c00ca2c4d0040156b
:10e630002618a4000300633023380400290060106a
:10e640000300e7300600e0102330c7000000a39865
:10e650000300a3882128a700000083b82120870099
:10e660000f00c3302338c3001100e01025306000d4
:10e670002138e5000000a3980300a3880400a898af
:10e680000700a8880800a9980b00a9880c00aa9880
:10e690000f00aa88000083ac040088ac080089ac95
:10e6a0001000a52410008424f2ffa714fcff8aacfc
:10e6b0000300c3302338c3002a00e0102530600077
:10e6c0002138e5000000a3980300a3880400a524d6
:10e6d00004008424fbffa714fcff83ac210000107e
:10e6e000000000000500e0102330c7000000a398e0
:10e6f0002128a700000083b8212087000f00c33025
:10e700002338c3000d00e010253060002138e500fb
:10e710000000a38c0400a88c0800a98c0c00aa8c13
:10e72000000083ac040088ac080089ac1000a5246c
:10e7300010008424f6ffa714fcff8aac0300c3304a
:10e740002338c3000700e010253060002138e500c1
:10e750000000a38c0400a52404008424fcffa7145b
:10e76000fcff83ac0600c0102138c5000000a39058
:10e770000100a52401008424fcffa714ffff83a04f
:10e780000800e0030000000000008a9025108000cf
:10e7900003004015000000000800e0030000022410
:10e7a00001008a9003004015000000000800e0030b
:10e7b0000100022402008a900300401500000000be
:10e7c0000800e0030200022403008a9003004015c1
:10e7d000822004000800e0030300022401008424d6
:10e7e0008020040000008a8c0101093c01012935c8
:10e7f000c07909002340490124400f01060000119f
:10e8000024600a01040088110000000000008a90c2
:10e81000220000100000842404008b8c2340690136
:10e8200024400f010600001124600b010400881130
:10e830000000000004008a901800001004008424e6
:10e8400008008a8c2340490124400f010600001172
:10e8500024600a01040088110000000008008a906a
:10e860000e000010080084240c008b8c23406901ea
:10e8700024400f010600001124600b0104008811e0
:10e88000000000000c008a90040000100c0084249a
:10e8900010008a8cd7ff001010008424040040155b
:10e8a00000000000000084240800e0032310820020
:10e8b00001008a900400401500000000010084243b
:10e8c0000800e0032310820002008a900400401533
:10e8d00000000000020084240800e00323108200ee
:10e8e00003008a90030084240800e00323108200c0
:020000040000fa
:020000041d01dc
:10e8f0006e0082900b00422c54004010000000007b
:10e90000e0ffbd271c00bfaf1800b1af1400b0afcf
:10e910006e00829080180200029d023c30e9422481
:10e92000211043000000428c080040002580800038
:10e930005ce9019d5ce9019d64e9019d64e9019d3b
:10e9400034ea019d34ea019d34ea019d34ea019dd7
:10e9500064e9019d34ea019d24ea019d360000101e
:10e96000010002246c0082944000423012004054a6
:10e970000000828c1800a054110011240800848c1f
:10e980001000038e251000001300831410001124c2
:10e9900036000396c45a037c360003a66e00039229
:10e9a0000800633809000524040004240a20a30099
:10e9b000210000106e0004a2100082ac0c0082ac9a
:10e9c000080082ac110011240300a01425100000df
:10e9d000f0ff0010360003960100062425282002cf
:10e9e0002b1c400f252000020a004204360003962b
:10e9f0005c000396e7ff6050360003960800048e23
:10ea00001000038ef5ff831401000624e1ff0010bf
:10ea10003600039601000424c45a837c06000010cb
:10ea2000360003a61360400f2528000002000010e6
:10ea300025100000251000001c00bf8f1800b18faa
:10ea40001400b08f0800e0032000bd270800e00399
:04ea5000010002249b
:020000040000fa
:020000041d01dc
:10ea5400d8ffbd272400bfaf2000b3af1c00b2af66
:10ea64001800b1af480080101400b0af4000828c91
:10ea74004040033c2410430044004054010011244e
:10ea84004a00a0102590a0002580800000a0023c30
:10ea9400a4214224140044ac58008394180043accd
:10eaa400030003241c0043ac010006242528800035
:10eab400f45b400f252040021600401025884000da
:10eac400f2b1400f2000448e2598400025184000e4
:10ead4004408037c010002241b00621000a0043cd3
:10eae400b5d1400f25880000290040502510200290
:10eaf400b3d1400f0000000025306002019d053ca9
:10eb0400a0d5a524a2a3400f25204000200000107a
:10eb140025102002b5d1400f000000001c00405019
:10eb240025102002b3d1400f0000000058000696c3
:10eb3400019d053c60d6a524a2a3400f25204000da
:10eb44001300001025102002a4218424200093ac7b
:10eb540025380000253000003a40400f25284002a7
:10eb64000a004014258840000300072404000624fa
:10eb74002528000200a0043c3199400fa4218424dc
:10eb84000300001025102002258800002510200213
:10eb94002400bf8f2000b38f1c00b28f1800b18fe8
:10eba4001400b08f0800e0032800bd27f7ff001011
:04ebb40025880000b0
:020000040000fa
:020000041d01dc
:10ebb800d0ffbd272c00bfaf2800b6af2400b5afeb
:10ebc8002000b4af1c00b3af1800b2af1400b1af4f
:10ebd8001000b0afffffa224ff0042300f00422c0c
:10ebe8000c00401401001024251000022c00bf8fd7
:10ebf8002800b68f2400b58f2000b48f1c00b38f77
:10ec08001800b28f1400b18f1000b08f0800e00315
:10ec18003000bd2725a0e0002598c0002588a00069
:10ec280025908000c7cd400f01000524eeff401459
:10ec38002580400001000524face400f252040021f
:10ec4800e9ff401425804000253820024400a6939f
:10ec58004000a58f115f400f25204002e2ff4014bd
:10ec680025804000ffff062425282002cea3400f60
:10ec780025204002dcff40142580400001000524c7
:10ec8800d1cc400f25204002d7ff401425804000fa
:10ec980001000524d1cd400f25204002d2ff4014a9
:10eca80025804000040000100400162401001026ee
:10ecb8001300161200000000061011020100423075
:10ecc800faff4010ff001532253060022528a00207
:10ecd8006dc9400f25204002c3ff405425804000e5
:10ece800253080022528a0027bc9400f252040023c
:10ecf800efff405001001026bbff001025804000a8
:10ed08002ea9400f25204002b7ff001025804000a3
:020000040000fa
:020000041d01dc
:10ed1800e8ffbd271400bfaf1000b0afe1c4400f3b
:10ed280025808000490040101400bf8f3a000396e8
:10ed3800220002960c00048e1800888c01004430d2
:10ed480021008010240005960020a230010006242e
:10ed5800050004240a20c200251080000004a43005
:10ed68000300801025300000100042340100062402
:10ed78000008a7300300e0102520000020004234de
:10ed88000100042424186500000165301c00a0144b
:10ed98000a000724800065301700a0140c0007241f
:10eda800400065301600a05412000724200063308c
:10edb80011006014140007240400027c002042346f
:10edc8000d00001025380000100042300b0006240a
:10edd800030004240b20c2002510800024186500bd
:10ede800000164301c008014254800012520000023
:10edf800e8ff0010253000000b0000102518000067
:10ee080025480001422808002420a40025180401f0
:10ee18002418660080180300252086002420890015
:10ee2800080065340b18a4003000048e040080101c
:10ee380025280000000082ac040087ac080083ace1
:10ee4800eec1400f252000021400bf8f1000b08fc4
:10ee58000800e0031800bd270a0007242530000039
:0cee680025200000ecff00102518000021
:020000040000fa
:020000041d01dc
:10ee7400ffff8424ffff84300a00822c4f004010df
:10ee8400000000002026047cc0100400211044006f
:10ee94008010020000a0033cd81a63242110430010
:10eea400000042904700401000000000e8ffbd272a
:10eeb4001400bfaf00a0023cc01804002118640075
:10eec40080180300d81a42242110430004004294fd
:10eed400200042301d004010c018040000a0023c75
:10eee4002118640080180300d81a4224211043001a
:10eef4000c00428c1400438c0b00605000a0023cb8
:10ef0400c010040021104400801002001c004224a0
:10ef140000a0043cd81a842409f86000212082004f
:10ef24001a000010ffff4230c018040021206400c2
:10ef340080180400d81a442421208300ffff0224ef
:10ef4400030082a0110000102510000021186400a5
:10ef54008018030000a0073cd81ae7242118670092
:10ef64000800638c4800678c0b00e010c018040094
:10ef740000a0023c2120640080180400d81a442414
:10ef84002120830009f8e000060084841400bf8f68
:10ef94000800e0031800bd2700a0033cc0280400bb
:10efa4002120a40080200400d81a632421186400be
:10efb400ffff0424f5ff0010030064a00800e00331
:0cefc400251000000800e00325100000ec
:020000040000fa
:020000041d01dc
:10efd000ffff8424ffff84300a00822c4f00401082
:10efe000000000002026047cc01004002110440012
:10eff0008010020000a0033cd81a632421104300b3
:10f00000000042904700401000000000e8ffbd27cc
:10f010001400bfaf00a0023cc01804002118640017
:10f0200080180300d81a422421104300040042949f
:10f03000200042301d004010c018040000a0023c17
:10f040002118640080180300d81a422421104300bc
:10f050000c00428c2400438c0b00605000a0023c4a
:10f06000c010040021104400801002001c00422443
:10f0700000a0043cd81a842409f8600021208200f2
:10f080001c000010ffff4230c01804002120640063
:10f0900080180400d81a442421208300ffff022492
:10f0a000030082a013000010251000002118640046
:10f0b0008018030000a0073cd81ae7242118670035
:10f0c0000800638c3400688c0d000011c018040027
:10f0d00000a0023c2120640080180400d81a4424b7
:10f0e000212083002538000009f8000106008484ef
:10f0f000ffff42301400bf8f0800e0031800bd2757
:10f10000c02804002120a400802004002118e4006d
:10f11000ffff0424f7ff0010030064a00800e003d1
:0cf12000251000000800e003251000008e
:020000040000fa
:020000041d01dc
:10f12c00d8ffbd272400bfaf2000b3af1c00b2af87
:10f13c001800b1af1400b0af2580800000a0113cc6
:10f14c000011040021104400801002002110440022
:10f15c0080100200d8233126218822024000328ef2
:10f16c0097d1400f252040029400318e2488510005
:10f17c001200201600a0133c00a0023c002110003d
:10f18c002120900080200400212090008020040089
:10f19c00d823422421204400a9cd400f8800848c20
:10f1ac002400bf8f2000b38f1c00b28f1800b18fca
:10f1bc001400b08f0800e0032800bd2700111000d8
:10f1cc00211050008010020021105000801002000d
:10f1dc00d8237326219862029800628e2510510064
:10f1ec00980062ae02111100000443309000648e4e
:10f1fc00c0111100000242302510430025104400bc
:10f20c0040191100000163302510430082191100d0
:10f21c008100633025104300c21811007000633068
:10f22c00251043008218110008006330251043009c
:10f23c00401811000600633025104300900062aea8
:10f24c002528200255d1400f2520400225282002d8
:10f25c004fd1400f252040029c00668ec7ffc05046
:10f26c0000a0023c9000648e09f8c000a000658ede
:08f27c00c2ff001000a0023cdb
:020000040000fa
:020000041d01dc
:10f28400d8ffbd272400bfaf2000b4af1c00b3af2c
:10f294001800b2af1400b1af1000b0af2588a000c1
:10f2a4002590c000e7c9400f2598e00048004010b1
:10f2b400258040006e004490fdff8324ff006330ee
:10f2c4000300632c0d0060142510000008000224c4
:10f2d4000a008250251000006f00039203006010a2
:10f2e40000000000050071142510000012006012d7
:10f2f4000100032409002312251000002400bf8ffd
:10f304002000b48f1c00b38f1800b28f1400b18f8b
:10f314001000b08f0800e0032800bd272528000056
:10f32400e5c2400f252060020400401425a04000df
:10f33400f2ff0010251000004000148e1600401249
:10f34400000000005a000296060052506f0011a2fd
:10f3540099c2400f25204002e9ff40102400bf8fce
:10f364006f0011a2400014ae25306002ff00253268
:10f37400a1c3400f252000025a0012a636000296af
:10f38400010042300a0040503a0002966a0012a678
:10f39400daff001001000224aab0400f00000000b0
:10f3a400efff401425904000d4ff0010251000000a
:10f3b400380003962110430058000396211043009f
:10f3c400269052006a0012a6ccff0010010002240d
:08f3d400caff00102510000023
:020000040000fa
:020000041d01dc
:10f3dc00020002245000821000000000d8ffbd275c
:10f3ec002400bfaf2000b3af1c00b2af1800b1af08
:10f3fc001400b0af2588e0002580c0000400c010c8
:10f40c002590a0000000c28c190040142528000093
:10f41c002538000025304002252820021a58400fbc
:10f42c0001000424ffff03240b0043102400bf8fb2
:10f43c00801802003081848f211883000000638cb7
:10f44c00240060ac42006494010005244408a47cb0
:10f45c00420064a42400bf8f2000b38f1c00b28f25
:10f46c001800b18f1400b08f0800e0032800bd27ee
:10f47c00e5c2400f2520c00029004010259840000f
:10f48c002538000025304002252820021a58400f4c
:10f49c0001000424ffff0324efff43102400bf8f5f
:10f4ac00801802003081848f211883000000638c47
:10f4bc00240073ac40006494c418047c400064a421
:10f4cc003c006594010004240b00a4500000048e41
:10f4dc000400601201000524400064948473a47c31
:10f4ec00400064a44000649401000524c47ba47c07
:10f4fc00d4ff0010400064a4180064ac4000649475
:10f50c00010005244429a47c8431a47cc439047ce6
:10f51c00efff0010400064a40800e003ffff02248a
:08f52c00ccff0010ffff0224d8
:020000040000fa
:020000041d01dc
:10f53400c0ffbd272c00b1af258880002520c00066
:10f544000400878c0000a28c3000b2afc297070081
:10f554003800b4af3400b3af2800b0af3c00bfaf45
:10f564002580a0000400a38c0800b38c2000a2af67
:10f574000c00b48c400040120000c68c23300600fe
:10f584002b20060023380700080060042338e40019
:10f594004408027c050040162000a2af2000a28f80
:10f5a400040043302c006010c000427cffff622640
:10f5b4002000a3271800a3af0a0003241400a3af5c
:10f5c4001000a2af8182400f2520000206004016e1
:10f5d4002d0003242000a38f040064302000801039
:10f5e400080063302d000324ffff42242b00042471
:10f5f4000b20720021188202000064a01000068e05
:10f604002000a38f25386002ffffc6241000a3af9b
:10f614002330c20021288202d08e400f25202002f0
:10f624000400238e00016330040060103c00bf8f8f
:10f634000400038e2a2043000b1064003800b48faa
:10f644003400b38f3000b28f2c00b18f2800b08ffc
:10f654000800e0034000bd27d5ff0010231062021c
:10f66400e7ff60501000068effff4224211882023b
:10f67400e1ff001020000424c6ff63044408027c58
:08f68400c7ff00102000a28f57
:020000040000fa
:020000041d01dc
:10f68c00d0ffbd272c00bfaf2800b2af2400b1af14
:10f69c002000b0af1800a0a31900a0a31a00a0a3cb
:10f6ac001b00a0a31c00a0a31d00a0a300a0033c52
:10f6bc00d823632434008314faff022443008010ff
:10f6cc002590a00000a0023c1824518c3400a010fe
:10f6dc00ffff1024060006241800a5270cac400fd1
:10f6ec00252040022e0040101000a8270300428a5b
:10f6fc000000429a1000a2af040042921400a2a390
:10f70c00050042921500a2a31600aa27c104073ccb
:10f71c00b71de724254800010000039108000424cc
:10f72c00c237100040281000010062302680a7006c
:10f73c00261046000a80a200ffff8424f8ff8014e4
:10f74c004218030001000825f2ff4815000023a110
:10f75c00251800020007107e1a00001689bf023c13
:10f76c0089bf023c48904224c025647c01000324dc
:10f77c0004188300000043ac00800534d1d0400f46
:10f78c0025202002251000002c00bf8f2800b28fee
:10f79c002400b18f2000b08f0800e0033000bd279b
:10f7ac0000800534cdd0400f2520200225300000ec
:10f7bc0025380000e5d0400f25202002f2ff001074
:10f7cc0025100000e8ff001058904224eeff0010b6
:04f7dc00faff02240a
:020000040000fa
:020000041d01dc
:10f7e000f8fdbd270402bfaf0002b1affc01b0af0e
:10f7f000258080001000052404b9400fc801a4270b
:10f80000f8ca400f1000a4276f00039201000224e1
:10f810003500621025300000d801a52712c7400f1f
:10f820001000a427d801a52721c7400f1000a42746
:10f830009db4400f000000002588400073d1400fa8
:10f8400025806000c21e1100403110002530660086
:10f85000402911002318b1002b20a3002328d00039
:10f860002328a40082360300802105002520c4003f
:10f87000803103002318c3002b30c30023288500e8
:10f880002328a60042270300c0280500252885005c
:10f89000c0180300218871002b1823022128b00012
:10f8a00021286500821e1100802905002528650099
:10f8b0008026050000c8317e253040002538000034
:10f8c000252091003f3f400f82290500d801a38fda
:10f8d000211062000402bf8f0002b18ffc01b08fc3
:10f8e0000800e0030802bd273c00028ed801a2af49
:10f8f0003800028edc01a2af5a000296001402000a
:10f900005800039621104300e001a2afc801a28f66
:10f91000e401a2afcc01a28fe801a2afd001a28f77
:10f92000ec01a2afd401a28ff001a2afbaff001088
:04f930001c0006248d
:020000040000fa
:020000041d01dc
:10f934001c008284ffff03245000431000000000d9
:10f94400e0ffbd271c00bfaf1800b0af25808000ca
:10f95400d6b9400f252040000c0002a608000296ec
:10f964006e00032407004310640003241600435070
:10f974002400028e1c00bf8f1800b08f0800e00323
:10f984002000bd271800068e0b00c01405000524b6
:10f994002600029680004230f7ff40501c00bf8fc3
:10f9a400253000000100052476a3400f0c000486d6
:10f9b400f1ff00101c00bf8fcb9c400f1c0004867d
:10f9c400f4ff0010260002960004427c1000a2a35b
:10f9d400220002961200a2a7260002964000423896
:10f9e4008001427c1100a2a31000a6272528000054
:10f9f400cb9c400f1c0004861800068e1700c01410
:10fa0400030005241400068e1800c0140200052407
:10fa14002600029604004230ffff06240a3002004a
:10fa240006000524cb9c400f1c0004862600029689
:10fa340000024230d0ff40501c00bf8f2538000226
:10fa4400039d063c4491c624080c0524d378400f3a
:10fa54001c000486c8ff00101c00bf8fcb9c400f05
:10fa64001c000486e8ff00101400068ecb9c400f97
:10fa74001c000486e7ff0010260002960800e0033d
:04fa8400000000007e
:020000040000fa
:020000041d01dc
:10fa8800d8ffbd272000b4af00a0143c842a828e82
:10fa98002400bfaf1c00b3af1800b2af1400b1af61
:10faa8002e0040141000b0af00a0123c8c2a518eda
:10fab8000300201600a0133c00a0113c102b312697
:10fac800882a708e06000016821f110000a0103cc4
:10fad8000200023c102b1026a0864224218002023c
:10fae800020002240100625000e0317e821f1000f3
:10faf800020002240100625000e0107e08cd400f91
:10fb0800000000000000438c0400428c2b202302dc
:10fb180004008014211062002b2022022900805446
:10fb28002b18110200a0043ca001842400e0847c6e
:10fb38002b206400090080142b2003020500801488
:10fb48002b2062002b2002020c008054251000029a
:10fb58002b2062000a00801400a0043c2400bf8f00
:10fb68002000b48f1c00b38f1800b28f1400b18f1f
:10fb78001000b08f0800e0032800bd2700a0043c57
:10fb8800a0018424422704000500052409008514e7
:10fb98000400052400a0043c251864002510440036
:10fba8008c2a43ae882a62ae8c2a428eebff001064
:10fbb800842a82aefcff85548c2a42aef6ff0010e0
:10fbc8000080043cedff601425182002deff0010c1
:04fbd8002b200202da
:020000040000fa
:020000041d01dc
:10fbdc00d8ffbd272400bfaf2000b2af1c00b1afcf
:10fbec001800b0af258880001400a0af2800a0102a
:10fbfc001000a0af2580a0000b00a5880800059a76
:10fc0c002400a010259000000c0002920d0006921a
:10fc1c00003206002530c2001e00c0101000a727bd
:10fc2c0054a1400f25202002259040000300028a99
:10fc3c000000029a0f004010258040000b00458800
:10fc4c00080045980b00a010000000000c0042902a
:10fc5c000d000692003206002530c2000500c010cf
:10fc6c0000000000eeff40121000a7270400001057
:10fc7c001000a28f080040121000a5271000a28fc0
:10fc8c0021004010251040020a000010d400238ee1
:10fc9c00259000001000a5277ea5400f25202002ee
:10fcac001900001025104002faff001025900000ea
:10fcbc00000062ac1000a28f1400a48f0f004450ff
:10fccc001400a0af0000448c1000a4af000040aca6
:10fcdc00140040ac0400648cf5ff8050040062ac4e
:10fcec00000082ac0400658c0400442400e0847c99
:10fcfc001400a4acefff0010040062acf3ff40143e
:10fd0c001000a0af251040022400bf8f2000b28f3e
:10fd1c001c00b18f1800b08f0800e0032800bd272d
:020000040000fa
:020000041d01dc
:10fd2c00d8ffbd272400bfaf2000b4af1c00b3af79
:10fd3c001800b2af1400b1af1000b0af4400801087
:10fd4c002598a000258880001800908c0c00828ccf
:10fd5c0009f840002520000240004010259040008a
:10fd6c00030044240408047c232882002328050271
:10fd7c000408057cb0ffb4240002822e3a00401423
:10fd8c00fcff0224a1d1400fc2a01400258040002a
:10fd9c0050004924039d023ca83842242518000237
:10fdac00200048240000478c0400468c0800458c39
:10fdbc000c00448c000067ac040066ac080065ac19
:10fdcc000c0064ac10004224f6ff481410006324ad
:10fddc000000428c000062ac240009ae540014ae4a
:10fdec00500000ae280009ae2c0014ae300000ae5e
:10fdfc00340000ae380000ae0400228e3c0002ae8f
:10fe0c00400012ae1400228e00d0400f440002ae0f
:10fe1c0001000324480003a207d0400f2520400016
:10fe2c002510000001006056000062ae2510000293
:10fe3c002400bf8f2000b48f1c00b38f1800b28f2a
:10fe4c001400b18f1000b08f0800e0032800bd270c
:10fe5c0025808000f3ff0010ffff02242580400066
:10fe6c00f0ff0010feff0224eeff001025800000c2
:020000040000fa
:020000041d01dc
:10fe7c00d8ffbd272400bfaf2000b3af1c00b2af2a
:10fe8c001800b1af1400b0af2880848fffff02249c
:10fe9c00390082140000000000a0023ca421428c16
:10feac000e0040181081908f2588000000a0123c95
:10febc00a42153260300072402000624252800024f
:10fecc003199400f2520600201003126a421428e79
:10fedc002a102202f7ff40146c001026a7d1400f05
:10feec000000000000a0023cb021448c0b008010ec
:10fefc0000a0033c0c00828c09f840001081858f17
:10ff0c0000a0023cb021448c0000828c09f8400017
:10ff1c00000000001d00400400a0033ca42162244a
:10ff2c000c0040ac100040ac108180afa42160ac40
:10ff3c00080040acf08080aff48080af00a0023ca1
:10ff4c00741e40ac741e4224040040ac080040ac4b
:10ff5c000c0040ac100040ac140040ac2400bf8f2f
:10ff6c002000b38f1c00b28f1800b18f1400b08f1b
:10ff7c000800e0032800bd27acb3400f00000000d0
:10ff8c00ffff0224c4ff0010288082afb5d1400fc0
:10ff9c0000000000e1ff405000a0033cb3d1400f33
:10ffac0000000000019d053cc4d3a524a2a3400f72
:0cffbc0025204000d9ff001000a0033ced
:020000040000fa
:020000041d01dc
:10ffc800d0ffbd272c00bfaf2800b6af2400b5afc7
:10ffd8002000b4af1c00b3af1800b2af1400b1af2b
:10ffe8001000b0af00a0103cd81a102668011226e5
:10fff8000100132400a0143c401c94260100152481
:020000041d02db
:100008000d000010050016240800028e1400428c12
:1000180009f8400006000486050040502400102618
:100028000100829218005350010080a2240010267b
:100038002d0012122c00bf8f00000292fbff40100f
:10004800258800020400029620004230f8ff405044
:100058002400102602000292ebff5310201c027ca1
:10006800f2ff60100400422cf1ff405024001026db
:100078000c00228e0c00428c09f840001c0004265b
:10008800eaff0010020022a20c00028e2800428c17
:1000980009f840000000000008004054010095a243
:1000a8000c00028e0000428c09f840000800048e03
:1000b8000b004050020016a2010095a20c00228eef
:1000c8000800428c1c00052609f84000060024861a
:1000d800d6ff4050020036a2e5ff0010010035a20d
:1000e800d2ff0010010095a22800b68f2400b58f1a
:1000f8002000b48f1c00b38f1800b28f1400b18f8a
:0c0108001000b08f0800e0033000bd279d
:020000040000fa
:020000041d02db
:1001140090ffbd276c00bfaf6800b3af6400b2afff
:100124006000b1af5c00b0af258080002590a000d6
:100134002598c000370006242528000050a6400f4b
:100144002000a427080011261c00b3af1800b2af8a
:10015400370002241400a2af1000b1af010007243d
:10016400370006242000a527c055400f2520000293
:10017400360040142000a327251020025000a82791
:100184000000678c0400668c0800658c0c00648c8d
:10019400030047a8000047b8070046a8040046b873
:1001a4000b0045a8080045b80f0044a80c0044b84b
:1001b40010006324f2ff6814100042240000648cd1
:1001c400030044a8000044b804006490040044a060
:1001d40005006490050044a006006390060043a057
:1001e4002000a2275700a327000040a001004224ba
:1001f400fdff4314253800001c00a0af1800a0af79
:10020400370002241400a2af1000b1af3700062457
:100214003f000526c055400f252000020d00401464
:1002240001000324000003ae040000ae800000a21d
:100234006c00bf8f6800b38f6400b28f6000b18f11
:100244005c00b08f0800e0037000bd27f8ff0010c9
:0c02540001000224f6ff0010010002244b
:020000040000fa
:020000041d02db
:10026000c8ffbd273400bfaf3000b3af2c00b2af22
:100270002800b1af2400b0af1600829404004230d1
:100280000500401425808000140082901000423048
:100290000c004010010006241400a0af1000a0af15
:1002a0001800a0af6800028e03004010050005246e
:1002b00009f84000e8000426440013262600001038
:1002c00003001224389a400fffff0524020000109b
:1002d00001000224010002243400bf8f3000b38fdc
:1002e0002c00b28f2800b18f2400b08f0800e003eb
:1002f0003800bd27010042240c0102ae4ec7400f5a
:10030000252060022528200204cb400f1000a427de
:10031000120000104400118e030040100600052456
:1003200009f84000e80004264ec7400f1000a4273b
:10033000e9ff4010401006246400038efdff0524f1
:1003400009f8600025204000f7ff001000000000c1
:100350004ec7400f252060024400118eeeff205250
:100360006800028e1000258ef77e400f25200002c7
:10037000f7ff401000000000deff52540c01028e17
:100380001001028e01004224100102ae6800028eac
:10039000d0ff40100600052409f84000e8000426bc
:0803a000cdff00100100022452
:020000040000fa
:020000041d02db
:1003a800d8ffbd272400bfaf2000b3af1c00b2aff9
:1003b8001800b1af1400b0af00a0023c7429508cf3
:1003c8002600001200a0023c7029428c1c00401834
:1003d800240010262588000000a0123c13000010fd
:1003e800702953266ebb400f0000000012b2400f68
:1003f8002520000212b2400ff0ff042612b2400f6f
:10040800e0ff04260800648e0c00828c09f8400086
:10041800dcff058edcff00ae010031267029428e1c
:100428002a102202060040103c001026dcff048e31
:10043800ecff801400000000f8ff001001003126d6
:1004480000a0103c702910260800048e0c00828c35
:1004580009f840000400058e040000ae00a0103c1e
:10046800702910260800058e00a0043c84cc400f9b
:1004780090298424080000ae1c00048e0600801019
:1004880000a0023c79cc400f0000000000a0023c14
:100498008c2940ac00a0023cb429448c0800801090
:1004a8002400bf8f22008294080042300a004010c6
:1004b8000000000000a0023cb42940ac2400bf8f1b
:1004c8002000b38f1c00b28f1800b18f1400b08fba
:1004d8000800e0032800bd2745b0400f00000000d9
:0804e800f5ff001000a0023c2a
:020000040000fa
:020000041d02db
:1004f000c0ffbd273c00bfaf3800beaf3400b7af70
:100500003000b6af2c00b5af2800b4af2400b3afb5
:100510002000b2af1c00b1af1800b0af2580800042
:100520000700a0102590a0000000a0a00100a0a03e
:100530000200a0a00300a0a00400a0a00500a0a0ad
:100540002d0000120100022400000282360040103b
:10055000258800003a0015242d0017240300001000
:10056000060016241a00361203001026000013821b
:1005700057ce400f252060021f00401025100000bc
:1005800001001e8257ce400f2520c00328004010d6
:100590000438d47f047a747ed2b1400fffff8432d6
:1005a0001000a32721187100000062a0020002823f
:1005b0000700401000000000eaff5510010031263e
:1005c000e8ff5710251000000b000010000000008d
:1005d000070040121000a28f030042aa000042ba96
:1005e0001400a293040042a21500a293050042a2a7
:1005f0000500223a0100422c3c00bf8f3800be8f1c
:100600003400b78f3000b68f2c00b58f2800b48f20
:100610002400b38f2000b28f1c00b18f1800b08f60
:100620000800e0034000bd27f3ff00100100022492
:08063000f1ff0010251000008d
:020000040000fa
:020000041d02db
:10063800d8ffbd272400bfaf2000b3af1c00b2af66
:100648001800b1af4600a0101400b0af3081828fff
:10065800440040101200b084420000062c81838fb1
:100668002a18030240006010259800008018100026
:10067800211043000000428c3c00451425880000ee
:10068800320082940b0040505800a294320080a49b
:100698002200829440004234220082a401000624f1
:1006a800252880003aa2400f2800848c16000010ec
:1006b80025100000010042301a0040102598000063
:1006c8005000b18c5400b38c2800928c0c00a28c82
:1006d800170044501000828c3f00a290ffff422474
:1006e8003f00a2a045b0400f000000000500201206
:1006f80025386002010006242528400209f8200256
:1007080025200002251000002400bf8f2000b38f91
:100718001c00b28f1800b18f1400b08f0800e003de
:100728002800bd2725880000e8ff0010259000005c
:100738000c0040a44000a294000242300600405041
:100748000000a28c500080a422008294c418027c6d
:10075800e6ff0010220082a4fbff00100800a2acf4
:10076800258000002598000025880000ddff001086
:0407780025900000c8
:020000040000fa
:020000041d02db
:10077c00e8ffbd271400bfaf4c00a0101000b0afb5
:10078c0000a0023c2c164c8c2580000080bf083c3d
:10079c000600072400a0033c14166324255800000f
:1007ac0000a0093c1e000010140e29250c006a8cb8
:1007bc000800668c0100c2242b104c000100cd24d3
:1007cc000a6862012d004d112510a0014050100047
:1007dc0021508a0000004d9500600a8d06004a31b8
:1007ec0006004751403006002130c9000000cda062
:1007fc00080062ac0700001001000226213026011f
:10080c00fbff00100000cda40000cda0080062acde
:10081c00010002262b3045001700c01001001026e5
:10082c000060028d06004230e0ff4710000000001f
:10083c000c006a8c0800668c0100c2242b104c0042
:10084c000100cd240a6862010c004d112510a00195
:10085c002150900000004d9100600a8d06004a3135
:10086c00e9ff47552130c9004030060021302601f0
:10087c00e6ff00100000cda42580400083ca400f85
:10088c0000000000050040102510000288bf023c4b
:10089c000010033c681043ac251000021400bf8ffd
:1008ac001000b08f0800e0031800bd27f3ff001004
:0408bc002580a000f3
:020000040000fa
:020000041d02db
:1008c0004c00a010000000004c008014000000004c
:1008d000e0ffbd271c00bfaf1800b1af1400b0afe0
:1008e00000a0103ca826102601000224340002a219
:1008f0000000a28c040002ae0c00428c09f84000fb
:100900002588a0000c0002aec404033c00b463348c
:100910001b006200f401400012180000cc01022408
:100920001a004300f401600012100000020043248a
:10093000200003ae0400228e080002ae100000aebc
:10094000ffff0224180002aeff7f023cffff42348b
:100950001c0002ae240000ae280000ae300000ae45
:100960002c0000a20400028e0000428c252800000a
:10097000029d043c09f84000d48d84240400028eba
:100980001000428c0300401000a0033c09f8400016
:10099000c026648c00a0113ca82630261c00048ec2
:1009a0000400028e1400428c09f840000000000090
:1009b0000400028e0400428c09f840000000000090
:1009c000b40006242528000000a0043c50a6400fd7
:1009d000f425842402000224a82622ae2510000259
:1009e0001c00bf8f1800b18f1400b08f0800e00307
:1009f0002000bd270800e003ffff02240800e003f9
:040a0000ffff0224ce
:020000040000fa
:020000041d02db
:100a0400c0ffbd271000828c3400b7af0400888c6f
:100a14005800b78fffff42243800beaf2800b4afa0
:100a24002400b3af2000b2af1c00b1af1800b0afc8
:100a34003c00bfaf3000b6af2c00b5af2580c0007e
:100a44002588e0005400b38f0c00948c0000fe8ec7
:100a540002000105259040000100082421108202b3
:100a6400000040a025a80000010009240200de3394
:100a7400c3b713001000401e251011022e00205190
:100a84000000e28e3c00bf8f251040023800be8f6c
:100a94003400b78f3000b68f2c00b58f2800b48f88
:100aa4002400b38f2000b28f1c00b18f1800b08fc8
:100ab4000800e0034000bd270a004014252000027e
:100ac400231015010800401c252820025000a28f85
:100ad40023105500e9ff401800000000e7ffc01391
:100ae4000000000025282002253060022538c002bd
:100af4001400a8af413e400fffff52261000a2afe2
:100b040021189202300042242520000225282002c8
:100b1400000062a0253060023f3f400f2538c0022c
:100b240025804000258860000100b5261400a88fa8
:100b3400d0ff00101000a98f0421027cd1ff001007
:040b44000000e2ae1d
:020000040000fa
:020000041d02db
:100b4800e0ffbd271c00bfaf1800b1af1400b0af65
:100b580020008294010003241700431025808000a0
:100b6800201e027c0a006010020003242b004310a0
:100b780000000000eec1400fffff05241c00bf8fde
:100b88001800b18f1400b08f0800e0032000bd27c3
:100b980000800634d8ba400f25280000f8ff40101e
:100ba8001c00bf8f020002241e0002a601000224be
:100bb800f2ff0010200002a6bfba400f252800004f
:100bc800efff40101c00bf8f1ec3400f0000000045
:100bd80055c4400f258840004019020023186200c0
:100be8008018030021106200c0100200e7034224ad
:100bf8006210033cd34d6324190043001010000019
:100c08008211020021105100280002ae02000224c5
:100c18001e0002a6d9ff0010200002a6e1c4400f62
:100c280000000000d6ff40101c00bf8f3a0002866b
:100c380004004004030002241e0002a6cfff001097
:100c4800200000a61ec3400f000000002800038eed
:100c58002b10430006004050ffff05240200022429
:100c68001e0002a601000224c4ff0010200002a6f4
:100c7800eec1400f25200002c1ff00101c00bf8fed
:020000040000fa
:020000041d02db
:100c8800e0ffbd271c00bfaf1800b2af1400b1af22
:100c98001000b0af2580a0002590c000f7a6400f37
:100ca8000100052413004050ffff12242400001205
:100cb8000400518c0b000392feff6324ff00633095
:100cc8000200632c2000601400000000feff1224c4
:100cd800090020122510400200d0400f000000003b
:100ce8000000239201006324000023a207d0400fd4
:100cf80025204000251040021c00bf8f1800b28f2d
:100d08001400b18f1000b08f0800e0032000bd2749
:100d18000400042405006414259000000300022444
:100d2800ebff00100a0002a2010012240500632c48
:100d3800e7ff6014000000001a0000100400468c51
:100d4800e3ff0010feff1224090040120a0003927c
:100d5800fdff6324ff0063300300632c0400605030
:100d68000a00039208000396000043a60a000392b3
:100d7800ffff6424ff0084300300842ceaff801402
:100d88000600642ce2ff8014f7ff0424faff6324b2
:100d9800ff0063300200632cecff12240b908300e9
:100da8000400468c030007248c00c6242528000272
:100db800c7ad400f25202002c5ff0010000000002d
:020000040000fa
:020000041d02db
:100dc800e0ffbd271c00bfaf1800b1af1400b0afe3
:100dd80000606241c0000000ddcf400f000000004d
:100de800008002400300423400808240c0000000be
:100df80088bf023c0040438c020004240410837c1a
:100e0800004043ac0040438c030004240429837c45
:100e1800004043ac88bf023c0020438c8431037cf3
:100e2800002043ac81bf023c00f24390c418037c0d
:100e380000f243a0accb400f00a0113c8fcc400f78
:100e4800cc2a3026e997400f00000000c2c6400fa8
:100e5800000000008db3400f00000000019d053c1c
:100e6800e81fa5248492400f252000000c0002ae44
:100e7800019d053c081da5243082400f2520000057
:100e8800cc2a22ae019d053ce01ca52470b1400f80
:100e980025200000040002ae019d043c67b7400f06
:100ea800dc1c8424019d053cd01ca52445ce400fa4
:100eb80025200000100002ae019d053c2c1da52434
:100ec8001131400f2520000044c3400f140002ae2a
:100ed800dbcd400f080002ae8557400f0000000030
:100ee800cfc5400f00000000206062411c00bf8f8a
:100ef8001800b18f1400b08f0800e0032000bd2750
:020000040000fa
:020000041d02db
:100f0800d0ffbd272c00bfaf2800b5af2400b4af79
:100f18002000b3af1c00b2af1800b1af1400b0afdf
:100f28005c80838f010002240a0062105880828f3f
:100f38002c00bf8f2800b58f2400b48f2000b38ffa
:100f48001c00b28f1800b18f1400b08f0800e003a6
:100f58003000bd27f6ff4018020002245c8082aff3
:100f68001800828c01001324049853005080828f4b
:100f780023004010259080002588000011000010f3
:100f8800010014240004b57e360002960400827e17
:100f9800360002a600200624252800006696400f89
:100fa80025200002360002960400a27e360002a622
:100fb800010031265080828f2b10220211004050f0
:100fc8001c00438e801011006080838f2110620006
:100fd8000000508cf7ff0052010031264ed0400f20
:100fe8004000048ef2ff4004041054002410530003
:100ff800f0ff405001003126e2ff00103400158e4a
:101008001c00438e02000224040062105880828f64
:1010180001000224c6ff00105c8082afffff42245b
:10102800fbff4014588082af20a7400f000000004b
:08103800bfff00105c8080afd7
:020000040000fa
:020000041d02db
:10104000d8ffbd272400bfaf2000b3af1c00b2af54
:101050001800b1af1400b0af258880002598a0001b
:101060002590c0001800908c0c00028e100002ae7b
:101070002800828c0400428c0c0002ae5b56400fac
:1010800002000496020002a65b56400f060004967a
:10109000060002a608000292040040541000238ead
:1010a00064000224080002a21000238e0000058eb6
:1010b000802805003c00a5300c0062942110a2009d
:1010c0000d0060160c0062a4110040561400248e1e
:1010d0002200229602004234220022a62400bf8f62
:1010e0002000b38f1c00b28f1800b18f1400b08f96
:1010f0000800e0032800bd270a0000a625300000f4
:101100006356400f25200002efff00100a0002a6e0
:10111000060082240300438800004398030083a84c
:10112000000083b804004390040083a005004390ae
:10113000050083a02800238e3c0065240a280300b4
:101140002518a0000300a58800006598030045a8a5
:10115000000045b804006490040044a005006390ba
:10116000050043a01000238e0c0062940e00422460
:08117000d7ff00100c0062a47f
:020000040000fa
:020000041d02db
:10117800c0ffbd273c00bfaf3800beaf3400b7afdb
:101188003000b6af2c00b5af2800b4af2400b3af21
:101198002000b2af1c00b1af1800b0af25a080008e
:1011a80025b8a0000800a2241000a2afe279400fe1
:1011b80025204000310040103c00bf8f25a840008a
:1011c800259840000000928e200096261c00908ee4
:1011d800238016022a1050000b0040100400918e44
:1011e800019d023c30525e240000428e2528c00337
:1011f80009f8400025202002ffff1026fbff70564b
:101208000000428e2580a0020b000012ffff13266b
:10121800019d023c34525e24ffff10240000428ee0
:101228002528c00309f8400025202002ffff732667
:10123800fbff70560000428e1000a58f9c6c400f7b
:101248002520c0020000428e019d053c3852a5248d
:1012580009f84000252020020000428e2528c002ff
:1012680009f840002520200221a8d5021c0095aecf
:10127800180095aed40097ae3c00bf8f3800be8fe3
:101288003400b78f3000b68f2c00b58f2800b48f8c
:101298002400b38f2000b28f1c00b18f1800b08fcc
:0812a8000800e0034000bd272f
:020000040000fa
:020000041d02db
:1012b0000c00828c0019427c80100200ecff42245a
:1012c000ff0042303d004010010009241400842436
:1012d000214082001d00001002000a240300422c5d
:1012e0003a00401400000000f8ffbd270000a0a74e
:1012f00001006490040002240d00825002006290fc
:101300000000a297ffff4330b505632c0100605039
:10131000b4050224ffff43301802632c010060541f
:1013200018020224ffff42300800e0030800bd2736
:101330000100a2a303006290f1ff00100000a2a32d
:101340002120640023104500ff0042302138820034
:1013500025188000ffff42242120820023108300f3
:101360001e006710ff0042302b2868001100a010fb
:101370000000000001006624ffffc5901100a010ce
:1013800000000000f5ffa9502518c000d3ffaa10e7
:101390000200442c0f008014000000000100659042
:1013a0002b204500e6ff80500200a4240800e00343
:1013b000180202240800e003180202240800e003d7
:1013c000180202240800e003180202240800e003c7
:1013d000180202240800e003180202240800e003b7
:0413e00018020224c9
:020000040000fa
:020000041d02db
:1013e400d8ffbd272400bfaf2000b3af1c00b2afad
:1013f4001800b1af02000224360082101400b0af0e
:101404002580c0000400c0102588a0000000c28c04
:101414001200401425280000253800002530200241
:10142400252800001838400f0100042425884000b6
:10143400ffff02242b002216801011002510200229
:101444002400bf8f2000b38f1c00b28f1800b18f0f
:101454001400b08f0800e0032800bd27e5c2400f48
:101464002520c0001d0040102598400025380000ac
:1014740025302002252800001838400f01000424dc
:1014840025884000ffff0224ecff22128010110087
:101494006080838f211062000000528c400053aea4
:1014a400253000026f004592a1c3400f2520400261
:1014b4006c00429601000324446b627c6c0042a6db
:1014c4006c004296010003248473627cdbff0010ed
:1014d4006c0042a6d9ff0010ffff1124d7ff0010b3
:1014e400ffff11246080838f211062000000528c62
:1014f400400040ae253000026f004592a1c3400f6a
:1015040025204002ceff005225102002edff0010de
:041514006c0042968f
:020000040000fa
:020000041d02db
:10151800d8ffbd272400bfaf2000b4af1c00b3af75
:101528001800b2af1400b1af1000b0af3a00e0102d
:101538003800b48f020002240600c2100100022401
:101548003600c21425800000dc00918c03000010d6
:10155800e000908cd400918cd800908c2590e0000d
:101568000000028e050040102598a0002b00605254
:1015780025806002160000102580000025308002ba
:101588001800052409f8e000010004242300405055
:10159800258000000000038e000043ac0400632493
:1015a80000e0637c140043ac000002ae0400038e2c
:1015b800eeff6050040002aeecff001000000000d7
:1015c800000022ae0100102615007012251000023e
:1015d800253080021800052409f84002010004247f
:1015e8000f00405025100002000040ac140040ac31
:1015f8000400238ef2ff6050040022ae000062acab
:101608000400248e0400432400e0637c140083acaf
:10161800ecff0010040022ae258000002510000217
:101628002400bf8f2000b48f1c00b38f1800b28f26
:101638001400b18f1000b08f0800e0032800bd2708
:020000040000fa
:020000041d02db
:101648004300a010000000000000a28c42004010df
:101658000000000042008010000000004200839457
:101668004000633003006014251000000800e00308
:1016780000000000e0ffbd271c00bfaf1800b2af9c
:101688001400b1af1000b0af2588c0002580a000bd
:1016980000a0023c4ed0400f7429528c0019020061
:1016a80023106200801002002190420225280002c7
:1016b800d694400f0000448e2b0040102580400037
:1016c80000004394c0006330070060142510000038
:1016d8001c00bf8f1800b28f1400b18f1000b08f9c
:1016e8000800e0032000bd270900205200000396ef
:1016f8001000028e030022aa000022ba14000292ef
:10170800040022a215000292050022a200000396fe
:1017180080006330eeff601001000224140052269e
:10172800040011262528200274ab400f2520400212
:1017380000a0023c8429428c0c0002ae252820021d
:101748007cac400f25204002e1ff0010010002247c
:101758000800e003251000000800e0032510000041
:101768000800e00325100000d9ff00102510000034
:020000040000fa
:020000041d02db
:10177800d0ffbd272c00bfaf2800b3af2400b2af05
:101788002000b1af1c00b0af258080000300022408
:101798001600a2100400918c0000828c0000428c7c
:1017a800009d053c5835a52409f840002520200255
:1017b8000000028e0000428c009d053c8435a52463
:1017c80009f8400025202002251800002510600097
:1017d8002c00bf8f2800b38f2400b28f2000b18f58
:1017e8001c00b08f0800e0033000bd272590c00022
:1017f80052b2400f0400c48c1400401025984000d9
:101808000000028e0400428c0800468e009d053cb4
:10181800b035a52409f84000252020021000a5278e
:101828003c81400f0800448e10004014009d053c88
:101838000000028e0000428cc035a52409f8400043
:1018480025202002e1ff0010251800000000028e6c
:101858000000428c009d053c8034a52409f8400016
:1018680025202002d9ff0010251800001000a52708
:10187800fbc3400f25206002d4ff4014010003245d
:101888000000028e0000428c009d053ce035a52436
:1018980009f8400025202002ccff00102518000080
:020000040000fa
:020000041d02db
:1018a800d8ffbd272400bfaf2000b4af1c00b3afe2
:1018b8001800b2af1400b1af1000b0af259080008f
:1018c8002588a00025a0c00075bf400f2598e0001e
:1018d8003d00401000a0023ca826438c02000224d0
:1018e8000c006210ffff1024e0c5400f000000004c
:1018f800251000022400bf8f2000b48f1c00b38f76
:101908001800b28f1400b18f1000b08f0800e003e8
:101918002800bd27f4ff20122b103202f2ff4014da
:1019280000a0023cf42542900c00401000a0023cac
:1019380018264224010003240500052400004490d1
:101948000a0080100100042401006324fbff6514d1
:1019580024004224e4ff0010ffff10242518000093
:1019680000a0023cf425422401000424000044a005
:10197800010040a0180040a0190040a03800a48f22
:10198800040044ac080051ac100054ac140053ac33
:10199800238832020c0051ac2c8084970084040008
:1019a800ffff633025800302200050ac0100822431
:1019b800ffff4230ffff4438010003240a1064008f
:1019c800c9ff00102c8082a7c9ff0010ffff102458
:020000040000fa
:020000041d02db
:1019d800feff0924405005004058070025586401bf
:1019e8002558660125504b010300401500000000f2
:1019f8003c00001000000224020080104040050056
:101a080001000825e0ff013c010021342b080101f9
:101a180037002010000000000200c01040400700fe
:101a280001000825e0ff013c010021342b080101d9
:101a38002f002010000000001600a1040000000084
:101a48000300e0040000000026000010ffff02244d
:101a58002b508600232086002b58aa002328aa0092
:101a68002b50a70025504b01030040112328a70045
:101a78001c000010010002242550a400030040119e
:101a88000000000017000010ffff022415000010de
:101a9800000002240300e10400000000110000100f
:101aa800010002242b508600232086002b58aa0010
:101ab8002328aa002b50a70025504b0103004011f2
:101ac8002328a70007000010ffff02242550a400c8
:101ad8000300401100000000020000100100022471
:101ae800000002240800e0030000000000000000dd
:0c1af800fcff0010251009000000000099
:020000040000fa
:020000041d02db
:101b0400feff092440500500405807002558640191
:101b14002558660125504b010300401500000000c4
:101b24003c00001000000224020080104040050028
:101b340001000825e0ff013c010021342b080101cc
:101b440037002010000000000200c01040400700d1
:101b540001000825e0ff013c010021342b080101ac
:101b64002f002010000000001600a1040000000057
:101b74000300e0040000000026000010ffff022420
:101b84002b508600232086002b58aa002328aa0065
:101b94002b50a70025504b01030040112328a70018
:101ba4001c000010010002242550a4000300401171
:101bb4000000000017000010ffff022415000010b1
:101bc400000002240300e1040000000011000010e2
:101bd400010002242b508600232086002b58aa00e3
:101be4002328aa002b50a70025504b0103004011c5
:101bf4002328a70007000010ffff02242550a4009b
:101c04000300401100000000020000100100022443
:101c1400000002240800e0030000000000000000af
:0c1c2400fcff0010010002340000000072
:020000040000fa
:020000041d02db
:101c3000d8ffbd272400bfaf2000b3af1c00b2af58
:101c40001800b1af1400b0af258080002588c00017
:101c5000030002241700a2100400928c0000828c62
:101c60000400428c0000c68c009d053c882ca524f5
:101c700009f84000252040020000028e0400428c3a
:101c80000000268e009d053cac2ca52409f84000e0
:101c900025204002251000002400bf8f2000b38fb4
:101ca0001c00b28f1800b18f1400b08f0800e00341
:101cb0002800bd2752b2400f0400c48c170040100a
:101cc000020006240800338e009d053cd82ca52474
:101cd0000cac400f25206002080040500000028e2e
:101ce00002000624009d053cdc2ca5240cac400f12
:101cf00025206002110040140000028e0400428c76
:101d00000000268e009d053cf42ca52409f8400017
:101d100025204002e0ff0010010002240000028e96
:101d20000000428c009d053cc42ca52409f840000d
:101d300025204002d8ff0010251000000000428c32
:101d4000009d053ce02ca52409f840002520400218
:081d5000d1ff00102510000076
:020000040000fa
:020000041d02db
:101d5800e0ffbd271c00bfaf1800b1af1400b0af43
:101d6800b880838f01006224b88082af06006010bb
:101d7800010002241c00bf8f1800b18f1400b08f1f
:101d88000800e0032000bd272580a00000d0400ff8
:101d98002588800001000324b48083a307d0400f66
:101da8002520400027000012b08080af0000059277
:101db800248085a30c00248ec08084af0800828c08
:101dc80009f840002800062420004010bc8082af9b
:101dd80025300000029d053c786aa5246ab5400fad
:101de8001d0004241e004010b08082af248084931c
:101df800e0ff801001000224bc80828f801804005c
:101e080021186400c018030021186200ffff042491
:101e18000a0040a01c0044a4140040ac180040acc8
:101e28001e0040a4200040a4220040a4260040a494
:101e380028004224f7ff43540a0040a0cdff0010b9
:101e480001000224daff001004000524b880828f04
:101e5800ffff4224b88082afc6ff001025100000a3
:101e6800c080848f0c00828c09f84000bc80858f6c
:081e7800c0ff0010251000005e
:020000040000fa
:020000041d02db
:101e8000d0ffbd272c00bfaf2800b6af2400b5aff0
:101e90002000b4af1c00b3af1800b2af1400b1af54
:101ea0001000b0af2598a00025a8c0002588e0004c
:101eb0000000d28c4000a693eda7400f25284002d9
:101ec000290040502528400234002012258040007f
:101ed000252840020900001025a00000ffffd6328f
:101ee0001700c0162530c0020000108e20000052de
:101ef0000000a5ae1d0020120800128e0e000396f1
:101f00000800028e21104300231052000c0003969b
:101f1000ffff64302b20240202008010ffff4230bc
:101f20002518200225b06000ffff63302b18430006
:101f3000eaff605425b04000e9ff0010ffffd632f1
:101f4000252840028879400f2520600221987602da
:101f500023883602ffff31322128560221a0d40205
:101f6000e1ff0010ffff943225a000000000a5aea5
:101f7000251080022c00bf8f2800b68f2400b58f5b
:101f80002000b48f1c00b38f1800b28f1400b18fe3
:101f90001000b08f0800e0033000bd2725a020020c
:081fa000f2ff001025284002a9
:020000040000fa
:020000041d02db
:101fa800e0ffbd271c00bfaf1800b1af1400b0aff1
:101fb800200082940800401025808000010003243e
:101fc800260043504400828ceec1400ff7ff0524e1
:101fd8001c0000101c00bf8f0c00828c2000428c5b
:101fe8001000428c1b004050019d023c440002ae90
:101ff8001ec3400f400000ae55c4400f2588400066
:1020080040190200231862008018030021106200a2
:10201800c0100200e70342246210033cd34d63243e
:102028001900430010100000821102002110510015
:10203800280002ae010002241e0002a6200002a60b
:102048001c00bf8f1800b18f1400b08f0800e00388
:102058002000bd27e5ff0010842c4224252880009d
:10206800029d043c09f84000484784240e00405073
:10207800020002240f004004252840001ec3400f20
:10208800000000002800038e2b104300edff405491
:102098001c00bf8ffeff0524eec1400f2520000263
:1020a800e8ff00101c00bf8f1e0002a6e4ff00100e
:1020b800200000a6eec1400f25200002e1ff00101d
:0420c8001c00bf8faa
:020000040000fa
:020000041d02db
:1020cc0025408500030008313d0000150101093c45
:1020dc0001012935c07909000000828c0000a38c15
:1020ec00234049000400431024400f0100008424c5
:1020fc00330000100000a52405000011246003012a
:10210c0003008811000000000800e0032510000007
:10211c000400828c0400a38c23404900040043106b
:10212c0024400f0104008424250000100400a52481
:10213c000500001124600301030088110000000059
:10214c000800e003251000000800828c0800a38c16
:10215c00234049000400431024400f01080084244c
:10216c00170000100800a5240500001124600301cd
:10217c0003008811000000000800e0032510000097
:10218c000c00828c0c00a38c2340490004004310eb
:10219c0024400f010c008424090000100c00a5241d
:1021ac0010008424ccff00111000a524246003012e
:1021bc00caff88110000828c0800e0032510000083
:1021cc00000088900000a9900300001101008424f5
:1021dc00fbff09110100a5240800e00323100901ed
:020000040000fa
:020000041d02db
:1021ec00e8ffbd271000b0af258080005400038e9f
:1021fc005000848c25108300110040101400bfafd8
:10220c005c00028e2a2843000d00a0140000000080
:10221c00060043544c0000ae5800028e2b104400b4
:10222c0007004014000000004c0000aeffff022429
:10223c001400bf8f1000b08f0800e0031800bd27fa
:10224c0035c0400f25200002f8ff42044c0000aec0
:10225c005000048e5400068e4000038e3c00078e06
:10226c002540860014000011252860005800098eb6
:10227c005c00058e234089002b5088002328c50064
:10228c00233067002328aa00c35706002a584501ab
:10229c0009006055252860000500aa54ffff84241e
:1022ac002b40c8000400001525286000ffff842483
:1022bc00232089002128e4000c0060104c0005ae9e
:1022cc005800048e5c00058e2318670001006324ff
:1022dc00c3370300211883002b2064002128a6009b
:1022ec0021208500580003ae5c0004aeffffe39094
:1022fc00cfff6254ffffe2a0ceff00101400bf8f8f
:020000040000fa
:020000041d02db
:10230c001800838c4300601403000224d8ffbd27ff
:10231c002400bfaf2000b0af36008294030003242a
:10232c001900431025808000ffff43240200632c1a
:10233c002800601001000324280043101800a32774
:10234c001000828c1400a3af1000a0af3000428ca0
:10235c003a0087943c00868c3800859409f840003c
:10236c001400848c14004054180002ae1800a28f84
:10237c000200423803000424feff03240a188200e2
:10238c0010000010251060001000828c1800a3278c
:10239c001000a3af2c00428c253800003c00868c2a
:1023ac003800859409f840001400848cf0ff4050ec
:1023bc001800a28f180002ae0200032401000224b0
:1023cc00340003a62400bf8f2000b08f0800e00368
:1023dc002800bd27fbff0010ffff02241000828c99
:1023ec001400a3af010003241000a3af3000428cf3
:1023fc003a0087943c00868c3800859409f840009c
:10240c001400848cd9ff401025180000ecff00103c
:0c241c00251000000800e0030000000094
:020000040000fa
:020000041d02db
:102428000300c0142510e0000800e00300000000cd
:10243800d0ffbd272c00bfaf2800b5af2400b4af34
:102448002000b3af1c00b2af1800b1af1400b0af9a
:102458002590a0002588c0002598e000eda7400f32
:102468000100062428004010258040000a000010c2
:1024780025a000002ba823020b18350210006014b9
:1024880025a860000000108e1f0000120000000048
:102498001d0020120800128e0e0002960800038efe
:1024a80021186200231872000c000296f1ff4010f8
:1024b800ffff63302b206200eeff00100a18440073
:1024c80025300000252860006356400f2520400273
:1024d800271002000100833207006014ffff42301a
:1024e80023883502ffff313221a0b402ffff943266
:1024f800e4ff0010219862025b56400f252040003f
:10250800f8ff00102388350297cf400f252060027e
:1025180027100200ffff42302c00bf8f2800b58f24
:102528002400b48f2000b38f1c00b28f1800b18f25
:0c2538001400b08f0800e0033000bd2745
:020000040000fa
:020000041d02db
:102544004200c01000000000fcffa524ff00a530dd
:102554000400a52c3f00a01000000000d0ffbd2700
:102564002c00bfaf2800b1af2400b0af2580c0005d
:10257400258880002530000072ba400f9c00052495
:1025840006004050010002242c00bf8f2800b18fa8
:102594002400b08f0800e0033000bd271000a2af74
:1025a40001000724070006249c0005242098400ffe
:1025b40025202002f5ff40142c00bf8f01000524c4
:1025c40006a9400f25202002f0ff40142c00bf8fe5
:1025d400bbb7400f252020021800a527c1b5400f26
:1025e40025202002e9ff40142c00bf8f252800007d
:1025f40006a9400f25202002e4ff40142c00bf8fc1
:102604000100052406a9400f25202002dfff401405
:102614002c00bf8fbbb7400f25202002dbff4014e6
:102624002c00bf8f25280002c1b5400f25202002b1
:10263400d6ff40542c00bf8f2528000006a9400f68
:1026440025202002d1ff00102c00bf8f0800e003da
:0c265400010002240800e0030100022441
:020000040000fa
:020000041d02db
:10266000d0ffbd272c00bfaf2800b3af2400b2af0e
:102670002000b1af1c00b0af258080000300022411
:102680001500a2100400918c0000828c0000428c86
:10269000009d053cb436a52409f840002520200201
:1026a0000000028e0000428c009d053cf036a524ff
:1026b00009f8400025202002251000002c00bf8fc3
:1026c0002800b38f2400b28f2000b18f1c00b08f80
:1026d0000800e0033000bd272590c00052b2400f33
:1026e0000400c48c0d004010259840001000a52760
:1026f0001161400f0800448e10004014009d053cfd
:102700000000028e0000428c1437a52409f8400016
:1027100025202002e9ff0010251000000000028e95
:102720000000428c009d053c8034a52409f840003f
:1027300025202002e1ff0010251000001000a52731
:102740004dcc400f252060020000038e070040148e
:102750000000638c009d053c9436a52409f86000b8
:1027600025202002d5ff001025100000009d053c0b
:08277000faff00107836a524e1
:020000040000fa
:020000041d02db
:102778000004a3000000000014fb029dd8aa029ddb
:10278800588a029dc8b0029d4067029d0100000062
:102798000200000008000000040000001000000013
:1027a80020000000400000008000000046524d5408
:1027b800584f4b20000000000c3d039d46524d52df
:1027c800584f4b2000000000f03c039d52584255e2
:1027d80046434e5400000000d43c039d52584f56c7
:1027e800464c4f5700000000b83c039d46435345f4
:1027f80052524f52000000009c3c039d414c474ef2
:102808004552522000000000803c039d53434f4c2a
:1028180046524d2000000000643c039d4d434f4c40
:1028280046524d2000000000483c039d4010010026
:102838006834039d38bf009dc801039de445039d8e
:10284800f40d039d10b4019d54f5029d0818039dd5
:1028580094a6029d8cf6019dec45039d6893019d0d
:10286800444d019d0031029d94c8019d5cb1029dbb
:10287800b858029df8a5029d0ca5019d2855029dfa
:042888006038039d14
:020000040000fa
:020000041d02db
:10288c00d0ffbd272c00bfaf2800b5af2400b4afdc
:10289c002000b3af1c00b2af1800b1af1400b0af42
:1028ac002588800025a0a0001400828c09f8400027
:1028bc001000958c258040000c00228e28004010c2
:1028cc00259000000800328e0000228e0218127231
:1028dc002190620000004296010042301700401027
:1028ec00259800001c00228e2530800225284002ed
:1028fc0009f8400025202002190040102180150203
:10290c000c00228e2b2002022318020201007326d7
:10291c002b1062021c0040100a8064000800328eea
:10292c000000228e02181272219062000000429662
:10293c0001004230ecff40541c00228e2000228efd
:10294c00253080022528400209f84000252020026d
:10295c00020053a62400228e01004224240022ae41
:10296c00251040022c00bf8f2800b58f2400b48f97
:10297c002000b38f1c00b28f1800b18f1400b08fe1
:10298c000800e0033000bd27f5ff00102590000083
:020000040000fa
:020000041d02db
:10299c0000e85d4100701a4000601b4090ffbd27ad
:1029ac006c00baaf02601a406800bbaf6400baafeb
:1029bc0044781b7c000c7b3700609b405400bfaffd
:1029cc005000b9af4c00b8af4800afaf4400aeaf49
:1029dc004000adaf3c00acaf3800abaf3400aaaf99
:1029ec003000a9af2c00a8af2800a7af2400a6afd9
:1029fc002000a5af1c00a4af1800a3af1400a2af19
:102a0c001000a1af121000005c00a2af1018000063
:102a1c005800a3af20c8400f000000005c00a28f3c
:102a2c00130040005800a38f110060005400bf8faa
:102a3c005000b98f4c00b88f4800af8f4400ae8f58
:102a4c004000ad8f3c00ac8f3800ab8f3400aa8fa8
:102a5c003000a98f2c00a88f2800a78f2400a68fe8
:102a6c002000a58f1c00a48f1800a38f1400a28f28
:102a7c001000a18f00606041c00000006c00ba8f94
:102a8c006800bb8f00709a406400ba8f7000bd273d
:102a9c0002609a4000e8dd4100609b401800004253
:020000040000fa
:020000041d02db
:102aac0000e85d4100701a4000601b4090ffbd279c
:102abc006c00baaf02601a406800bbaf6400baafda
:102acc0044781b7c00047b3700609b405400bfaff4
:102adc005000b9af4c00b8af4800afaf4400aeaf38
:102aec004000adaf3c00acaf3800abaf3400aaaf88
:102afc003000a9af2c00a8af2800a7af2400a6afc8
:102b0c002000a5af1c00a4af1800a3af1400a2af07
:102b1c001000a1af121000005c00a2af1018000052
:102b2c005800a3afceb8400f000000005c00a28f8d
:102b3c00130040005800a38f110060005400bf8f99
:102b4c005000b98f4c00b88f4800af8f4400ae8f47
:102b5c004000ad8f3c00ac8f3800ab8f3400aa8f97
:102b6c003000a98f2c00a88f2800a78f2400a68fd7
:102b7c002000a58f1c00a48f1800a38f1400a28f17
:102b8c001000a18f00606041c00000006c00ba8f83
:102b9c006800bb8f00709a406400ba8f7000bd272c
:102bac0002609a4000e8dd4100609b401800004242
:020000040000fa
:020000041d02db
:102bbc0000e85d4100701a4000601b4090ffbd278b
:102bcc006c00baaf02601a406800bbaf6400baafc9
:102bdc0044781b7c00107b3700609b405400bfafd7
:102bec005000b9af4c00b8af4800afaf4400aeaf27
:102bfc004000adaf3c00acaf3800abaf3400aaaf77
:102c0c003000a9af2c00a8af2800a7af2400a6afb6
:102c1c002000a5af1c00a4af1800a3af1400a2aff6
:102c2c001000a1af121000005c00a2af1018000041
:102c3c005800a3af433d400f000000005c00a28f82
:102c4c00130040005800a38f110060005400bf8f88
:102c5c005000b98f4c00b88f4800af8f4400ae8f36
:102c6c004000ad8f3c00ac8f3800ab8f3400aa8f86
:102c7c003000a98f2c00a88f2800a78f2400a68fc6
:102c8c002000a58f1c00a48f1800a38f1400a28f06
:102c9c001000a18f00606041c00000006c00ba8f72
:102cac006800bb8f00709a406400ba8f7000bd271b
:102cbc0002609a4000e8dd4100609b401800004231
:020000040000fa
:020000041d02db
:102ccc0000e85d4100701a4000601b4090ffbd277a
:102cdc006c00baaf02601a406800bbaf6400baafb8
:102cec0044781b7c00087b3700609b405400bfafce
:102cfc005000b9af4c00b8af4800afaf4400aeaf16
:102d0c004000adaf3c00acaf3800abaf3400aaaf65
:102d1c003000a9af2c00a8af2800a7af2400a6afa5
:102d2c002000a5af1c00a4af1800a3af1400a2afe5
:102d3c001000a1af121000005c00a2af1018000030
:102d4c005800a3af4acf400f000000005c00a28fd8
:102d5c00130040005800a38f110060005400bf8f77
:102d6c005000b98f4c00b88f4800af8f4400ae8f25
:102d7c004000ad8f3c00ac8f3800ab8f3400aa8f75
:102d8c003000a98f2c00a88f2800a78f2400a68fb5
:102d9c002000a58f1c00a48f1800a38f1400a28ff5
:102dac001000a18f00606041c00000006c00ba8f61
:102dbc006800bb8f00709a406400ba8f7000bd270a
:102dcc0002609a4000e8dd4100609b401800004220
:020000040000fa
:020000041d02db
:102ddc00000102040703060500000000ffffffffcf
:102dec00ffffffffffffffffffffffffffffffffe7
:102dfc00ffffffffffffffffffffffffffffffffd7
:102e0c00ffffffffffffffffffffffffff000102c0
:102e1c0003040506070809ffffffffffffff0a0b6e
:102e2c000c0d0e0f101112131415161718191a1b5e
:102e3c001c1d1e1f20212223ffffffffffff0a0b7b
:102e4c000c0d0e0f101112131415161718191a1b3e
:102e5c001c1d1e1f20212223ffffffffffffffff72
:102e6c00ffffffffffffffffffffffffffffffff66
:102e7c00ffffffffffffffffffffffffffffffff56
:102e8c00ffffffffffffffffffffffffffffffff46
:102e9c00ffffffffffffffffffffffffffffffff36
:102eac00ffffffffffffffffffffffffffffffff26
:102ebc00ffffffffffffffffffffffffffffffff16
:102ecc00ffffffffffffffffffffffffffffffff06
:102edc00ffffffffffffffffffffffffff000000f3
:020000040000fa
:020000041d02db
:102eec00d0ffbd272c00bfaf2800b5af2400b4af76
:102efc002000b3af1c00b2af1800b1af1400b0afdc
:102f0c0025a880002588a00025a0c0004fca400f2e
:102f1c002598e00033004010258040001500201655
:102f2c003c0052940a00401625100000280014a6fc
:102f3c00400002968410027c400002a642000296d9
:102f4c00010003244408627c420002a60100022412
:102f5c002c00bf8f2800b58f2400b48f2000b38fb6
:102f6c001c00b28f1800b18f1400b08f0800e00362
:102f7c003000bd27ffff23260200632cf4ff6010f6
:102f8c00251000000400405242000296f1ff511639
:102f9c002c00bf8f420002964408027c420002a61d
:102fac00e2ff60123c0011a62530600225282002a9
:102fbc00c0ab400f2520a002050040503c0012a6db
:102fcc00400002960421027cd8ff0010400002a6ab
:102fdc0042000396010004244408837cdcff0010ab
:0c2fec00420003a6daff001025100000d0
:020000040000fa
:020000041d02db
:102ff800e0ffbd271c00bfaf1800b1af1400b0af91
:10300800258080005fbf400f8800848c2528000041
:10301800dcaa400f25200002a9cd400f8800048ead
:103028003880828f0c0002560c00048e5fbf400f60
:103038008800048ea9cd400f8800048e9c0000ae45
:10304800900000ae8c0000ae980000ae940000ae78
:10305800388080af0c00048effff02240600821027
:103068003800118e1800228e09f840000000000078
:10307800ffff02240c0002ae0800048effff0224aa
:1030880007008210253800020800228e09f8400047
:1030980000000000ffff0224080002ae25380002ed
:1030a800039d063cecd7c62402000524cea6400f9b
:1030b8002520000225300000feff0524389a400f25
:1030c8002520000225380002039d063c2ccfc6248b
:1030d80001000524cea6400f25200002100000aef6
:1030e800140000a61c00bf8f1800b18f1400b08f09
:0830f8000800e0032000bd27e1
:020000040000fa
:020000041d02db
:10310000d8ffbd272400bfaf2000b1af1c00b0af77
:1031100000a0023cd82342242e008214faff10247f
:10312000370080102538400000a0103c039d063c6d
:103130002801c62425280000346c400f25204000bb
:103140009880400fd8230426d82310262a001096f2
:1031500021000012251000021000a0af00a0023cc8
:103160004024428c040040100500052400a0043ccb
:1031700009f84000bc2484241000a52700a0113cbd
:10318000aec4400fd8232426d82331266800228ecf
:10319000040040100600052400a0043c09f840008b
:1031a000bc2484241000a28f2a1802020900605453
:1031b0002580000000a0033c042465940b00a014ab
:1031c00004000624232802020900a05400a0043ca5
:1031d00025800000251000022400bf8f2000b18f41
:1031e0001c00b08f0800e0032800bd2700a0043cad
:1031f0003870400fd8238424f6ff0010258000008b
:08320000f4ff0010faff102496
:020000040000fa
:020000041d02db
:10320800e0ffbd271c00bfaf1800b2af1400b1af7c
:103218001000b0af258080002588a000c8bd400ff1
:103228002590c000160040101c00bf8f1c00238e84
:1032380018007010253000000400c3248018030013
:10324800211803020000638c0a0060142518c000ce
:103258008020060021200402010063240200652c5e
:103268001200a010040084241000858cfbffa050dd
:10327800010063241c0030ae290023a21c00bf8f6c
:103288001800b28f1400b18f1000b08f0800e0034f
:103298002000bd272b0023920800601429002692e5
:1032a8000200c32ce5ff60140400c3240500401687
:1032b80000000000f1ff001025104002f8ff001088
:1032c8000100c624edffc058251000001000038e31
:1032d800e8ff6014251800000200c628e7ffc05464
:1032e800251000001400038ee2ff6014010003247f
:1032f800e2ff001025100000e0ff0010251000007c
:08330800dcff001001000324aa
:020000040000fa
:020000041d02db
:103310000500a010000000003c008394010002247e
:10332000030062501000033c0800e00300000000ae
:10333000d8ffbd272400bfaf2000b2af1c00b1af43
:103340001800b0af1800a28c0c00468c1c0086ac94
:103350004000828c0001632424104300010040508f
:10336000140086ac2588a0001800a28c1000528c96
:103370001000b2af200092ac400082942000423096
:1033800010004010258080002800228e240002ae0c
:103390004200029620004230050040142400bf8ff6
:1033a0001c00228e00004294280002a62400bf8f39
:1033b0002000b28f1c00b18f1800b08f0800e0030e
:1033c0002800bd271000a52795bc400f2800248e9b
:1033d000eeff40542800228ef0005232e00002241a
:1033e000e9ff42121000a28f1800038e06006250ff
:1033f0004000029640000396c439037c400003a6b7
:10340000180002ae40000296010003248431627c61
:08341000ddff0010400002a6e0
:020000040000fa
:020000041d02db
:10341800010002243c00a214000000003f0082903a
:103428003e0083902b10430039004010000000003c
:10343800e0ffbd271c00bfaf1800b1af1400b0af4c
:1034480040008294c002477cc03b07000002423023
:1034580003004010440003240400e7345c00032404
:103468002588c000258080000200e734100086947b
:1034780008000524b3b8400f252060001300401051
:10348800029d033c38066324080043ac0c0050ac92
:103498004000039600026330110060501c00438c0a
:1034a8001000438c44004424000064ac0100032451
:1034b800540043a4251800000b002056000003ae5a
:1034c8003f000392010063243f0003a21c00bf8f4a
:1034d8001800b18f1400b08f0800e0032000bd274a
:1034e800f5ff0010080063241000049621206400f2
:1034f800040004ae080003ae010003243c0003a648
:10350800efff00100c0002ae0800e00325100000d9
:083518000800e003251000008b
:020000040000fa
:020000041d02db
:1035200048ffbd27b400bfafb000b1afac00b0af33
:103530003700e010d400b18f2d00205253ff10242b
:103540000400801080000224cc00a28f32004010c2
:1035500080000224d800a38f310062142510e000ff
:103560002538a00025808000e000a38f1800a3afbd
:10357000dc00a38f1400a3af1000a6afc800a68f75
:10358000252840002794400f2000a4271400405411
:10359000ffff10240700001280000624d000a68f31
:1035a000cc00a58f4580400f2000a42716004014b2
:1035b0008000062425282002432d400f2000a42748
:1035c00007004014ffff1024800006242528200255
:1035d000432d400f2000a4272b100200238002005f
:1035e000a5c9400f2000a427ffff03240b80620021
:1035f00025100002b400bf8fb000b18fac00b08fb7
:103600000800e003b800bd27f5ff0010ffff1024fd
:10361000f7ff001053ff1024f5ff001053ff102494
:08362000f3ff0010ffff10246e
:020000040000fa
:020000041d02db
:103628000080013c2430a10040380500423d0700dd
:10363800ff0701242b00e1100000000033040924d7
:10364800233827013500e12c0b002014000000006e
:103658002000e004000000002d00c0100000000061
:1036680040480500254824012600201500000000d8
:1036780027000010000000000500c0100000000036
:103688002b48040023200400232805002328a90030
:103698001f00e930010008240440280123400800e5
:1036a8002000e12c04002014000000000000042485
:1036b800020000102428a800242088000500c0105b
:1036c800000000002b4804002320040023280500e4
:1036d8002328a90025100400251805000800e00388
:1036e800000000000f00013cffff21342448a10026
:1036f800254824010900201500000000f5ff0010ee
:1037080000000000f0bf053cf2ff00100000042498
:1037180025280600efff001000000424f8ff053cf0
:08372800ecff00100000042476
:020000040000fa
:020000041d02db
:103730000000a38c3d0060102538000025580000d3
:103740002548000001000c242400001000e08a7cc1
:103750000000c3ac0400628c8007427c120040145d
:103760002518e0000000678c0400628cc001427cd8
:10377000fdff401400000000000060ac140060accd
:103780000400c28cf2ff40500400c3ac000043ac04
:103790000400c88c0400622400e0427c140002ade6
:1037a000ecff00100400c3ac0700201101006b25e2
:1037b000000027ad16008054010007242518e00002
:1037c0000400001025388001faff00100000a7acab
:1037d0000000638c0e006010000000000400628c8a
:1037e000fbff430425486000040080100000000037
:1037f0000800628cf6ff4a54254860000400628c81
:10380000c001427cd8ff40500000678c01000724b3
:1038100003006011251000000800e0030000000014
:103820002b1007000800e003010042240800e00319
:04383000010002246d
:020000040000fa
:020000041d02db
:10383400e8ffbd271400bfaf1000b0af25808000a3
:103844000c00858c1000a28c060044300400433424
:103854000a10640018004430100043340a10640055
:103864000100433023006010080043300800443056
:103874000a008010080003240200433008000624d4
:10388400084004240a20c300040046302538800080
:10389400002084340b3886002518e00010004430e2
:1038a4000a0080501000a2ac0200463025386000a7
:1038b400001064340b388600040046300008e434f9
:1038c4000b3886002518e0001000a2ac220003a6e5
:1038d40001000524bfba400f252000021100401446
:1038e400030002241400bf8f1000b08f0800e0030f
:1038f4001800bd2706006010020043300040062473
:10390400002004240b20c300efff001025188000c2
:1039140000100624000804240b20c300eaff001052
:10392400251880001e0002a601000224edff0010ed
:04393400200002a6c7
:020000040000fa
:020000041d02db
:10393800d0ffbd272c00bfaf2800b6af2400b5af1d
:103948002000b4af1c00b3af1800b2af1400b1af81
:103958001000b0af25a880002598a0002590c000d1
:1039680025a0e0000000b18cffffc624ffffc63091
:10397800f47b400f25282002258040000b0000160c
:10398800251000002c00bf8f2800b68f2400b58fab
:103998002000b48f1c00b38f1800b28f1400b18fb1
:1039a8001000b08f0800e0033000bd27211030025e
:1039b800000040a025280002cf90400f25202002bb
:1039c80025b04000233051000c00c01423800602ab
:1039d800ecff0012251000000d000524ebca400f73
:1039e800252020020b0040500a000524000071ae7b
:1039f800000090aee3ff001001000224ffffc63074
:103a080025280000ef56400f2520a002f0ff0010e7
:103a18002588c002ebca400f25202002f3ff40147e
:103a2800ffff5226268050020100102ed5ff0010fd
:043a3800401010002a
:020000040000fa
:020000041d02db
:103a3c00d0ffbd272c00bfaf2800b4af2400b3af1c
:103a4c002000b2af1c00b1af1800b0af25908000c1
:103a5c002580a0002598c0000200062472ba400ff1
:103a6c0098000524180040140f00032402000224bf
:103a7c0026a00202080004240a18940025a0600065
:103a8c002688020202000424030003240a18910071
:103a9c002588600026800202030002240a10100010
:103aac001400a2af020002241000a2af25380000bf
:103abc00253060028c0005247c9f400f252040029d
:103acc00090040501400b1af2c00bf8f2800b48ff8
:103adc002400b38f2000b28f1c00b18f1800b08f60
:103aec000800e0033000bd27020002241000a2af42
:103afc0025380000253060028e0005247c9f400f85
:103b0c0025204002f1ff40542c00bf8f1400b4afad
:103b1c00050002241000a2af020007242530600229
:103b2c008c0005247c9f400f25204002e7ff0010ed
:043b3c002c00bf8f0b
:020000040000fa
:020000041d02db
:103b4000c0ffbd273000b4af5000b48f3400b5af14
:103b50002c00b3af010094322800b2af2400b1af03
:103b60002000b0af3c00bfaf3800b6af2598800052
:103b700025a8a0002588c0002590e000240080161c
:103b80002a80c70023000012253020022380510222
:103b90001100062e100002240b10060225304000f2
:103ba000200005241000a42750a6400f25b00002d5
:103bb0001000022a1e004010100006240f00c6321a
:103bc0001000a52797be400f252060020600801632
:103bd0003c00bf8f253020022528a00297be400f51
:103be000252060023c00bf8f251040023800b68fb0
:103bf0003400b58f3000b48f2c00b38f2800b28f03
:103c00002400b18f2000b08f0800e0034000bd27e2
:103c1000253020022528a00297be400f25206002f3
:103c2000dbff001623805102eeff001025902002da
:103c30001000a52797be400f25206002dcff001072
:043c4000f0ff10265b
:020000040000fa
:020000041d02db
:103c4400e8ffbd271400bfaf1000b0af1c00838c89
:103c540003000224380062106c80828f0a004050f6
:103c64000000828c6c80828f010042246c8082afc1
:103c740001001024251000021400bf8f1000b08f23
:103c84000800e0031800bd27808082af009d073c38
:103c9400983be724009d063cac3bc6240f0005245a
:103ca400029d043cc192400f104e84240a0040102f
:103cb4002580400025300000019d053c7c29a52479
:103cc4006ab5400f1f0004240f004010748082afb7
:103cd400e4ff0010708080afb5d1400f00000000f9
:103ce400e5ff405025100002b3d1400f0000000052
:103cf400009d053cb43ba524a2a3400f2520400011
:103d0400ddff001025100002b5d1400f2580000012
:103d1400d9ff405025100002b3d1400f000000002d
:103d2400009d053cd83ba524a2a3400f25204000bc
:103d3400d1ff001025100002ceff00100100102456
:020000040000fa
:020000041d02db
:103d4400e0ffbd271c00bfaf1800b1af1400b0af37
:103d54004fca400f2588a000258040002b00001288
:103d64002510000040000296003042302c00401024
:103d740000000000420002964408027c420002a6b1
:103d84004000028e000b427c3c0002a640000296da
:103d94000040433001006050240000ae2016027c35
:103da400070042044000038e180000ae4000029653
:103db400c439027c8431027c400002a64000038e98
:103dc4008000023c04004224241862000100625076
:103dd400280000a6160020522c00058e9cc5400f1a
:103de40025200002f3c7400f440004262528400084
:103df400a1ac400f252000024200029601000324da
:103e04004408627c420002a6010002241c00bf8f09
:103e14001800b18f1400b08f0800e0032000bd2704
:103e2400b9bb400f25200002d3ff001042000296c8
:103e3400c48c400f25200002f0ff001042000296bf
:020000040000fa
:020000041d02db
:103e4400350080100000000000a0023cd826478cfa
:103e54000c008b8c0900e010000000000c00e28cc8
:103e6400256060012b1062012d00401425500000d4
:103e74002528000006000010254800000c008bac2b
:103e840000a0023cd82644ac0800e0030100022450
:103e94000c00e28c2110a2002b2845002140a9002f
:103ea400252840001c00e68c0d00c01025480001a8
:103eb4000c00c38c211062002b18430021186800e9
:103ec4002b404301070000551c0086acf0ff6a54e8
:103ed4002538c0002b108201edff40502538c0006a
:103ee4001c0086ac1c00e4ac2510000023286501ee
:103ef4000c0085ac1c00838c0f00601000000000d7
:103f04000c00858c0c00648c232085000c0064acb0
:103f14000800e003000000000800e0032510000092
:103f240000a0023cd82644ac1c0087ac2528000025
:103f3400eeff0010010002240800e003000000006e
:020000040000fa
:020000041d02db
:103f4400982f8a4291443771cffbc0b5a5dbb5e900
:103f54005bc25639f111f159a4823f92d55e1cab74
:103f640098aa07d8015b8312be853124c37d0c5502
:103f7400745dbe72feb1de80a706dc9b74f19bc14a
:103f8400c1699be48647beefc69dc10fcca10c243a
:103f94006f2ce92daa84744adca9b05cda88f9761e
:103fa40052513e986dc631a8c82703b0c77f59bf88
:103fb400f30be0c64791a7d55163ca0667292914b4
:103fc400850ab72738211b2efc6d2c4d130d385351
:103fd40054730a65bb0a6a762ec9c281852c729213
:103fe400a1e8bfa24b661aa8708b4bc2a3516cc741
:103ff40019e892d1240699d685350ef470a06a107a
:1040040016c1a419086c371e4c774827b5bcb034c8
:10401400b30c1c394aaad84e4fca9c5bf36f2e6866
:10402400ee828f746f63a5781478c8840802c78cf5
:10403400faffbe90eb6c50a4f7a3f9bef27871c6f8
:020000040000fa
:020000041d02db
:10404400c03a0500425d04002538eb00c03204008c
:104054000080013c2538e1000080013c2448a10097
:10406400404005004245080080fc0825ffff0b2561
:10407400fe00612d12002010000000000200c0109c
:10408400000000000100e7348000e7248000eb2cee
:1040940021400b01025a070001006b312338eb0069
:1040a40040380700423a0700c05d08002538eb009d
:1040b4002510e9000800e0030000000000000000f3
:1040c4007f04012407000115000000004058070088
:1040d400255866010300601100000000f5ff001080
:1040e400c0ff023cff00012904002014000000006e
:1040f400807f013cefff00102510210101000a24fc
:10410400235048012000412d03002014000000002a
:10411400e8ff00102510090020000c2423608a0108
:10412400045887012530cb000638470100000824d5
:104134000080013cd1ff00102538e10000000000a0
:020000040000fa
:020000041d02db
:10414400e0ffbd271c00bfaf1800b2af1400b1af31
:104154001000b0af2580a0004000918c82100500b3
:10416400100042300200a330070060100100423406
:104174000400c430080043340b1064000800c63047
:10418400040043340b10660089bf033c009262ac08
:10419400c290100004000332040042320100642c77
:1041a40025104400b240423489bf043c109282acd2
:1041b40012000524150002240a28430030d0400fc1
:1041c400252020020c00052451cf400f2520200279
:1041d4001200052436d0400f252020023700052484
:1041e400b9d0400f252020020f000524bdd0400f78
:1041f40025202002000410320700001600000000f1
:104204001c00bf8f1800b28f1400b18f1000b08f44
:104214000800e0032000bd27c1d0400f2520200264
:10422400c5d0400f2520200201004532c9d0400fdf
:0c42340025202002f3ff00101c00bf8fab
:020000040000fa
:020000041d02db
:10424000e0ffbd271c00bfaf1800b1af1400b0af36
:1042500007008010ffff1024251000021c00bf8ff4
:104260001800b18f1400b08f0800e0032000bd27b4
:104270002580a00000a0043c7fad400fb42784241b
:104280001700401025884000080005320500a050a6
:10429000140022960400429408004014ffff1024ea
:1042a000140022961000405014003026240022965c
:1042b0002000401024003026ffff102400d0400fc3
:1042c000000000000000239201006324000023a2ec
:1042d00007d0400f25204000e0ff0010251000020d
:1042e000ddff0010ffff102425180000080000a2c9
:1042f000090000a20a0000a20b0000a20100022493
:10430000000002a6020003a6040011ae020002246f
:104310000400a0100c0002ae0200229604004234f9
:10432000020022a60400229601004224e3ff0010ae
:0c433000040022a6edff00100100032491
:020000040000fa
:020000041d02db
:10433c003c00a0102510800000008480ffff0324a7
:10434c003800831400000000010047800400e310d3
:10435c00faff0a24ffff042412000010f0ff0924c6
:10436c000800e003010042240800e003010042249d
:10437c00ff00c6300a00c62c1200c010000000005e
:10438c00020042242700a01000000000000043801f
:10439c00240064140000000001004780f2ffe410c8
:1043ac0000000000ff00e6300500c324ff0063306e
:1043bc000400632ceeff60501000c624f1ff0010c7
:1043cc00030042241700ea140300a328150060140c
:1043dc000400a6281300c01402004324ffffa724e6
:1043ec0021384700040000102140450001006324df
:1043fc000c0067100000000000006680fbffc41476
:10440c002328030101006680f9ffc95401006324cd
:10441c000200632403006010feffa524d9ff0010e6
:0c442c00251060000800e0030000000004
:020000040000fa
:020000041d02db
:10443800d0ffbd272c00bfaf2800b5af2400b4af14
:104448002000b3af1c00b2af1800b1af1400b0af7a
:104458002588a000f3b7400f2598c000009d043cb4
:10446800f3b7400f883e84240f0030329ec1400fbe
:1044780025200002009d043cf3b7400f903e8424a1
:1044880007000012258000000100032425a0000079
:10449800009d043c9c3e95241c000010040012243e
:1044a800009d043cf3b7400f943e8424009d043cd7
:1044b800f3b7400fa03e84242c00bf8f2800b58f8f
:1044c8002400b48f2000b38f1c00b28f1800b18f66
:1044d8001400b08f0800e0033000bd27f3b7400f89
:1044e8002520a0023dbd400f252060023dbd400fa4
:1044f800580004249d9b400fffff043225188002ba
:1045080001001026eaff1252009d043c0610110219
:1045180001004230fbff405001001026f1ff6014fb
:0c45280000000000edff0010000000008b
:020000040000fa
:020000041d02db
:104534000000a28c0400a38cc0ffbd273800b3afd9
:104544003400b2af3000b1af2c00b0af3c00bfaf0d
:10455400259080002580a0000800b38c2000a2af25
:10456400030060040c00b18c4408027c2000a2af5c
:104574002000a2271800a2af080002241400a2af52
:104584001000b3af0400c78c0000c68c8182400fba
:10459400252000022000a38f100063300600601065
:1045a4002000a38fffff422421182202300004249c
:1045b400000064a02000a38f080063300600605050
:1045c4001000068effff422421182202200004243a
:1045d400000064a01000068e2000a38f253860021e
:1045e400ffffc6241000a3af2330c20021282202fb
:1045f400d08e400f252040020400438e000163301a
:10460400040060103c00bf8f0400038e2a20430086
:104614000b1064003800b38f3400b28f3000b18fb8
:0c4624002c00b08f0800e0034000bd2710
:020000040000fa
:020000041d02db
:10463000e0ffbd271c00bfaf1800b1af1400b0af42
:10464000258880004000908ca1d0400f25200002da
:10465000a9d0400f25200002b1d0400f2520000234
:1046600046d1400f25200002fdff4014000000004d
:10467000a5d0400f2520000203000010000000001c
:1046800095d0400f252000027fd1400f2520000249
:10469000fbff4014b4002226b80020aeb40020aec8
:1046a000d40022aec00020aebc0020aebc0022264a
:1046b000d80022aec80020aec40020aec40022261e
:1046c000dc0022aed00020aecc0020aecc002226f2
:1046d000e00022aeef63052458d1400f25200002f0
:1046e0002528000072d0400f252000022528000058
:1046f00077d0400f2520000299d0400f25200002de
:104700009dd0400f25200002000605247dd1400fda
:10471000252000021c00bf8f1800b18f1400b08f3d
:084720000800e0032000bd27a2
:020000040000fa
:020000041d02db
:104728003438029dccd8029d64d3029d3cd9029da9
:10473800585b029d0819039dacd9029d5cd8029d67
:104748000c8b029d50e5029d5830039d8430039ddb
:1047580098ea029d0c70029de8e4029db030039d2a
:10476800dc30039d3c0e039d4013039da4ce019da8
:104778006cfb029dd4f0029d0cf6029d88e1029d1f
:104788001ce1029db0f5029d4818039d402c039d35
:104798001068029df063029dd470029dc818039da5
:1047a800bcbc029ddc77029d281e039d1cda029d7d
:1047b8007c3d039dec1d039d288d029ddcfe029d22
:1047c80030ff029d18ed019db01d039df4e1029d8f
:1047d800c086029d8818039d0c56029dc8c6029d7e
:1047e800741d039d08ac029d34f1029d0886029d4c
:1047f800a81f029d480b029dcc09039d6c46039d92
:104808008009039d3409039de808039d9c08039dc6
:084818005008039d0408039df4
:020000040000fa
:020000041d02db
:104820000700a22c3a00401080280500e8ffbd27b1
:104830001400bfaf1000b0af029d023c50484224ac
:10484000212845000000a28c08004000258080003f
:104850006c48029d7448029dfc48029d9448029d4c
:10486000cc48029df048029dfc48029d24000010a7
:104870002510000000d0400f0000000001000324bc
:10488000000003a207d0400f252040001c000010ac
:104890000100022400d0400f00000000000003923d
:1048a00005006014ffff632407d0400f252040005f
:1048b0001300001025100000000003a207d0400fd5
:1048c000252040000e0000100100022400d0400fff
:1048d000000000000000039201006324000003a216
:1048e00007d0400f252040000500001001000224e1
:1048f000000080ac0200001001000224010002242c
:104900001400bf8f1000b08f0800e0031800bd270f
:084910000800e003251000007f
:020000040000fa
:020000041d02db
:10491800e0ffbd271400b1af2588c0000004c628f9
:104928001c00bfaf1800b2af2000c0141000b0af19
:10493800039d123c0845468e0c45478ecf48400fd4
:1049480001fc30260004042a0b008054ff031026c3
:104958000845468e0c45478e2520400025286000d6
:10496800cf48400f02f830260004052aff0304242c
:104978000a808500ff031026002510002528000066
:104988002530a0002538800025286000cf48400f3a
:10499800252040001c00bf8f1800b28f1400b18f73
:1049a8001000b08f0800e0032000bd2702fc262a73
:1049b800251080002518a000eeffc01025802002d9
:1049c800039d123c1045468e1445478ecf48400f34
:1049d800c903302602fc042ae7ff8050ff03102693
:1049e8001045468e1445478e252040002528600036
:1049f800cf48400f9207302602fc052a02fc042407
:084a0800dcff00100b808500ab
:020000040000fa
:020000041d02db
:104a1000d8ffbd272400bfaf2000b3af1c00b2af4a
:104a20001800b1af350080141400b0af00a0123ce4
:104a3000b42752260800438e0200022405006214a7
:104a400000a0023cb62742940100423024004014ea
:104a5000251040022588a000980006242528000083
:104a600000a0043c50a6400fb42784241b00205211
:104a7000ffff122400d0400f00a0103c01000324cf
:104a8000b42703a207d0400f25204000b4270226f8
:104a900001000324020043a402000324080043ace5
:104aa0000c0040a40400238e100043ac00a0103c76
:104ab000e82710260100132400a0113c28283126e5
:104ac0000b0013a2252800021ccb400f252020023a
:104ad00010001026fbff11560b0013a225104002f8
:104ae0002400bf8f2000b38f1c00b28f1800b18f3d
:104af0001400b08f0800e0032800bd27f7ff001066
:044b0000ffff12247d
:020000040000fa
:020000041d02db
:104b0400d0ffbd272c00bfaf2800b5af2400b4af41
:104b14002000b3af1c00b2af1800b1af1400b0afa7
:104b24002588800025a0a0002590c0002598e000dd
:104b340000a0023c5c164224ffff152425800000df
:104b440004000010080004240100102624000412ac
:104b5400100042240000438cfbff605025a8000293
:104b6400faff7154010010260011100000a0033c4c
:104b740058166324211043000800458c3388400fe5
:104b8400252040020d00401425100000ffff0224e0
:104b9400140002120000000000a0023c008110007a
:104ba4005816422421805000040011ae000014aeb7
:104bb400080012ae0c0013ae010002242c00bf8fbb
:104bc4002800b58f2400b48f2000b38f1c00b28f4f
:104bd4001800b18f1400b08f0800e0033000bd2727
:104be400ffff0224ecffa2162580a002f3ff0010b1
:044bf4002510000088
:020000040000fa
:020000041d02db
:104bf800d8ffbd272400bfaf2000b4af1c00b3af5f
:104c08001800b2af1400b1af1000b0af1000908c14
:104c18002a0000121400b390010073322588a00006
:104c28000a000010e400b424180023860400028e51
:104c3800211043000000448c6000228e09f84000d7
:104c4800000000001d004012258040020000128e66
:104c5800f5ff6012000000ae6800228e03004010cd
:104c68000500052409f84000252080020800058e6b
:104c7800a376400f252020026800228e03004010f2
:104c88000600052409f84000252080021800238624
:104c98000400028e211043000000448c100002968c
:104ca80004004230e5ff40506000228e22008294ca
:104cb800c418027ce3ff0010220082a42510000023
:104cc8002400bf8f2000b48f1c00b38f1800b28f50
:104cd8001400b18f1000b08f0800e0032800bd2732
:020000040000fa
:020000041d02db
:104ce8003200801000000000000082803100401077
:104cf8003000032406004350010082802510000084
:104d08002530000001000824110000100100073cb4
:104d18004429027c58000324f8ff435002008424ed
:104d2800f7ff001025100000d0ff4324ff00633078
:104d38000a00692c120020519fff4324003106000d
:104d4800213066002b18c7001e00601025100001d6
:104d5800000083801100601000000000ff00623036
:104d6800bfff4324ff0063301a00632ceeff60107e
:104d78000100842420004224ff0042309fff432486
:104d8800ff0063300600632c0c0060100000000078
:104d9800a9ff4224e9ff0010ff0043300a00401039
:104da800000000000800e0030000a6a40800e003db
:104db800251000000800e003251000000800e003ab
:104dc80025100000251000000800e0030000000086
:020000040000fa
:020000041d02db
:104dd8000832009d010000000c32009d0200000016
:104de800d82c009d03000000dc2c009d030000006f
:104df8001432009d0400000000000000043c009de7
:104e0800103c009d183c009d243c009d4416019dcb
:104e18002c3c009d483c009d7cdd019d503c009d44
:104e28006c3c009dd03d039d743c009d903c009dd2
:104e3800b43d039d983c009dac3c009d18d6019d57
:104e4800b43c009dc83c009d549c019dd03c009df5
:104e5800ec3c009d6026029df43c009d0c3d009dad
:104e6800105d029d143d009d303d009d7817029d08
:104e7800383d009d4c3d009de042019d503d009d08
:104e8800703d009d0474019d783d009d8c3d009d02
:104e9800ec71019d983d009dac3d009d605f009dbb
:104ea800b43d009dcc3d009d5835019dd43d009ded
:0c4eb800ec3d009da078029df83d009d9f
:020000040000fa
:020000041d02db
:104ec400d8ffbd272400bfaf2000b4af1c00b3af90
:104ed4001800b2af1400b1af1000b0af2598a00015
:104ee400251080003400842c020080102590c0001e
:104ef4003400022403004224fcff503011007426c5
:104f0400fcff94321481848f260085262128050213
:104f14000400828c09f84000feffa5301a004010fe
:104f240025884000180006262528000050a6400fba
:104f340025204000211030020e0054a40e009426b7
:104f4400120054a4230043240408037c040043ac4b
:104f5400f8ff71ac01000324100043a4100022ae3a
:104f64000400438c02006424080044ac140024ae02
:104f74000400127c03006012220032a61000632495
:104f8400180023ae2d0020a2251020022400bf8f7c
:104f94002000b48f1c00b38f1800b28f1400b18f9f
:0c4fa4001000b08f0800e0032800bd27bb
:020000040000fa
:020000041d02db
:104fb000d8ffbd272400bfaf2000b4af1c00b3afa3
:104fc0001800b2af1400b1af1000b0af3800a28f1c
:104fd00025004014258880002590c0002598e00019
:104fe0002530a000cea3400fffff0524230040146e
:104ff0007c0010247f0052328000142425304002af
:105000002528000272ba400f252020021b00401400
:1050100001001026ffff1032f9ff14162530400260
:105020007f007232840013242530400225280002bc
:1050300072ba400f252020021000401401001026f3
:10504000ffff1032f9ff131625304002bbd1400f8d
:105050000100042401000524d1cd400f25202002a9
:10506000070000102400bf8fbbd1400f2520000097
:1050700001000524d1cd400f252020022400bf8f40
:105080002000b48f1c00b38f1800b28f1400b18fb2
:0c5090001000b08f0800e0032800bd27ce
:020000040000fa
:020000041d02db
:10509c00c8ffbd273400bfaf3000b4af2c00b3af96
:1050ac002800b2af2400b1af2000b0af2580800043
:1050bc002590a0002598c00025a0e00084000624bf
:1050cc0050a6400f252800004c00a28f780002ae9d
:1050dc005000a28f7c0002ae080011264800a28f5f
:1050ec001c00a2af1800b4af1400b3af1000b2afe5
:1050fc00040007243700062425282002c055400f41
:10510c00252000020a004010010003242510600035
:10511c003400bf8f3000b48f2c00b38f2800b28fb7
:10512c002400b18f2000b08f0800e0033800bd27a9
:10513c001c00a0af1800a0af370002241400a2afcf
:10514c001000b1af25380000370006243f000526bb
:10515c00c055400f252000020600401425184000c1
:10516c0001000224000002ae040000aee7ff0010b4
:0c517c00800000a2e5ff001001000324e9
:020000040000fa
:020000041d02db
:10518800e0ffbd271c00bfaf1800b2af1400b1afdd
:105198001000b0af25908000e7c9400f2588a00017
:1051a8002f004010258040003c00062425280000e0
:1051b80050a6400f252020026f0003920100022410
:1051c800210062503800028e58000296240022a660
:1051d8005a000296260022a64000028e280022ae1f
:1051e8006e0002922c0022ae1800028e1400038e6c
:1051f80023104300300022a60400028e0000038e14
:1052080023104300320022a6a8c7400f2520000221
:10521800340022a601b0400f25204002360022a605
:1052280086c2400f25200002380022ae0100022469
:105238001c00bf8f1800b28f1400b18f1000b08f00
:105248000800e0032000bd27040022ae3c00028ec7
:10525800140022ae01000224dbff0010000022ae81
:08526800f3ff00102510000007
:020000040000fa
:020000041d02db
:10527000d8ffbd272400bfaf2000b3af1c00b2afe2
:105280001800b1af1400b0af2598a0002580c00071
:10529000e7c9400f2588e000280040502510000095
:1052a0002500001225904000a8c7400f252040008f
:1052b000211830022a184300030060102000458e98
:1052c00023105100ffff50302128b1001800518eeb
:1052d0002b10250206004050238825021400428e20
:1052e00023102202271002002128a2002388250271
:1052f00001003126ffff31322b103002060040142e
:1053000025302002253000028879400f25206002d8
:105310000a000010251000028879400f2520600245
:10532000233011021400458e8879400f212071022c
:105330000200001025100002251000022400bf8f7b
:105340002000b38f1c00b28f1800b18f1400b08ff3
:085350000800e0032800bd275e
:020000040000fa
:020000041d02db
:10535800d0ffbd272c00bfaf2800b5af2400b4afe5
:105368002000b3af1c00b2af1800b1af1400b0af4b
:105378002590800025a8a0001400828c09f8400020
:105388001000948c258040000c00428e28004010ac
:1053980025980000090000100800518e0c00428e6c
:1053a8002b20020223180202010073262b1062022e
:1053b800140040100a8064000800518e0000428edc
:1053c8000218117221886200000022960100423002
:1053d800f2ff4050218014021c00428e2530a002aa
:1053e8002528200209f8400025204002ebff401440
:1053f80021801402000022964408027c020000105a
:10540800000022a625880000251020022c00bf8f4e
:105418002800b58f2400b48f2000b38f1c00b28ff2
:105428001800b18f1400b08f0800e0033000bd27ca
:08543800f5ff001025880000bb
:020000040000fa
:020000041d02db
:10544000d8ffbd272400bfaf2000b4af1c00b3af0e
:105450001800b2af1400b1af1000b0af3800a28f87
:1054600026004014258880002590c0002598e00083
:10547000cea3400fffff0624230040147400102425
:105480007f00523278001424253040022528000283
:1054900072ba400f252020021b0040140100102684
:1054a000ffff1032f9ff1416253040027f007232e0
:1054b0007c001324253040022528000272ba400fd8
:1054c000252020021000401401001026ffff10329a
:1054d000f9ff131625304002bbd1400f0100042410
:1054e000dccc400f0100042401000524d1cd400f85
:1054f00025202002050000102400bf8fbbd1400fe3
:1055000025200000251000002400bf8f2000b48f4c
:105510001c00b38f1800b28f1400b18f1000b08f31
:085520000800e0032800bd278c
:020000040000fa
:020000041d02db
:1055280000a0033cd823632407008314251000003f
:10553800320080100000000000a0023c6424438c6c
:1055480003006014251000000800e00300000000bc
:10555800d8ffbd272400bfaf2000b4af1c00b3aff5
:105568001800b2af1400b1af1000b0af2580a00092
:1055780000a0113cd82331264000338e5ec0400f76
:105588002520a000259040005fbf400f8800248e92
:1055980025a040009000228e272810002428a20071
:1055a800900025ae9800238e271012002410430087
:1055b800980022ae252840024fd1400f25206002d6
:1055c8002528400252d1400f25206002252880025c
:1055d800a5cc400f8800248e010002242400bf8f30
:1055e8002000b48f1c00b38f1800b28f1400b18f45
:1055f8001000b08f0800e0032800bd270800e00372
:045608002510000069
:020000040000fa
:020000041d02db
:10560c00e0ffbd271c00bfaf1800b1af1400b0af56
:10561c00e1c4400f25808000100040101c00bf8f9b
:10562c003a000296240002a6000242300f004010fd
:10563c00000000001ec3400f000000002800038e75
:10564c002b10430023004010f9ff052425280000ef
:10565c00bfba400f252000021c00bf8f1800b18f6d
:10566c001400b08f0800e0032000bd271ec3400fbc
:10567c000000000055c4400f25884000401902006e
:10568c002318620080180300211062000011020030
:10569c00e70342246210033cd34d632419004300fa
:1056ac00101000008211020021105100280002aedf
:1056bc0001000524bfba400f25200002e7ff40106f
:1056cc001c00bf8f050002241e0002a6e2ff001082
:1056dc00200000a6eec1400f25200002dfff0010c5
:0456ec001c00bf8f50
:020000040000fa
:020000041d02db
:1056f00088ffbd277400bfaf7000b1af6c00b0afc2
:105700002086047cffff02243000021200a0023c2d
:10571000f82a429402004230090040105200062448
:10572000010006241000a527ef56400f2520000297
:105730000800401025180000060000101000a38388
:105740001400a527f47b400f252000020700401419
:1057500025180000251060007400bf8f7000b18f05
:105760006c00b08f0800e0037800bd271400a32769
:1057700021886200000020a225284000cf90400f21
:10578000252060000a002212253040000100462436
:10579000000042901000a2a31400a2272330c200f0
:1057a0000500c054ffffc630eaff00101000a383bd
:1057b000f8ff00102510000025280000ef56400fcc
:1057c00025200002e3ff00101000a383e1ff00107a
:0457d0002518000098
:020000040000fa
:020000041d02db
:1057d400840002242200a2500000e28c8500a2284a
:1057e4001100401090000224810002240800a250fd
:1057f4000000e28c820002242600a2500000e28c09
:10580400800002241000a214000000000000e28cba
:10581400040043240000e3ac0000428c000082ac8e
:1058240014000010000046ac1a00a2500000e28ce4
:105834009100a22806004010a0000224880002243f
:105844000e00a2500000e28c0800e00325100000c6
:10585400efffa2500000e28ceaff0010c000022417
:10586400040043240000e3ac0000428c000082ac3e
:10587400000046a40800e0030100022404004324bd
:105884000000e3ac0000428c000082acf9ff001081
:10589400000046a0040043240000e3ac0000428c56
:1058a400000082ac000046acc3370600f1ff0010d4
:0458b400040046acfa
:020000040000fa
:020000041d02db
:1058b80000a0033cd823632433008314faff022496
:1058c800d8ffbd272400bfaf2000b4af1c00b3af82
:1058d8001800b2af1400b1af1000b0af24008010b0
:1058e8002580a0000200e010080002240000e2acbd
:1058f800210000120900d328080002240b10d3004d
:105908001f0040102598400025900000029d113c82
:10591800b427312600a0143cd8239426240006245a
:1059280025282002f9cd400f252000020c00228ee8
:1059380009f840004000848e240002ae010052267f
:1059480028001026f5ff72161000312625100000d9
:105958002400bf8f2000b48f1c00b38f1800b28fb3
:105968001400b18f1000b08f0800e0032800bd2795
:10597800f7ff0010faff0224f5ff001025100000c1
:10598800f3ff0010251000000800e00300000000ed
:020000040000fa
:020000041d02db
:10599800e0ffbd271c00bfaf1800b2af1400b1afc5
:1059a8001000b0af258080002588a0006e0082908e
:1059b8000a00422c1f0040102590c0006e00829003
:1059c80080180200029d023ce45942242110430041
:1059d8000000428c08004000000000003c5a029d74
:1059e8003c5a029d205a029d205a029d205a029d2f
:1059f800205a029d3c5a029d0c5a029d205a029d33
:105a0800205a029d0200a2300b00401403003132dc
:105a1800120000101c00bf8f0000828c100082aca6
:105a28000c0082ac080082ac253000002b1c400f13
:105a380014000524030031320500201225284002f5
:105a48006c000296010003248452627c6c0002a65a
:105a58001360400f252000021c00bf8f1800b28f72
:105a68001400b18f1000b08f0800e0032000bd279c
:020000040000fa
:020000041d02db
:105a7800e0ffbd271c00bfaf1800b2af1400b1afe4
:105a88001000b0af259080002588a0000652400f76
:105a980048020424240040102580400048020624bf
:105aa8002528000050a6400f25204000000012ae17
:105ab800040011ae200002261c0002ae180002ae3f
:105ac800d80002260700001048020426cc0002aec7
:105ad800040042ac000042ac5c0042240c0044507c
:105ae800080000aecc00038ef8ff6050d00002ae74
:105af800000043acd000038e040043ac000062ac4d
:105b0800cc00038e040062acf3ff0010cc0002aea0
:105b18005881828f0b004010588182270400438ce3
:105b2800080070ac040050ac251000021c00bf8fa8
:105b38001800b28f1400b18f1000b08f0800e00376
:105b48002000bd27000050acf7ff0010040050ac47
:020000040000fa
:020000041d02db
:105b5800e8ffbd271400bfaf1000b0af258080005c
:105b68000c00838c24008294080044301a008010b2
:105b780000604630c2320200403106000100c634df
:105b88001800628c010044302518c0000004c63497
:105b98000a306400020042302518c0000008c634ec
:105ba8000a30620004000524d8ba400f25200002fc
:105bb80005004014030002241400bf8f1000b08faa
:105bc8000800e0031800bd271e0002a605000224f5
:105bd800f9ff0010200002a6002004240b308600e4
:105be800005042302520c0000001c6340a3082002f
:105bf8001000628c800042302518c0000040c63476
:105c08000a30620025280000d8ba400f252000027b
:105c1800eaff40101400bf8f030002241e0002a6f2
:0c5c280007000224e4ff0010200002a688
:020000040000fa
:020000041d02db
:105c34002e00a010000000000000a28c2d004010d7
:105c4400000000002d00801000000000420083943a
:105c54004000633003006014faff02240800e003ec
:105c640000000000e0ffbd271c00bfaf1800b2af6a
:105c74001400b1af1000b0af2580a00025888000cb
:105c840000a0023c4ed0400f7429528c001902002f
:105c94002310620080100200219042022528000295
:105ca400d694400f0000448e16004010258040001a
:105cb400252840006eb9400f25204002feff07242e
:105cc4002530000008000526dea1400f2520200213
:105cd400251000001c00bf8f1800b28f1400b18f74
:105ce4001000b08f0800e0032000bd270800e00387
:105cf400fbff02240800e003fbff02240800e0038a
:0c5d0400faff0224f3ff0010ffff02244e
:020000040000fa
:020000041d02db
:105d1000e0ffbd271c00bfaf1800b2af1400b1af49
:105d20001000b0af25808000030002241400a210f0
:105d30000400918c0000828c0000428c009d053c88
:105d40002836a52409f84000252020020000028ef4
:105d50000000428c009d053c5036a52409f8400007
:105d600025202002251000001c00bf8f1800b28fd4
:105d70001400b18f1000b08f0800e0032000bd2791
:105d80002590c00052b2400f0400c48c0e00405059
:105d90000000028e0800458e75af400f25204000a0
:105da00010004014009d053c009d053c1036a524c4
:105db0000000028e0000428c09f8400025202002dd
:105dc000e9ff0010010002240000428c009d053c08
:105dd0008034a52409f8400025202002e2ff0010ad
:0c5de00025100000f2ff0010fc35a52487
:020000040000fa
:020000041d02db
:105dec00e0ffbd271c00bfaf1800b1af1400b0af6f
:105dfc008080040021200402c0200400bc80908f0d
:105e0c00218004020a00039207000224250062503c
:105e1c00010011242f9d400f1c000486210040100e
:105e2c0025884000260002960001423018004010e0
:105e3c002480849316008010bc80828fffff842402
:105e4c00ff0083308020030021208300c020040049
:105e5c0028004324212083000300001003000524a4
:105e6c000c004450252800000a004390fcff6554a8
:105e7c00280042240000469400000396f8ffc31447
:105e8c002800422404000224060000100a0002a28a
:105e9c0025280000e1c8400f0c00048607000224ee
:105eac000a0002a2251020021c00bf8f1800b18f1f
:0c5ebc001400b08f0800e0032000bd2798
:020000040000fa
:020000041d02db
:105ec800d8ffbd272400bfaf2000b3af1c00b2af7e
:105ed8001800b1af1400b0afe880908f0e00001228
:105ee800251000000d0080502400bf8f42008394cd
:105ef800c418037c420083a40400028e01004450ad
:105f0800040000ae0800028e01004450080000aef4
:105f18000a00a014010002242400bf8f2000b38fc0
:105f28001c00b28f1800b18f1400b08f0800e00376
:105f38002800bd27f6ff0010080000ae0000128ef2
:105f4800f5ff40122510a0000c00428e11004010f1
:105f58002598a000258800002528200231cd400f73
:105f6800252040022528400007bf400f25200002b9
:105f7800010031260c00438e2b182302f7ff6054d2
:105f880025282002e4ff001025106002e2ff00101f
:0c5f980025100000e0ff00102510a00004
:020000040000fa
:020000041d02db
:105fa40080bf033c08000224006062ac80bf023c56
:105fb40000940434186044ac80bf023cad00042457
:105fc400406044ac88bf023c0004043c641044ac10
:105fd4000008043c641044ac0010043c641044ac5d
:105fe40000a0043c14168224200040ac280040acdd
:105ff4002c0040ac340040a03c0040a0380040ac31
:10600400141680ac080040ac0c0040ac100040a05a
:106014001c0040a0140040ac400040ac0060628c06
:1060240006004230060003240f00431000a0023c87
:106034001416422400040324300043ac180043ac7b
:1060440080bf023c00800334086043ac88bf023c3c
:106054000004033c681043ac0008033c681043ace4
:106064000800e00300000000141682240002032448
:0c607400300043acf2ff0010180043acf9
:020000040000fa
:020000041d02db
:106080003200801000000000ffffe224ff004230d9
:106090000800422c2f0040102118c7000900632c73
:1060a00003006014010002240800e0030000000067
:1060b000d0ffbd272c00bfaf2800b3af2400b2af84
:1060c0002000b1af1c00b0af2580e0002590c000db
:1060d0002598a00025888000c6ac400f1000a62798
:1060e000130040140800032e05006010ff00022476
:1060f0000100022404100202ffff4224ff0042308c
:1061000004104202271802001000a693241866000b
:106110004000a69304304602241046002510620079
:10612000ff0046302528600272ba400f2520200269
:106130002c00bf8f2800b38f2400b28f2000b18fb6
:106140001c00b08f0800e0033000bd270800e0030a
:0c615000010002240800e003010002240a
:020000040000fa
:020000041d02db
:10615c0040ffbd27bc00bfafb800b4afb400b3afb5
:10616c00b000b2afac00b1afa800b0af25888000d2
:10617c0025a0a0002598c000260080102590e000e6
:10618c0052be400f7000848c258040001900001214
:10619c00f1fe02240400028e16004010f1fe0224cf
:1061ac00900006242528000050a6400f1400a427b8
:1061bc00010002241000a2af060002246400a2af6a
:1061cc007400b1af6800b4af6c00b3af7000b2af85
:1061dc000400028e0800068e1000a52709f8400066
:1061ec000000048e52ff032426184300f1fe042401
:1061fc000a108300bc00bf8fb800b48fb400b38ffb
:10620c00b000b28fac00b18fa800b08f0800e003d3
:10621c00c000bd2710ad400f25200000dbff001093
:0c622c0025804000f3ff0010f1fe02246a
:020000040000fa
:020000041d02db
:10623800a8ffbd270400a1af0800a2af0c00a3afc0
:106248001000a4af1400a5af1800a6af1c00a7af9c
:106258002000a8af2400a9af2800aaaf2c00abaf3c
:106268003000acaf3400adaf3800aeaf3c00afafdc
:106278004000b8af4400b9af4800bfaf12400000bb
:106288004c00a8af104000005000a8af039d1a3c76
:1062980068415a270000000000680440006005407b
:1062a80009f84003000000005000a88f1100000109
:1062b8004c00a88f130000010400a18f0800a28fd2
:1062c8000c00a38f1000a48f1400a58f1800a68fb0
:1062d8001c00a78f2000a88f2400a98f2800aa8f50
:1062e8002c00ab8f3000ac8f3400ad8f3800ae8ff0
:1062f8003c00af8f4000b88f4400b98f4800bf8f73
:0c6308005800bd27c00000001800004233
:020000040000fa
:020000041d02db
:10631400c0ffbd273800b1af3400b0af258880007e
:106324002580a00020000624252800003c00bfafe3
:1063340050a6400f1000a42700000382090060103b
:1063440025100000010002820b0040140100052406
:106354002510200200004480feff835001004224e7
:10636400231051003c00bf8f3800b18f3400b08f30
:106374000800e0034000bd27000003921000a4279a
:106384000100102642110300801002002110820037
:106394000000448c0418650025186400000043ac18
:1063a40000000282f5ff40540000039225102002f1
:1063b4000100052400004380e9ff60101000a627b7
:1063c400ff00633042210300802004002120c40028
:1063d4000000848c0418650024186400e1ff6050f8
:0c63e40023105100f3ff001001004224c0
:020000040000fa
:020000041d02db
:1063f000e0ffbd271c00bfaf1800b2af1400b1af63
:10640000280080101000b0af0c00838c00a0023c6c
:106410004c2842240e006214f5ff11240800918cd0
:10642000010002240a002256f6ff11241c00839466
:1064300007006254f6ff11241e008294fdff4230d3
:10644000010003240900435034008394f6ff112413
:10645000251020021c00bf8f1800b28f1400b18fce
:106460001000b08f0800e0032000bd2702000224c6
:10647000100062142590a000cca9400f2580800058
:106480000e00400402000324f2ff431025102002f6
:10649000efff4012258800003a000296ecff001042
:1064a000000042a6eaff0010f5ff1124e8ff0010eb
:1064b000f6ff1124e6ff0010f7ff1124e4ff00109f
:0464c000f7ff1124ad
:020000040000fa
:020000041d02db
:1064c400d8ffbd272400bfaf2000b3af1c00b2af7c
:1064d4001800b1af1400b0af258880002598a00043
:1064e400140085ac5800a294180082ac1c0086ac41
:1064f400200087ac039d103ce0a81026039d123cad
:1065040068a85226f4ff10260800028e09f84000fd
:1065140025202002fcff1256f4ff102625286002d5
:10652400ec9e400f010004245000648e060080504d
:106534004c00648e4400628e2000428c09f84000b6
:10654400000000004c00648e06008050500060aed5
:106554004400628e0c00428c09f8400000000000e8
:10656400500060ae4c0060ae420062968473027cc0
:106574008431027c420062a62400bf8f2000b38fc6
:106584001c00b28f1800b18f1400b08f0800e00314
:046594002800bd27f7
:020000040000fa
:020000041d02db
:10659800e0ffbd271c00bfaf1000a0a31100a0a3ff
:1065a8001000a62725280000c6ac400f8c81848fd8
:1065b8001f0040141100a62701000524c6ac400f97
:1065c8008c81848f1f004054009d043c009d043c36
:1065d800f3b7400f5c3e84249ec1400f1000a49383
:1065e800009d043cf3b7400f6c3e84241100a49333
:1065f8009d9b400f0f0084303dbd400f2e000424aa
:106608001100a4939d9b400f022104001000a39346
:10661800f20002240f006214009d043c3dbd400faf
:106628000a0004241c00bf8f0800e0032000bd27d7
:10663800009d043c5cc8400f583e8424faff0010bb
:106648001c00bf8f5cc8400f583e8424f6ff001022
:106658001c00bf8ff3b7400f743e8424efff001077
:04666800000000002e
:020000040000fa
:020000041d02db
:10666c00c0ffbd273800b1af3400b0af3c00bfafa6
:10667c002588a0000000a5800400a01025808000c3
:10668c00010022820900405425280000ac9f400fd5
:10669c00252000023c00bf8f231050003800b18f22
:1066ac003400b08f0800e0034000bd272000062412
:1066bc0050a6400f1000a4270100052400002282e0
:1066cc001900401000002392421103001000a4276f
:1066dc0080100200211082000000448c0418650018
:1066ec000100312625186400f4ff0010000043acb3
:1066fc0000004380e7ff6010ff006330422103007d
:10670c00802004001000a6272120c4000000848ce7
:10671c000418650024186400f5ff60500100422441
:10672c00ddff00103c00bf8f25100002f0ff0010b1
:04673c00010005242f
:020000040000fa
:020000041d02db
:10674000d8ffbd272400bfaf2000b1af1c00b0af01
:10675000258080001000a0af3800918c1c00228e94
:1067600009f840000c00848c010003241c00431035
:106770002400bf8f2000228e09f840000c00048ef8
:106780001b004014000000007800028e010042301f
:106790001b0040101000a5273400228e09f840008d
:1067a0000c00048e1000a58f802a05000004a5307f
:1067b0007c00028e2528a2007c0005ae8000068e9b
:1067c0005190400f25200002140002920100032482
:1067d0000421627c140002a2840000ae2400bf8f5a
:1067e0002000b18f1c00b08f0800e0032800bd27f7
:1067f0003fc7400f25200002f9ff00102400bf8f83
:106800003fc7400f25200002f5ff00102400bf8f76
:020000040000fa
:020000041d02db
:10681000e0ffbd271c00bfaf1800b1af28008010fb
:106820001400b0af0c00838c00a0023c4c28422422
:106830001d006214f5ff11240800918c0100022450
:1068400019002256f6ff11241c008394160062548e
:10685000f6ff11241e008294fdff42300100032444
:1068600003004350340082940f000010f6ff1124ff
:10687000170040142580800001000224340082a407
:10688000380085a403000224360082a4c388400f88
:106890003c0086ac10004004030003240200435077
:1068a000340000a625880000251020021c00bf8fa0
:1068b0001800b18f1400b08f0800e0032000bd273e
:1068c000f9ff0010f5ff1124f7ff0010f6ff112467
:1068d000f5ff0010f7ff1124f3ff0010f7ff11245c
:020000040000fa
:020000041d02db
:1068e000c8ffbd273400bfaf3000b3af2c00b2af3c
:1068f0002800b1af2400b0af258080002590a00013
:106900002598c0001400a0af1000a0af0600c01072
:106910001800a0af6800828c030040100500052419
:1069200009f84000e8008424440011264ec7400fb7
:1069300025202002050040102528400004cb400ff0
:106940001000a427f9ff0010000000000c006012e6
:10695000000000006800028e0900401006000524b7
:1069600009f84000e80004260500001000000000bf
:10697000401006242528400209f860002520400028
:106980004ec7400f1000a427f9ff40546400038e47
:106990003400bf8f3000b38f2c00b28f2800b18f2e
:0c69a0002400b08f0800e0033800bd2781
:020000040000fa
:020000041d02db
:1069ac00d8ffbd272400bfaf2000b3af1c00b2af8f
:1069bc001800b1af1400b0af00a0023cf02a429412
:1069cc00160040109480908f25880000ffff132440
:1069dc000700001000a0123c396e400f00000000b0
:1069ec00f02a42962a1022020c0040101c0010269d
:1069fc000800048e0500805000000486e6ab400fb2
:106a0c0000000000080000ae00000486f4ff9310a4
:106a1c0001003126f0ff0010000000009880848fe8
:106a2c000c00828c09f840009480858f948080af94
:106a3c0000a0023cf02a40a48c80848f05008010ba
:106a4c002400bf8f79cc400f000000008c8080aff9
:106a5c002400bf8f2000b38f1c00b28f1800b18fa1
:0c6a6c001400b08f0800e0032800bd27d4
:020000040000fa
:020000041d02db
:106a7800d8ffbd272400bfaf2000b4af1c00b3afc0
:106a88001800b2af1400b1af1000b0af24808293e9
:106a980022004010bc80908f2598000025880000b7
:106aa800080012240b000010ffff1424396e400f59
:106ab8001c0004860a0000a21c0014a6010073260c
:106ac80001003126248082932a1022020a004010f5
:106ad800280010260a000292faff525401003126bb
:106ae8002600029600044230f6ff4050010031268d
:106af800eeff00100000000008006012ffff702683
:106b0800ffff11240001052411c8400f1d000424b3
:106b1800ffff1026fcff1116000105242400bf8f7b
:106b28002000b48f1c00b38f1800b28f1400b18fef
:0c6b38001000b08f0800e0032800bd270b
:020000040000fa
:020000041d02db
:106b4400e0ffbd271c00bfaf1800b1af1400b0af09
:106b540025808000238a400f2588a0000e00405025
:106b64002400048e00004394010063302400601468
:106b740000004394010004240400837c4408837cc3
:106b8400000043a41c00bf8f1800b18f1400b08f05
:106b94000800e0032000bd270c00038efaff8314d5
:106ba4001c00bf8f1800038ef8ff60501800b18fcf
:106bb40009f8600025200002f3ff40101c00bf8f7d
:106bc4000000439401006330070060102528200270
:106bd400000043940400037c000043a42400028ebc
:106be400ffff4224240002ae238a400f2520000226
:106bf400ddff405400004394e3ff00101c00bf8fee
:0c6c04004408037cdfff0010000043a4e4
:020000040000fa
:020000041d02db
:106c10003000801000000000420083944000633088
:106c200003006014251000000800e00300000000cd
:106c3000d8ffbd272400bfaf2000b3af1c00b2af08
:106c40001800b1af1400b0af2598e0002590c00047
:106c50002588a00025808000a5cf400f25280000b2
:106c600008004014000000002400bf8f2000b38ff4
:106c70001c00b28f1800b18f1400b08f0800e00321
:106c80002800bd270a002012000000000000238e0b
:106c900007006012040003ae0a004012180003aea1
:106ca0000000438e080003ae060000101c0003ae77
:106cb00005004052420003960000438efaff601622
:106cc000080003ae420003960463037ce6ff001055
:0c6cd000420003a60800e00325100000ad
:020000040000fa
:020000041d02db
:106cdc00e8ffbd271400bfaf1000b0af1081828f4a
:106cec000700401000a0033ca42163242510600081
:106cfc001400bf8f1000b08f0800e0031800bd27f0
:106d0c002400a0102580a000088180af008180aff6
:106d1c00fc8080af048180aff88080af00a0023c83
:106d2c00a42140aca4214224040040ac080040ac97
:106d3c000c0040ac100040ac140040ac180040ac4f
:106d4c001c0040ac200040ac019d053c38d6a5246d
:106d5c00e9b8400f2520000001000224f08082af2a
:106d6c001400028e04004010ec8082af00a0033ca3
:106d7c00deff0010a42163240b24400f2520000209
:106d8c00daff4010ffff032400a0033cd7ff0010e4
:0c6d9c00a4216324d5ff0010ffff032496
:020000040000fa
:020000041d02db
:106da800ffff8424ffff84300a00822c2b00401050
:106db800000000002026047cc010040021104400bc
:106dc8008010020000a0033cd81a6324211043005d
:106dd800000042902300401000000000c010040092
:106de800211044008010020000a0033cd81a63243c
:106df800211043000800428c3000458c0e00a01082
:106e080000a0023ce8ffbd271400bfafc018040073
:106e18002120640080180400d81a4424212083000b
:106e280009f8a00006008484ffff42301400bf8fd9
:106e38000800e0031800bd27c018040021206400e2
:106e480080180400d81a442421208300ffff02245c
:106e5800030082a00800e003251000000800e003fa
:0c6e6800251000000800e00325100000c9
:020000040000fa
:020000041d02db
:106e7400d8ffbd272400bfaf2000b1af270080108a
:106e84001c00b0af1000a62725800000cccc073c26
:106e9400cdcce7340500082401000526202c057c10
:106ea4001900870010180000c218030080100300a6
:106eb40021104300401002002310820030004224bd
:106ec4000000c2a00a00842c18008014ffff633065
:106ed4000100c62425206000efffa8142580a0002f
:106ee40004001024ffff11241000a22721105000d9
:106ef4003dbd400f00004480ffff10262084107c1d
:106f0400faff11161000a2272400bf8f2000b18fb2
:106f14001c00b08f0800e0032800bd273dbd400fd2
:106f240030000424f9ff00102400bf8feeffa014ea
:0c6f3400ffff1124f5ff00102400bf8fa8
:020000040000fa
:020000041d02db
:106f4000d8ffbd272400bfaf2000b3af1c00b2aff5
:106f50001800b1af1400b0af2590a0000ed0400fc4
:106f60002588c0004018020021186200c0180300e4
:106f700035d1400f212062001d0020122510000095
:106f800060ce400f25800000000042a208000010e3
:106f9000070013240ed0400f00000000401802002c
:106fa00021186200c018030035d1400f2120620073
:106fb000010010260e0011122510000060ce400fb7
:106fc0000000000021185002000062a0c31710004a
:106fd000421f020021100302070042302310430029
:106fe000f4ff535401001026eaff001000000000d7
:106ff0002400bf8f2000b38f1c00b28f1800b18f08
:0c7000001400b08f0800e0032800bd273a
:020000040000fa
:020000041d02db
:10700c0000a0023c4c2842900800401000000000f8
:10701c0000a0023c702842942520820005008010bc
:10702c00ffff02240800e003000000000800e0035a
:10703c00ffff0224e8ffbd271400bfaf00a0023cf5
:10704c004c2842246c00438c1400638c25280000cf
:10705c0009f8600070004494ffff032417004310ec
:10706c0000a0033c4c2863246c00648c340064ac9a
:10707c00380062ac3c0060ac01000224240062a425
:10708c00260060a4300063ac0c00628c280062ac5b
:10709c00400060a4580060a4420060a4440060a4b6
:1070ac000200629401004224020062a40200022445
:1070bc002c0062ac00a0023c702842241400bf8f4c
:0870cc000800e0031800bd27d5
:020000040000fa
:020000041d02db
:1070d4002900801000a0033c0c00888c4c286324f9
:1070e4000c000315f5ff02240800838c0100022420
:1070f40023006214000000001c0083942200621428
:10710400010008241e008394fdff6330030068100f
:10711400f6ff02240800e00300000000340082941b
:107124001b00401400000000e8ffbd271400bfaf9f
:107134001000b0af2580800001000224340082a436
:10714400380085a4360082a43a0086a4c388400f80
:107154003c0087ac04004204f7ff022403004238d9
:107164000100422c340000a61400bf8f1000b08f21
:107174000800e0031800bd270800e003f5ff02241f
:107184000800e003f6ff02240800e003f6ff0224ef
:087194000800e003f7ff0224ec
:020000040000fa
:020000041d02db
:10719c00d8ffbd272400bfaf2000b4af1c00b3af95
:1071ac001800b2af1400b1af1000b0af2590800042
:1071bc002580a0002598c00000a0023c4ed0400fb6
:1071cc007429518c00000396400064301000801428
:1071dc0003001424002102002320820080200400dc
:1071ec0080006330170060142188240204000526f7
:1071fc0074ab400f2400242601001424140027260d
:10720c002530600280000524dbb6400f25200002eb
:10721c00253880021000062608000526dea1400f46
:10722c00252040022400bf8f2000b48f1c00b38f98
:10723c001800b28f1400b18f1000b08f0800e0035b
:10724c002800bd270400052674ab400f140024262b
:08725c00eaff001002001424f7
:020000040000fa
:020000041d02db
:10726400ffff8424ffff84300a00822c2a00401090
:10727400000000002026047cc010040021104400fb
:107284008010020000a0033cd81a6324211043009c
:10729400000042902200401000000000c0100400d2
:1072a400211044008010020000a0033cd81a63247b
:1072b400211043000800428c0400488c0d0000118a
:1072c40000a0023ce8ffbd271400bfafc0180400b3
:1072d4002120640080180400d81a4424212083004b
:1072e40009f80001060084841400bf8f0800e0033d
:1072f4001800bd27c0180400212064008018040071
:10730400d81a442421208300ffff0224030082a012
:107314000800e003251000000800e0032510000029
:087324000800e0032510000041
:020000040000fa
:020000041d02db
:10732c00ffff8424ffff84300a00822c2a004010c7
:10733c00000000002026047cc01004002110440032
:10734c008010020000a0033cd81a632421104300d3
:10735c00000042902200401000000000c010040009
:10736c00211044008010020000a0033cd81a6324b2
:10737c00211043000800428c1000478c0d00e010d7
:10738c0000a0023ce8ffbd271400bfafc0180400ea
:10739c002120640080180400d81a44242120830082
:1073ac0009f8e000060084841400bf8f0800e00395
:1073bc001800bd27c01804002120640080180400a8
:1073cc00d81a442421208300ffff0224030082a04a
:1073dc000800e003251000000800e0032510000061
:0873ec000800e0032510000079
:020000040000fa
:020000041d02db
:1073f400ffff8424ffff84300a00822c2a004010ff
:10740400000000002026047cc01004002110440069
:107414008010020000a0033cd81a6324211043000a
:10742400000042902200401000000000c010040040
:10743400211044008010020000a0033cd81a6324e9
:10744400211043000800428c1400458c0d00a0104c
:1074540000a0023ce8ffbd271400bfafc018040021
:107464002120640080180400d81a442421208300b9
:1074740009f8a000060084841400bf8f0800e0030c
:107484001800bd27c01804002120640080180400df
:10749400d81a442421208300ffff0224030082a081
:1074a4000800e003251000000800e0032510000098
:0874b4000800e00325100000b0
:020000040000fa
:020000041d02db
:1074bc00ffff8424ffff84300a00822c2a00401036
:1074cc00000000002026047cc010040021104400a1
:1074dc008010020000a0033cd81a63242110430042
:1074ec00000042902200401000000000c010040078
:1074fc00211044008010020000a0033cd81a632421
:10750c00211043000800428c1800458c0d00a0107f
:10751c0000a0023ce8ffbd271400bfafc018040058
:10752c002120640080180400d81a442421208300f0
:10753c0009f8a000060084841400bf8f0800e00343
:10754c001800bd27c0180400212064008018040016
:10755c00d81a442421208300ffff0224030082a0b8
:10756c000800e003251000000800e00325100000cf
:08757c000800e00325100000e7
:020000040000fa
:020000041d02db
:10758400ffff8424ffff84300a00822c2a0040106d
:10759400000000002026047cc010040021104400d8
:1075a4008010020000a0033cd81a63242110430079
:1075b400000042902200401000000000c0100400af
:1075c400211044008010020000a0033cd81a632458
:1075d400211043000800428c1c00458c0d00a010b3
:1075e40000a0023ce8ffbd271400bfafc018040090
:1075f4002120640080180400d81a44242120830028
:1076040009f8a000060084841400bf8f0800e0037a
:107614001800bd27c018040021206400801804004d
:10762400d81a442421208300ffff0224030082a0ef
:107634000800e003251000000800e0032510000006
:087644000800e003251000001e
:020000040000fa
:020000041d02db
:10764c00ffff8424ffff84300a00822c2a004010a4
:10765c00000000002026047cc0100400211044000f
:10766c008010020000a0033cd81a632421104300b0
:10767c00000042902200401000000000c0100400e6
:10768c00211044008010020000a0033cd81a63248f
:10769c00211043000800428c2c00468c0d00c010b9
:1076ac0000a0023ce8ffbd271400bfafc0180400c7
:1076bc002120640080180400d81a4424212083005f
:1076cc0009f8c000060084841400bf8f0800e00392
:1076dc001800bd27c0180400212064008018040085
:1076ec00d81a442421208300ffff0224030082a027
:1076fc000800e003251000000800e003251000003e
:08770c000800e0032510000055
:020000040000fa
:020000041d02db
:10771400ffff8424ffff84300a00822c2a004010db
:10772400000000002026047cc01004002110440046
:107734008010020000a0033cd81a632421104300e7
:10774400000042902200401000000000c01004001d
:10775400211044008010020000a0033cd81a6324c6
:10776400211043000800428c3800458c0d00a01005
:1077740000a0023ce8ffbd271400bfafc0180400fe
:107784002120640080180400d81a44242120830096
:1077940009f8a000060084841400bf8f0800e003e9
:1077a4001800bd27c01804002120640080180400bc
:1077b400d81a442421208300ffff0224030082a05e
:1077c4000800e003251000000800e0032510000075
:0877d4000800e003251000008d
:020000040000fa
:020000041d02db
:1077dc00e8ffbd271400bfaf1000b0af20008294ab
:1077ec000a00401025808000010003241000431083
:1077fc0000000000eec1400ff7ff05241400bf8ffe
:10780c001000b08f0800e0031800bd27bfba400f6e
:10781c0025280000faff40101400bf8f020002243c
:10782c001e0002a601000224f4ff0010200002a694
:10783c00e1c4400f00000000f1ff40101400bf8fa6
:10784c003a0002860500400425280000eec1400fd6
:10785c0025200002eaff00101400bf8f1ec3400f4a
:10786c00000000002800038e2b1043000500405040
:10787c00ffff0524020002241e0002a6dfff0010f9
:10788c00200000a6eec1400f25200002dcff0010f6
:04789c001400bf8f86
:020000040000fa
:020000041d02db
:1078a000d8ffbd272400bfaf2000b3af1c00b2af8c
:1078b0001800b1af1400b0af0200a5281e00a0143c
:1078c0000400928c25808000b2b2400f0400c48c6a
:1078d00021004010009d113c009d113c942a31264e
:1078e0000200132447c5400f252000002528600210
:1078f0001c9f400f252040000000038e0400638c75
:107900002538400025302002009d053cb82aa524da
:1079100009f8600025204002251000002400bf8fd8
:107920002000b38f1c00b28f1800b18f1400b08fed
:107930000800e0032800bd270000828c0000428c74
:10794000009d053ca02aa52409f8400025204002fe
:10795000f2ff0010251000008c2a3126e1ff0010f4
:0479600001001324eb
:020000040000fa
:020000041d02db
:10796400e0ffbd271c00bfaf1800b1af1400b0afdb
:107974004fca400f2588a000190040502510000070
:1079840026002012258040005000062425280000ef
:1079940050a6400f252020023c000396010002243b
:1079a400140062501400028e000020ae28000296db
:1079b400440022a62a000296460022a62400028e33
:1079c400480022ae4c00028e4c0022a60400028e17
:1079d4000000038e231043004e0022a6010002245f
:1079e4001c00bf8f1800b18f1400b08f0800e00393
:1079f4002000bd27040022ae1800028e140022ae1f
:107a04001c00028e240022ae2000028e340022ae1e
:107a140001000224e5ff0010000022aef0ff001078
:047a24002510000029
:020000040000fa
:020000041d02db
:107a280000a0023c141642242c00438c2800478cea
:107a38002800a050253860002800671025688000bd
:107a480080bf0c3c06000b2401000a24235044018b
:107a580000a0093c141229250d0000102540400003
:107a6800213069000000c690000086a00100632450
:107a78003000068d2b3066000a1806002b304500b2
:107a88000f00c050253860000d00671001008424e5
:107a98000060828d06004230f1ff4b142110440132
:107aa80040300300213026010000ce94403004000d
:107ab8002330cd000000cea4edff001001006324a8
:107ac80000a0033c141663242c0067ac0800e003f4
:107ad80000000000faff00102510a000f8ff0010b9
:047ae8002510000065
:020000040000fa
:020000041d02db
:107aec0040ffbd27bc00bfafb800b3afb400b2af0e
:107afc00b000b1afac00b0af258880002598a000d5
:107b0c00220080102590c00052be400f1400848cbf
:107b1c002580400016000012f1fe02240400028ea3
:107b2c0013004010f1fe02249000062425280000ca
:107b3c0050a6400f1400a427040002241000a2af8a
:107b4c008c00b1af9000b3af9400b2af0400028ec2
:107b5c000800068e1000a52709f840000000048ece
:107b6c0052ff032426184300f1fe04240a1083005c
:107b7c00bc00bf8fb800b38fb400b28fb000b18f10
:107b8c00ac00b08f0800e003c000bd2710ad400f63
:107b9c0025200000dfff001025804000f4ff0010be
:047bac00f1fe0224c0
:020000040000fa
:020000041d02db
:107bb000c8ffbd273400bfaf3000b1af2c00b0af5d
:107bc0002588a0001000a0af1400a0af1800a0af3f
:107bd0001c00a0af2000a0af2400a0af4080040094
:107be000212004028020040000a0103c8c1e1026de
:107bf000030000102180040270cb400f1000a42766
:107c0000f3c7400f252000020b00401000000000c9
:107c10002800438cf8ff71102528400070cb400fde
:107c20001c00a427f6ff001000000000f5ff05244b
:107c300098af400f25204000f3c7400f1000a42745
:107c4000faff4014010006241c00a28f030040101c
:107c50001c00a527d2c2400f252000023400bf8f90
:107c60003000b18f2c00b08f0800e0033800bd2732
:020000040000fa
:020000041d02db
:107c700000a0023c942a43942b00601025100000c1
:107c8000e8ffbd271400bfaf1000b0af08008010a0
:107c90002580a00028ca400f000000001e004010f0
:107ca000010003245800429404000010041843000b
:107cb0000100022404186200ffff63240700001281
:107cc00000a0023c0200043a010002240b804400a0
:107cd00000a0023c982a50ac00a0023c902a42240a
:107ce0000c00448c251883000c0043ac1400428c1b
:107cf0000b0040102530000000010524b6a8400ffd
:107d00000e000424010002241400bf8f1000b08f65
:107d10000800e0031800bd27fbff0010251000003d
:107d2000f9ff0010010002240800e0030000000039
:020000040000fa
:020000041d02db
:107d3000d8fbbd272404bfaf2004b1af1c04b0aff3
:107d40003004a6af3404a7af3004a7271004a7afb0
:107d50002530a00000040524f6a0400f1000a42741
:107d600025804000ffff4224ff03422c1c004010ee
:107d70002404bf8f2110b003100040a05481828fd3
:107d8000211002020004422c01004050548180afb7
:107d900000a0113cd81631265481828f21882202fe
:107da0001000a5279c6c400f2520200225282002ca
:107db00051c9400f2520000003000232040040108a
:107dc0005481838f04000324231062005481838f25
:107dd0002180030221800202548190af2404bf8fce
:107de0002004b18f1c04b08f0800e0032804bd27d5
:020000040000fa
:020000041d02db
:107df000c0ffbd273c00bfaf3800b7af3400b6afff
:107e00003000b5af2c00b4af2800b3af2400b2af40
:107e10002000b1af1c00b0af25b8800025b0a00095
:107e20002588c00025a8e0005000b4935400b39307
:107e3000258000000300001004001224110012121b
:107e4000251000000610110201004230fbff4050d7
:107e500001001026402810002128c5021000b3aff1
:107e6000253880022530a002ffffa5302098400f62
:107e70002520e002f1ff4010010010260200001052
:107e80003c00bf8f3c00bf8f3800b78f3400b68fe7
:107e90003000b58f2c00b48f2800b38f2400b28f30
:107ea0002000b18f1c00b08f0800e0034000bd2708
:020000040000fa
:020000041d02db
:107eb000e8ffbd27ff00a5301000b0af1400bfaf32
:107ec0000e00a01425808000e279400f0000000021
:107ed000218002021400bf8f251000021000b08f15
:107ee0000800e0031800bd27faff4010ff004230f1
:107ef000f9ff45101400bf8f010010260300023265
:107f0000f9ff4054000002820101043c0101842475
:107f10000220a470fefe073c8080083cfffee73490
:107f2000808008350000038e263064002110670031
:107f300027180300241043002118c700273006002b
:107f4000243066002510460024104800f5ff4050fc
:107f50000400102600000282deff4010ff004230c5
:107f6000ddff45101400bf8ffaff0010010010263e
:020000040000fa
:020000041d02db
:107f7000e0ffbd271c00bfaf1800b1af1400b0afc9
:107f80002588a000f7a6400f0100052419004050e5
:107f9000ffff11241d0020120400508c0b002292c0
:107fa000feff4224ff0042300200422c19004054e0
:107fb0000a00229206000010feff1124030007248d
:107fc00025282002c7ad400f25200002258800008b
:107fd000090000122510200200d0400f0000000010
:107fe0000000039201006324000003a207d0400fa9
:107ff00025204000251020021c00bf8f1800b18fe3
:108000001400b08f0800e0032000bd27f0ff00102f
:10801000feff11240500422ce8ff40508c0006268c
:0c80200080000626e6ff00100200072486
:020000040000fa
:020000041d02db
:10802c00d8ffbd272400bfaf2000b3af1c00b2aff8
:10803c001800b1af1400b0afb880828f2000401090
:10804c00ffff42241e004014b88082af248082932c
:10805c0014004010bc80918f25800000ffff12247b
:10806c000b000010ffff13249360400f252000022b
:10807c000a0020a21c0033a601001026ff001032bb
:10808c00248082932b100202060040102800312617
:10809c001c002286f4ff521400000000f7ff0010b1
:1080ac000100102679cc400fb080848fb08080af57
:1080bc00c080848f0c00828c09f84000bc80858fb6
:1080cc002400bf8f2000b38f1c00b28f1800b18f1b
:0c80dc001400b08f0800e0032800bd274e
:020000040000fa
:020000041d02db
:1080e8002a008010000000000000828c2900401047
:1080f80000000000e0ffbd271c00bfaf1800b2afb2
:108108001400b1af1000b0af67d1400f25888000d0
:1081180025904000020042281400401425800000e9
:1081280003000010000000001000501200000000c2
:1081380047c5400f2520000228ca400f25204000cf
:10814800f9ff4010010010260000238e0400448c23
:10815800261864000800448c24186400f2ff601498
:108168001c00bf8f040000100000000030b3400f57
:10817800010004241c00bf8f1800b28f1400b18fb7
:108188001000b08f0800e0032000bd270800e003be
:0c819800251080000800e0032510000006
:020000040000fa
:020000041d02db
:1081a4002c00801001000224e0ffbd271c00bfaf9b
:1081b4001800b2af1400b1af1000b0af2590c000ea
:1081c4002588a000c8bd400f2580800019004050bc
:1081d400010002241700405a251000000000278ed9
:1081e4001400071204002826ffff042408000010ce
:1081f400251800000b2065000100632408004312c9
:1082040004000825fcff078d0b00f0101c00bf8f35
:10821400faffe05401006324f6ff001000008528f3
:108224000400820425100000802004002120240280
:10823400000090ac1c00bf8f1800b28f1400b18fe7
:108244001000b08f0800e0032000bd27f9ff0010e4
:0c825400251000000800e00300000000fe
:020000040000fa
:020000041d02db
:10826000e8ffbd270500822c270040101400bfaf97
:1082700080100400039d043c8c8284242120820011
:108280000000828c0800400000000000a082029dd7
:10829000b882029dcc82029de082029df482029d02
:1082a000009d043cf3b7400f0c3e84241400bf8fa4
:1082b0000800e0031800bd27009d043c5cc8400f87
:1082c000103e8424faff00101400bf8f009d043c70
:1082d0005cc8400f203e8424f5ff00101400bf8fbf
:1082e000009d043c5cc8400f303e8424f0ff001029
:1082f0001400bf8f009d043c5cc8400f443e8424a2
:10830000ebff00101400bf8f009d043c5cc8400fc1
:0c831000503e8424e6ff00101400bf8fd4
:020000040000fa
:020000041d02db
:10831c000000a28c0400a38cc0ffbd273800b3afb3
:10832c003400b2af3000b1af2c00b0af3c00bfafe7
:10833c00258880002580a0000800b28c2000a2af08
:10834c00030060040c00b38c4408027c2000a2af34
:10835c002000a2271800a2af0a0002241400a2af2a
:10836c001000b2af0400c78c0000c68c8182400f95
:10837c00252000021000068e2000a38f2538400215
:10838c00ffffc6241000a3af2330c20021286202d5
:10839c00d08e400f252020020400238e0001633074
:1083ac00040060103c00bf8f0400038e2a204300a1
:1083bc000b1064003800b38f3400b28f3000b18fd3
:0c83cc002c00b08f0800e0034000bd272b
:020000040000fa
:020000041d02db
:1083d80068ffbd278c00b2af8800b1af8400b0af92
:1083e8002588a000258080002590c0002528000051
:1083f800540006242400a4279000b3af9400bfaf14
:1084080050a6400f2598e000ffff02241000a2affd
:1084180002010224020000161400a2af7800b0275f
:108428001800b0af1c00b1af0200201225100000e8
:10843800ffff22260c0021062000a2af00a0023c6c
:108448004f000324fc2a43acffff02249400bf8f93
:108458009000b38f8c00b28f8800b18f8400b08fea
:108468000800e0039800bd27000000a22530600244
:10847800252840021000a4272800b0af89c8400f63
:0c8488002400b0aff2ff00109400bf8f82
:020000040000fa
:020000041d02db
:1084940070ffbd278800b2af8400b1af8000b0afd9
:1084a4008c00bfaf258080002588a0002590c000e7
:1084b4001c00a0af5400a4af2000a4af04008004ab
:1084c400ffff0224ff7f023cffff423421108200a1
:1084d40025300000253800001800a42757c3400f9a
:1084e4005800a2afa000a28fa400a38f25284002a9
:1084f4001800a4271000a2af1400a3af4922400f14
:1085040001000624252040000800201225286000d0
:108514005800a28f5400a38f231862007000a28f0a
:108524002118620021800302000030ae8c00bf8f4e
:10853400251080002518a0008800b28f8400b18f18
:0c8544008000b08f0800e0039000bd270d
:020000040000fa
:020000041d02db
:108550002b00a10400000000d400838c0000628c7a
:108560000400648c19004450040060ac0000448c8a
:10857000000064ac00e0a37c080043ac00340600bb
:108580008001c634040046ac422f050004000324d9
:108590001200a31000000000000040ac140040ac2a
:1085a0000400e38c130060500400e2ac000062acf5
:1085b0000400e48c0400432400e0637c140083acda
:1085c0000400e2ac0800e00325100000e9ff4014bd
:1085d000000060ac0800e003030002240400438ca8
:1085e000010004248452837c040043acebff0010a0
:1085f000000040ac0000e2ac0800e00325100000e1
:088600000800e003feff022464
:020000040000fa
:020000041d02db
:10860800d8ffbd272400bfaf2000b2af1c00b1af18
:108618001800b0af259080000c00918c1400308eab
:108628001000a0af35bc400f1000a5271000023283
:1086380019004010030002321000b08f140030ae51
:108648001000228ec0004430251840000400037c2e
:108658000b10640001004430251840000442037cdc
:108668000a10640080821000000410322580020283
:10867800100030ae010002241e0042a6200040a6d1
:108688002400bf8f2000b28f1c00b18f1800b08f5c
:108698000800e0032800bd271000a38fe9ff6250ff
:1086a8001000228efcff0524eec1400f2520400259
:0886b800e4ff00101000228e07
:020000040000fa
:020000041d02db
:1086c000e0ffbd271c00bfaf1800b1af1400b0af72
:1086d000e1c4400f25808000180040101c00bf8faf
:1086e0003a000296240002a63000028e17004010c5
:1086f000010005241ec3400f0000000055c4400fb8
:1087000025884000e70342246210033cd34d6324d4
:1087100019004300101000008211020021105100c6
:10872000280002ae25280000bfba400f2520000215
:108730000e004014040002241c00bf8f1800b18feb
:108740001400b08f0800e0032000bd27bfba400f1f
:1087500025200002f9ff40101c00bf8f03000224f7
:108760001e0002a6f4ff0010200000a61e0002a6b4
:08877000f1ff0010200000a63b
:020000040000fa
:020000041d02db
:10877800d0ffbd272c00bfaf2800b4af2400b3af93
:108788002000b2af1c00b1af1800b0af2588800040
:1087980025a0a0002598c0002590e00000a0043c7a
:1087a80087bb400f9029842400a0023c9029508c5c
:1087b800170000560c00028e00a0043c1dbf400f9d
:1087c800902984242c00bf8f2800b48f2400b38ff5
:1087d8002000b28f1c00b18f1800b08f0800e00392
:1087e8003000bd271000a2af0400028e25384002d9
:1087f800253060022528800209f840002520200243
:108808000000108eedff005200a0043c0c00028e08
:10881800f4ff40500800028efaff51540000108ef9
:08882800f0ff00100800028eb1
:020000040000fa
:020000041d02db
:10883000d8ffbd272400bfaf2000b4af1c00b3afea
:108840001800b2af1400b1af1000b0afe880938f42
:108850000c00828c1b0040101c00748e2588800048
:10886000258000000b000010810012240800438cba
:10887000231883022b186400140060102400bf8f9b
:10888000010010260c00228e2b1002020f00401057
:108890002400bf8f2528000231cd400f2520200263
:1088a0000000439481006330f6ff725401001026eb
:1088b0001400648eedff80501800448cecff001013
:1088c0000800438c251000002400bf8f2000b48fc7
:1088d0001c00b38f1800b28f1400b18f1000b08f3e
:0888e0000800e0032800bd2799
:020000040000fa
:020000041d02db
:1088e800e0ffbd271c00bfaf1800b1af1400b0af48
:1088f800258080002588c0002200a39408006334e6
:108908002200a3a41000a48c0c008394f2ff63241b
:108918000c0083a42800b0ac00a0043c70cb400f2e
:10892800981e842406002016000000001c00bf8f3b
:108938001800b18f1400b08f0800e0032000bd2795
:1089480000d0400f000000005a0003961000633466
:108958005a0003a60881838f01006324088183af2e
:1089680000a0033c1c1f6324180064940100843495
:10897800180064a407d0400f2520400025300000cf
:108988000100052400a0043c82c6400f2c1f84244b
:08899800e7ff00101c00bf8f77
:020000040000fa
:020000041d02db
:1089a000d8ffbd272400bfaf2000b3af1c00b2af7b
:1089b0001800b1af1f00a0101400b0af1e00c0100f
:1089c0002580c0002588c0004fca400f2590a00018
:1089d00025984000180040102580000035c9400f40
:1089e0002520400015004010251000020800648e6c
:1089f0000400628e2310440025804000ffff4230b7
:108a00002b1022020100405425802002ffff10326b
:108a10000a00001225100002253000028879400f5c
:108a2000252840020800628e21105000020000102c
:108a3000080062ae25800000251000022400bf8fd0
:108a40002000b38f1c00b28f1800b18f1400b08fbc
:088a50000800e0032800bd2727
:020000040000fa
:020000041d02db
:108a5800e8ffbd271400bfaf1000b0af140082902c
:108a6800200042301100401025808000140002923e
:108a78000800423019004010253000003800028eee
:108a88003800428c2528000009f840000c00048eac
:108a98001800400403000224840002ae1400bf8fb3
:108aa8001000b08f0800e0031800bd271ec3400f58
:108ab800000000007000038e231043007400038e32
:108ac8002b104300f5ff4014010003241400029208
:108ad8004429627ce5ff0010140002a214000292ef
:108ae800010003240421627c140002a2ebff0010a1
:108af800840000ae3fc7400f25200002e8ff0010a9
:048b08001400bf8f07
:020000040000fa
:020000041d02db
:108b0c00280080140000000000a0023c4c28439078
:108b1c00010002242000621000a0033c1800a28c6b
:108b2c0022004010b82862ace8ffbd271400bfaf8c
:108b3c001000b0af2000a39400a0023c4c2850249d
:108b4c00700003a6010003244c2843a0010000a2de
:108b5c00020000a602000224040002ae080000a6d7
:108b6c000400a28c0c0002ae1000a28c200002aefd
:108b7c00480006242528000000a0043c50a6400f05
:108b8c0070288424251000021400bf8f1000b08fb1
:108b9c000800e0031800bd2700a0023c0800e00319
:108bac004c2842240800e003ffff02240800e003e5
:048bbc00ffff022491
:020000040000fa
:020000041d02db
:108bc000d8ffbd272400bfaf2000b3af1c00b2af59
:108bd0001800b1af1400b0af0000918c1800201243
:108be000258080000c00228e15004010259000008a
:108bf0002528400231cd400f252020022598400035
:108c00002528400064cb400f252020021000048e50
:108c10000c00828c09f840000400658e30000624a8
:108c20002528000050a6400f252060020100522692
:108c30000c00228e2b104202eeff40142528400229
:108c40001000048e0c00828c09f840000000058e94
:108c5000000000ae260000a62400bf8f2000b38fc6
:108c60001c00b28f1800b18f1400b08f0800e00311
:048c70002800bd27f4
:020000040000fa
:020000041d02db
:108c7400e0ffbd271c00bfaf1800b1af1400b0afb8
:108c840075bf400f258080001a0040500100112458
:108c94009fae400f25200002200040102580400098
:108ca4000100429011004014258800000c00028e3f
:108cb4000400401400a0023c0800028e0c0002ae26
:108cc40000a0023cd4264290100040140000000092
:108cd400c3ae400f25200002180000a2190000a214
:108ce40001000224010002a225880000e0c5400f13
:108cf40000000000251020021c00bf8f1800b18f57
:108d04001400b08f0800e0032000bd27918f400fae
:108d140025200002f0ff001000000000f3ff001007
:048d24000100112415
:020000040000fa
:020000041d02db
:108d2800e8ffbd271400bfaf1000b0afe1c4400f8b
:108d380025808000100040101400bf8f3a00029672
:108d4800200043300f006010040042301800401427
:108d5800060005243000028e04004010f8ff0524a8
:108d6800000040ac040040ac080040aceec1400f2d
:108d7800252000021400bf8f1000b08f0800e00308
:108d88001800bd273000028e05004010f8ff0524aa
:108d980000100324000043ac040040ac080040acc1
:108da800eec1400f25200002f3ff00101400bf8f12
:108db800bfba400f25200002efff40101400bf8ffc
:108dc800020002241e0002a6eaff0010200000a6ee
:020000040000fa
:020000041d02db
:108dd800e0ffbd271c00bfaf1800b2af1400b1af51
:108de8001000b0af2588a0004fca400f2590c000e2
:108df8001c004010258040003c00449401000324de
:108e08001900831425100000400002960300423028
:108e18001500401425100000010002240900221248
:108e280002000324100023162510000094cb400fe5
:108e38002520400205004054140002ae0a0000102c
:108e480025100000ffff0224140002ae4000029625
:108e5800010003240442627c400002a602000010c4
:108e680001000224251000001c00bf8f1800b28fdb
:108e78001400b18f1000b08f0800e0032000bd2758
:020000040000fa
:020000041d02db
:108e8800e0ffbd271c00bfaf2800a6af2c00a7af8e
:108e98000b0080141000a0af00a0023ca827428c51
:108ea8000700401000a0023cac27428c0400401090
:108eb8006081839301000224040062102530a00021
:108ec8001c00bf8f0800e0032000bd27608180a33d
:108ed8002800a7271000a7afc800052400a0043c5d
:108ee800f6a0400fe0268424ffff4324c700632c2c
:108ef8000d0060500100022400a0053ce026a524d6
:108f080021184500000060a000a0033ca8276324a6
:108f18000400648c1800878c2530400009f8e000b4
:108f28000800648c01000224e5ff0010608182a320
:020000040000fa
:020000041d02db
:108f3800d8ffbd272400bfaf2000b2af1c00b1afdf
:108f48001800b0af259080002588a0002580c000bb
:108f58001000a0a31000a627c6ac400faa00052445
:108f68000e0040142400bf8f110021061000a293a8
:108f7800050000061000a2930f0042300081100087
:108f8800258050001000b0a31000a693aa00052465
:108f980072ba400f252040022400bf8f2000b28ff4
:108fa8001c00b18f1800b08f0800e0032800bd270f
:108fb8000418027c0f003132258851001000b1a33b
:108fc800ff000624c600052472ba400f252040027f
:108fd800e7ff40102400bf8ff1ff00102000b28f80
:020000040000fa
:020000041d02db
:108fe800e0ffbd271400b0af00a0103c842a028e19
:108ff8001800b1af1c00bfaf0f00401425888000d7
:10900800a27e400f00000000842a028e0b0040144c
:109018000000000000a0023c0c000324fc2a43ac22
:10902800ffff02241c00bf8f1800b18f1400b08fff
:109038000800e0032000bd27842a028e0a00201ab7
:10904800211851002b206200f2ff801400a0043c7c
:10905800882a848c2b208300efff805400a0023cd8
:10906800f0ff0010842a03ae2b2043000500801473
:1090780000a0043c8c2a848c2b206400e9ff8050db
:10908800842a03ae00a0023ce4ff0010160003246b
:020000040000fa
:020000041d02db
:10909800d8ffbd272400bfaf2000b4af1c00b3af7a
:1090a8001800b2af1400b1af1000b0af259880001f
:1090b80025a0a0002590c000e7c9400f2588e00042
:1090c80015004010258040006e004490fdff832469
:1090d800ff0063300300632c1000601425100000ab
:1090e800080002240d0082502510000006002012fe
:1090f800253020022528800216a8400f252060026e
:10910800070040102400bf8f040040120100022411
:1091180002000010580012a6251000002400bf8f7e
:109128002000b48f1c00b38f1800b28f1400b18fc9
:0c9138001000b08f0800e0032800bd27e5
:020000040000fa
:020000041d02db
:10914400080cc6300500c010000000000a00e390bf
:109154000800022403006210000000000800e0037d
:1091640000000000e8ffbd271400bfafbc80828f61
:109174000d0040102400e494248083932b18830072
:109184000a0060502600e294801804002120640044
:10919400c0200400211044000a004490030003246a
:1091a4000c008350000043942600e2940100032441
:1091b4008452627c2600e2a40100062400010524f6
:1091c400b6a8400f1d0004241400bf8f0800e0035c
:1091d4001800bd270000e294f4ff62542600e294d4
:0c91e40004000224f8ff00100a00e2a0c2
:020000040000fa
:020000041d02db
:1091f000e0ffbd271c00bfaf1800b2af1400b1af35
:109200001000b0afe880918f0900201225100000f7
:109210000d00a01000000000060080101c00bf8f91
:1092200042008294400042300a0040142590c00061
:109230001c00bf8f1800b28f1400b18f1000b08fc8
:109240000800e0032000bd27f9ff80102510a000d2
:109250002590c0002580800058c5400f01000524de
:10926000f3ff40100100032442000496c418647cfc
:1092700006004312420004a602000324ecff4352fe
:10928000080030aeebff00101c00bf8fe8ff00109d
:0c929000040030aee6ff001025100000c6
:020000040000fa
:020000041d02db
:10929c00e0ffbd271c00bfaf1800b2af1400b1af88
:1092ac001000b0afe880928f1e004012faff02242b
:1092bc000000518e1c0020121c00bf8f0c00228e4f
:1092cc00170040102580000009000010252800021e
:1092dc0007bf400f25204002010010260c00228ef3
:1092ec002b100202100040101c00bf8f252800021a
:1092fc0031cd400f25202002f8ff405001001026f0
:10930c000000439401006330f4ff6050010010260c
:10931c00efff00102528400002000010faff022485
:10932c00251000001c00bf8f1800b28f1400b18fe5
:0c933c001000b08f0800e0032000bd27e7
:020000040000fa
:020000041d02db
:10934800d8ffbd272400bfaf2000b3af1c00b2afc9
:109358001800b1af1400b0af259080000f0080a0b6
:1093680025888000258000000f00132423d0400f9b
:1093780000002492ff0042300c004010000022a29e
:1093880001001026ff001032f8ff131601003126e5
:109398002400bf8f2000b38f1c00b28f1800b18f3c
:1093a8001400b08f0800e0032800bd270f00022e2c
:1093b800f7ff4010211050020100432621187000c9
:1093c8000e00042423809000ff0010322118700042
:1093d80020000424000044a001004224feff43545e
:0c93e800000044a0ebff00102400bf8f29
:020000040000fa
:020000041d02db
:1093f400d8ffbd272400bfaf2000b2af1c00b1af1f
:109404000300e0141800b0af03008050ffff1024e5
:109414000800c014ffff1024251000022400bf8f91
:109424002000b28f1c00b18f1800b08f0800e00339
:109434002800bd272580e0002510c0002590a0004d
:109444002588800000a0033cb426648ce80306242d
:109454002538000019008200122000003f3f400f11
:10946400102800001000b0af25384002253020023b
:10947400252840002a86400f252000002580400032
:10948400ffff0224e5ff0252251000021da3400f36
:0c94940025200002e1ff0010251000025e
:020000040000fa
:020000041d02db
:1094a000e0ffbd271800b2af1400b1af0c00928ce2
:1094b0000800918c1000b0af1c00bfaf1300511614
:1094c000258080002530a00001000424b6c8400f8c
:1094d0002528000027180300050040102728020057
:1094e00000a0043cd021828c24104500d02182ac05
:1094f000ffff02240500621000a0023cd02142249c
:109500000400448c24186400040043ac0400028e60
:10951000080051ae0c0032ae010043340400027c5e
:10952000040003ae218002020000028e1c00bf8fe7
:109530001800b28f01004234000002ae1400b18f57
:0c9540001000b08f0800e0032000bd27e1
:020000040000fa
:020000041d02db
:10954c00c23d0400ff00e7300080013c2430810064
:10955c00ffffe924fe00212d0d002010000000006b
:10956c008003e724404a0400024b09002530c9005f
:10957c00402f0400004d07002530c90025100500c0
:10958c00251806000800e0030000000000000000a1
:10959c000000052421208400f6ff8010000000004c
:1095ac000900e01400000000ffffe72421208400e4
:1095bc008000013c2b088100fbff20140000000000
:1095cc00e7ff001000000000ff07072400ff013c2c
:1095dc00010021342b088100e6ff2014000000005c
:0c95ec00e4ff0010f8ff063c0000000047
:020000040000fa
:020000041d02db
:1095f8000000a28c2600401000000000e0ffbd27fc
:109608001c00bfaf1800b1af1400b0af2530a000e8
:10961800258080004000918c0400438c01000424c4
:10962800c4ff837c040043ac0400a28c0400438c78
:1096380084f7837c040043ac25380000d800058eed
:10964800cc6b400f2520000281d1400f252020023d
:1096580008004050d800028eadd0400f25202002cf
:109668001c00bf8f1800b18f1400b08f0800e003f2
:109678002000bd270000458c0400a52400e0a57c3f
:1096880072d0400f25202002f3ff001000000000d8
:089698000800e00300000000df
:020000040000fa
:020000041d02db
:1096a00000a0023c7c29428c2500401800000000ec
:1096b000e8ffbd271400bfaf1000b0af1c00858cc1
:1096c000040003240800a310ffff422400a0033c71
:1096d000170040107c2962ac1400bf8f1000b08fbf
:1096e0000800e0031800bd2700a0023c802942903a
:1096f000faff40101400bf8f00a0023c7429508c68
:109700004ed0400f1400848c001902002310620018
:109710008010020021200202f0ff80501400bf8f51
:10972000e1bf400f00000000ecff00101400bf8fed
:10973000ea80400f00000000e8ff00101400bf8f17
:089740000800e0030000000036
:020000040000fa
:020000041d02db
:10974800e0ffbd271c00bfaf1800b2af1400b1afd7
:109758001000b0af2590a0000d0080102588c00033
:109768004200829440004230130040140000000080
:109778000900e014252820023aa0400f25204002c5
:1097880012004010258040000d000010000000006d
:10979800f9ffe0102528200233ae400f25200000f5
:1097a8000a004014258040003aa0400f25204002be
:1097b80006000010258040000400e0142580800089
:1097c80063cd400f25200002000022ae25100002c4
:1097d8001c00bf8f1800b28f1400b18f1000b08f1b
:0897e8000800e0032000bd278a
:020000040000fa
:020000041d02db
:1097f000ffff823022004014ffff843000a0023cb3
:10980000401804002118640080180300a82742248f
:10981000211043000400438c1b0060100000000076
:10982000e8ffbd271400bfaf401004002120440012
:109830008020040000a0023ca827422421208200ae
:109840002800628c09f840000800848c0100032481
:10985000080043500200022406004050251000007a
:109860000200423801000424ffff03240a1882008a
:10987000251060001400bf8f0800e0031800bd270a
:109880000800e003ffff02240800e00325100000a9
:08989000f8ff00102510000094
:020000040000fa
:020000041d02db
:10989800d0ffbd272c00bfaf2800b4af2400b3af62
:1098a8002000b2af1c00b1af1800b0af039d103c50
:1098b800044710260800142603001124beff1324b1
:1098c80004000010ff0012240200102612001412d7
:1098d80025102002000003960002627c2510530028
:1098e8001400a2a31500a3a31600a0a30300062436
:1098f8001000a527e7ae400f1400a4271200a2937a
:10990800f1ff5250fd003132efff4010fe003132be
:10991800edff0010fd0031322c00bf8f2800b48ffe
:109928002400b38f2000b28f1c00b18f1800b08fb5
:089938000800e0033000bd2728
:020000040000fa
:020000041d02db
:10994000251080002600c0101000ca2c1f004015f2
:10995000ff00a530005205002528aa00005405008c
:109960002528aa00030083300500601004000724a6
:109970002338e3002330c700000085b8212087008a
:109980000f00c3302338c3000800e010253060000a
:109990002138e400000085ac040085ac080085aceb
:1099a00010008424fbff8714fcff85ac0300c33048
:1099b0002338c3000500e010253060002138e400a2
:1099c00004008424feff8714fcff85ac0400c01053
:1099d0002138c40001008424feff8714ffff85a006
:0899e0000800e0030000000094
:020000040000fa
:020000041d02db
:1099e800756c033cc8ffbd27286e63241800a3af1d
:1099f8006c2903243000b4af2c00b3af2800b2aff9
:109a08002400b1af2000b0af3400bfaf2590800074
:109a18002510e0001c00a3a71e00a0a30400b18c21
:109a28000800b38c0000b48c0200c0101800b027e6
:109a38002580c0000300401400000000e279400fb8
:109a480025200002020020062b1822020b102302f8
:109a58001000b4af253860022528000225204002f6
:109a6800d08e400f253040003400bf8f3000b48fb7
:109a78002c00b38f2800b28f2400b18f2000b08f44
:089a88000800e0033800bd27cf
:020000040000fa
:020000041d02db
:109a9000e0ffbd271400b0af25808000022507003d
:109aa0001800b1af00089130ff0784301c00bfaf31
:109ab0002510c0000e0080142528e000039d023c04
:109ac0002540c0002518e000283c468c2c3c478ce3
:109ad00025200001cf48400f252860002528600080
:109ae0000055637c0200601000080424c1ff642458
:109af000c237020040180500401002002518c300bc
:109b00001c00bf8f000002ae00a0637c2000023c5e
:109b100025184300ccfb84240c0011ae2510000254
:109b2000040003ae080004ae1800b18f1400b08f1b
:089b30000800e0032000bd273e
:020000040000fa
:020000041d02db
:109b3800d8ffbd272400bfaf2000b3af1c00b2afd1
:109b48001800b1af1400b0af258880002580a000b0
:109b58002590c0000200a2300b0040142598e000b8
:109b68000100103212000016253060022400bf8f59
:109b78002000b38f1c00b28f1800b18f1400b08f73
:109b88000800e0032800bd272530e0002528400212
:109b9800e9b3400fd400848c2530600225284002a8
:109ba800e9b3400fd800248eeeff001001001032f8
:109bb80025284002e9b3400fdc00248e25306002de
:109bc80025284002e9b3400fe000248ee8ff00108a
:049bd8002400bf8f17
:020000040000fa
:020000041d02db
:109bdc002000801000000000000082941f00401044
:109bec00020003240c00868c2000c31425100000f6
:109bfc000c00a014000000000400828c1b0040101c
:109c0c00000000000800458c1600a31400000000a2
:109c1c0002004294010042300a2002000800e003d6
:109c2c0025108000e8ffbd271400bfaf1000b0afb7
:109c3c00258080007fad400f0400848c0a800200d8
:109c4c00251000021400bf8f1000b08f0800e00335
:109c5c001800bd270800e003251000000800e003f1
:109c6c00251000000800e003251000000800e003a8
:049c7c0000000000e4
:020000040000fa
:020000041d02db
:109c8000e8ffbd271400bfaf1000b0af6080828f27
:109c9000140040105080828f120040102580000078
:109ca00009000010801010006696400f0200052485
:109cb000010010265080828f2b1002020a004010f3
:109cc0005480848f801010006080838f2110620088
:109cd0000000448cf4ff801425300000f5ff0010d4
:109ce000010010265480848f0c00828c09f84000fb
:109cf0006080858f608080af508080af4c80848f83
:109d0000050080101400bf8f79cc400f00000000c8
:109d10004c8080af1400bf8f1000b08f0800e003ac
:049d20001800bd2743
:020000040000fa
:020000041d02db
:109d2400e0ffbd271c00bfaf1800b2af1400b1aff5
:109d34001000b0af258880005e0092941800908ccb
:109d44001400828c23800202a8c7400fffff103248
:109d540023100202ffff4330140003122b2043029e
:109d64000c00801025100000428010006400229630
:109d7400ffff44302b2004020200801023187200dd
:109d840025100002ffff42302a1843000700601428
:109d9400251000001c00bf8f1800b28f1400b18f73
:109da4001000b08f0800e0032000bd270100062446
:109db400100005242b1c400f25202002f5ff001065
:049dc4000100022474
:020000040000fa
:020000041d02db
:109dc800e8ffbd271400bfaf1000b0afe880828f56
:109dd80020004050251000001b0080102580a000a6
:109de800010003240300a3100200a5380300032484
:109df8000b80650025288000d694400f0000448c15
:109e0800130040102518400000004494800084305e
:109e180010008010251000002a0062902480500055
:109e28000100043202008010251000002600629014
:109e380002001032080000121400bf8f2700639040
:109e4800040000102110430002000010251000003b
:109e5800251000001400bf8f1000b08f0800e00329
:049e68001800bd27fa
:020000040000fa
:020000041d02db
:109e6c002400801000000000d8ffbd272400bfafe5
:109e7c002000b4af1c00b3af1800b2af1400b1afe8
:109e8c001000b0af00a0023ca421538c1b00601a40
:109e9c001081908f25a08000030000102588000001
:109eac000b0033126c0010264400128efcff405243
:109ebc00010031260400458e3388400f2520800296
:109ecc00f7ff4014010031260200001000004296fa
:109edc00001002242400bf8f2000b48f1c00b38f0d
:109eec001800b28f1400b18f1000b08f0800e0037f
:109efc002800bd270800e00300100224f5ff001025
:049f0c00001002241b
:020000040000fa
:020000041d02db
:109f10002600c01025100000e0ffbd271c00bfafc9
:109f20001800b1af1400b0af1400908c0900a0105d
:109f3000060002260300a3880000a398030003aada
:109f4000000003ba0400a390040003a20500a3903c
:109f5000050003a2258880000300c3880000c39881
:109f6000030043a8000043b80400c390040043a0ca
:109f70000500c390050043a05b56400f2520e0007c
:109f80000c0002a61000238e0c0062940e004224e6
:109f90000c0062a4010002241c00bf8f1800b18fc6
:109fa0001400b08f0800e0032000bd270800e00384
:049fb00000000000ad
:020000040000fa
:020000041d02db
:109fb4001700c0101000828c240040100000000024
:109fc400030000101c00868c2000401000000000dc
:109fd4000800438c2b20c300fbff80540000428cfc
:109fe4000e004494211864002b206600f6ff805470
:109ff4000000428c2b30a6000500c0540000428ca7
:10a004002b18650011006010000000000000428c55
:10a01400060040540800438c0c00001000000000af
:10a024000a004010000000000800438c2b20a3000d
:10a03400fbff80540000428c0e00449421186400fd
:10a044002b186500f6ff60540000428c0800e00302
:04a054000000000008
:020000040000fa
:020000041d02db
:10a058002500c01000000000e0ffbd271c00bfafb6
:10a068001800b1af1400b0af2588c000e7c9400f91
:10a078002580a00009004010251840006f0044907a
:10a0880008009010251000001c00bf8f1800b18f29
:10a098001400b08f0800e0032000bd27faff00106d
:10a0a800251000006e006690fdffc524ff00a53056
:10a0b8000300a52cf5ffa0141c00bf8f0800022484
:10a0c8000700c21001000524efff851425100000c9
:10a0d8000000228e380062acebff00100100022461
:10a0e800e9ff0010251000000800e003251000001b
:020000040000fa
:020000041d02db
:10a0f8001f00a010000000000000a28c1e004010ed
:10a10800000000001e008010000000004200839440
:10a118004000683003000015faff02240800e0033d
:10a1280000000000e0ffbd270a00e0101c00bfafe0
:10a138000010633014006014010007241000a6af5b
:10a14800fe70400f040086241c00bf8f0800e00347
:10a158002000bd279285400f000000000200032464
:10a16800ffff04240b206200f7ff00102510800079
:10a178000800e003fbff02240800e003fbff0224c1
:10a188000800e003faff0224efff0010f8ff0224a2
:020000040000fa
:020000041d02db
:10a19800e0ffbd271c00bfaf1800b1af2200801040
:10a1a8001400b0af00d0400f2588800048002392eb
:10a1b80018006014ffff632407d0400f25204000db
:10a1c8002400228e06004010258000000400438ce5
:10a1d8002b2803020000428cfcff40140b80650012
:10a1e80000d0400f000000004800239201006324c3
:10a1f800480023a207d0400f25204000c0101000bf
:10a208001c00bf8f1800b18f1400b08f0800e00346
:10a218002000bd27480023a207d0400f252040007a
:10a22800e8ff00102400228ef4ff001025800000b3
:020000040000fa
:020000041d02db
:10a2380023008010000000002300a010251000005b
:10a24800c0ffbd273c00bfaf3800b1af3400b0af8e
:10a258002580c0002588a000030082901400a2afca
:10a26800020082901000a2af010087900000869043
:10a27800039d053cc819a524efcd400f1800a4275d
:10a28800e279400f1800a427010046242b3006026b
:10a298000600c010251000003c00bf8f3800b18fa9
:10a2a8003400b08f0800e0034000bd271800a52740
:10a2b8009c6c400f25202002f7ff001001000224ab
:10a2c8000800e003251000000800e003000000007b
:020000040000fa
:020000041d02db
:10a2d8000200832c2400601425100000e0ffbd2735
:10a2e8001c00bfaf1800b1af1400b0af2588c00084
:10a2f8002580a0000021040000a0023c1c1f42246d
:10a3080021204400080082942510a200080082a49d
:10a3180082c6400f253000000001023204004010c0
:10a3280000000000f480828f01004224f48082af94
:10a3380006002012251020021c00bf8f1800b18fc4
:10a348001400b08f0800e0032000bd27253000006e
:10a358002528000200a0043c82c6400f2c1f84243c
:10a36800f5ff0010010002240800e00300000000cf
:020000040000fa
:020000041d02db
:10a3780000a0023cd826438c210060100000000099
:10a38800070064541c00628c1c00828c0f00405033
:10a398002518400009000010251800001c00628cd8
:10a3a8001900401000000000fcff825425184000ee
:10a3b8001c00828c090040501c0062ac0c00868c8a
:10a3c8000c00458c2128a6000c0045ac0600605006
:10a3d80000a0023c1c00828c1c0062ac251000000e
:10a3e8000800e0031c0080aca82642243000438cff
:10a3f8001c00638c300043acf9ff001001000224fc
:10a408000800e003251000000800e0032510000004
:020000040000fa
:020000041d02db
:10a41800e0ffbd271c00bfaf1800b0af1500a010ab
:10a4280025808000010002241000a2af010007244b
:10a43800010006242098400f9e0005240500405086
:10a44800010002241c00bf8f1800b08f0800e00331
:10a458002000bd271000a2af01000724253000000e
:10a468009e0005242098400f25200002f6ff0010ca
:10a478001c00bf8f1000a0af01000724253000008a
:10a488002098400f9e000524efff40541c00bf8f0a
:10a498001000a0af01000724010006249e00052437
:10a4a8002098400f25200002e7ff00101c00bf8ff6
:020000040000fa
:020000041d02db
:10a4b800e8ffbd271400bfaf1000b0af2e80829315
:10a4c80018004010258080002530000072ba400f27
:10a4d800120005241b0040141400bf8f010006243d
:10a4e8001200052472ba400f2520000215004014fe
:10a4f8001400bf8f010006241300052472ba400f10
:10a50800252000020f0040541400bf8f25300000a2
:10a518001200052472ba400f25200002090000101d
:10a528001400bf8fbdd1400f01000424c4ca400fde
:10a5380002000424bdd1400f252000002510000092
:10a548001400bf8f1000b08f0800e0031800bd276b
:020000040000fa
:020000041d02db
:10a55800e0ffbd271800b2af1400b1af1000b0afd4
:10a568001c00bfaf2590a00000a0113c040080147f
:10a5780025808000042b308e0b0000121c00bf8f3a
:10a5880025200002c598400f25284002218002029c
:10a59800000002820a00405425284002042b20ae05
:10a5a800258000001c00bf8f251000021800b28f04
:10a5b8001400b18f1000b08f0800e0032000bd2701
:10a5c8009b99400f252000022110020200004380c1
:10a5d80005006010042b22ae01004324042b23ae97
:10a5e800f0ff0010000040a0eeff0010042b20ae8a
:020000040000fa
:020000041d02db
:10a5f80000a0033cd82363240a008314251000001c
:10a608001e008010000000000200e010200002245c
:10a618000000e2ac1b00a0102000c62c0300c010f4
:10a62800251000000800e0030000000000a0023c24
:10a63800d823422420004a8c2400498c2800488cc6
:10a648002c00478c3000468c3400448c3800438cf6
:10a658003c00428c0000aaac0400a9ac0800a8acdd
:10a668000c00a7ac1000a6ac1400a4ac1800a3ac56
:10a678001c00a2ac0800e003200002240800e0034c
:0ca68800251080000800e00325100000f1
:020000040000fa
:020000041d02db
:10a6940000a0033cd8236324220083142510000067
:10a6a4001c0080100000000000a0023cec2342903b
:10a6b400040042301900401000000000e8ffbd27ec
:10a6c4001400bfaf1000b0af258060003800628c6a
:10a6d4001000428c09f840000800648c8400028e4b
:10a6e40080100200029d033c802763242110430054
:10a6f4000000428c09f84000252000021400029258
:10a704000001427c1400bf8f1000b08f0800e003ea
:10a714001800bd270800e003251000000800e0032e
:0ca72400251000000800e0030000000009
:020000040000fa
:020000041d02db
:10a7300034008594020003242200a3142510000095
:10a740001400828c1d00401000000000e0ffbd27b7
:10a750001c00bfaf1800b0af258080001000a627f6
:10a760001800858c2283400f2520400025184000ca
:10a770000100022409006250020002240500600466
:10a78000feff022436000496030003240700831012
:10a7900025100000180000ae340000a61c00bf8f7a
:10a7a0001800b08f0800e0032000bd271000a2971a
:10a7b0003a0002a6f7ff0010251000000800e00391
:0ca7c000ffff02240800e003000000007e
:020000040000fa
:020000041d02db
:10a7cc000000838c0d00651000000000210060105b
:10a7dc00000000000000628c1200a25025106000e6
:10a7ec001a004010000000000000438c0e00655061
:10a7fc000000a38cfaff001025106000e8ffbd27b5
:10a80c001400bfaf1000b0aff3c7400f2580a000fd
:10a81c00251000021400bf8f1000b08f0800e00359
:10a82c001800bd270000a38c000043ac0400838cef
:10a83c0001006550040082ac0800828cffff4224aa
:10a84c00080082ac0800e0032510a0000800e0031b
:0ca85c00000000000800e0032510600070
:020000040000fa
:020000041d02db
:10a86800020000005408019da096029d030000000c
:10a878009091019ddce1019d060000008cda029dab
:10a888000c14039d0900000094d7019d3486019d96
:10a898000a000000b4bd019d080f029d0e000000d3
:10a8a800d8ab019d3cc5029d0f000000e00b019d47
:10a8b80038ad029d1d000000581d029d2c80029d90
:10a8c80019000000e43a019dd814039d1f00000000
:10a8d800443c029da803039d0608000102000008ed
:10a8e80000000300ffff00000400ffff0000050058
:0ca8f80080d7009d84d7009d88d7009d6c
:020000040000fa
:020000041d02db
:10a90400e8ffbd271400bfaf4fca400f1000b0af1f
:10a9140020004010258040003c00449401000324a2
:10a9240005008310251000001400bf8f1000b08fa5
:10a934000800e0031800bd270c00028e0700401039
:10a9440001000624220042940800423009004050cd
:10a95400400003960c0000ae01000624010005240b
:10a96400068d400f25200002efff40502510000007
:10a974004000039600026330ebff6014c00502241c
:10a984000400028e0800038e23104300e6ff00102b
:0ca99400ffff4230e4ff0010251000001f
:020000040000fa
:020000041d02db
:10a9a00000008380230060500000a2800000a68089
:10a9b0000b00c014ff0067300800e0032510000002
:10a9c0001900c31401008424000083801800601063
:10a9d0000100a5240000a6801100c010ff00673010
:10a9e000bfffe224ff0042301a00422c0400405016
:10a9f000ff00c7302000e324201c037cff00c73089
:10aa0000bfffe224ff0042301a00422cecff40104e
:10aa1000000000002000e624e9ff00102034067c3e
:10aa20000800e003251000000800e00325100000e6
:0caa30000000a2800800e0030100422c9e
:020000040000fa
:020000041d02db
:10aa3c00fcffac240500882d040002240b108801b7
:10aa4c0020008011254040002550000025100000fa
:10aa5c0003000e240800001004000d2404004a25f5
:10aa6c002340aa000500032d0a40a3012b184c011a
:10aa7c0012006010000000000e000019215848015f
:10aa8c0021188a00214003012538000023306a0078
:10aa9c002130cb000000c690000069902630c90020
:10aaac0001006324f9ff03152538e600ebff0010c5
:10aabc000a10c701e9ff0010030002240800e0039c
:0caacc00000000000800e003251000005e
:020000040000fa
:020000041d02db
:10aad800e0ffbd271c00bfaf1800b1af1400b0af36
:10aae800258080003800918c1c00228e09f84000d7
:10aaf8000c00848c010003240f0043101c00bf8f3e
:10ab08002000228e09f840000c00048e0e0040142c
:10ab1800000000007800028e010042300e00401054
:10ab2800020003241400028e0001427c0b1802006c
:10ab3800840003ae1c00bf8f1800b18f1400b08fc3
:10ab48000800e0032000bd273fc7400f2520000272
:10ab5800f9ff00101c00bf8f3fc7400f25200002df
:08ab6800f5ff00101c00bf8f77
:020000040000fa
:020000041d02db
:10ab7000e8ffbd271400bfaf1000b0af0100a53043
:10ab80001500a0144000908ca9d0400f2520000291
:10ab9000b1d0400f2520000299d0400f252000029f
:10aba0009dd0400f25200002a1d0400f252000029b
:10abb00046d1400f25200002fdff4014ef6305241d
:10abc00058d1400f252000021400bf8f1000b08f15
:10abd0000800e0031800bd27a9d0400f252000027f
:10abe00049d1400f25200002fdff40140000000065
:10abf0004cd1400f25200002fdff40140000000052
:08ac0000e1ff0010000000005c
:020000040000fa
:020000041d02db
:10ac0800e8ffbd271400bfaf1000b0afe1c4400f8c
:10ac180025808000150040101400bf8f3a0002966e
:10ac280004004330050060543000048e220003966f
:10ac380011006014010005243000048e0800801003
:10ac4800252800008000437c100042302528600041
:10ac5800040063340a18a200000083ac2528000011
:10ac6800eec1400f252000021400bf8f1000b08fe6
:10ac78000800e0031800bd27bfba400f25200002d6
:10ac8800faff40101400bf8f020002241e0002a623
:08ac9800f5ff0010200000a6ea
:020000040000fa
:020000041d02db
:10aca0006f008590010003240300a310ffff02241e
:10acb0000800e003000000003800838cfcff6010f7
:10acc00000000000e8ffbd271400bfaf1000b0afc8
:10acd000258080003a00829438008394211043003c
:10ace00058008394211043005a0083942610430097
:10acf0006a0082a455c4400f700080a08210020038
:10ad0000480002ae01000624020005242b1c400f5f
:10ad100025200002050040101400bf8f03004018da
:10ad2000ffff0224010002241400bf8f1000b08f27
:08ad30000800e0031800bd2734
:020000040000fa
:020000041d02db
:10ad380090ffbd276c00bfaf6800b1af6400b0af33
:10ad4800e480828f0600401c258080006c00bf8f45
:10ad58006800b18f6400b08f0800e0037000bd2761
:10ad6800e880918f1000a527599e400f2400248663
:10ad7800060040501c00038e5800a38f1400028e5a
:10ad88000d006210010005241c00038e020002243d
:10ad9800efff62146c00bf8fe480828fffff4224b4
:10ada800eaff4014e48082af3cbb400f252020021c
:10adb800e6ff0010e88080af518f400f2400248602
:08adc800f2ff00101c00038ed5
:020000040000fa
:020000041d02db
:10add000e0ffbd271c00bfaf1800b1af1400b0af3b
:10ade0000d008290070040142588000025102002e5
:10adf0001c00bf8f1800b18f1400b08f0800e00353
:10ae00002000bd272588a00000d0400f25808000ad
:10ae10000c0003920f006014ffff632407d0400f63
:10ae20002520400025282002f3a9400f25200002fc
:10ae300000d0400f258840000c00039201006324dd
:10ae40000c0003a207d0400f25204000e8ff0010af
:10ae5000251020020c0003a207d0400f252040003f
:08ae6000f1ff0010252820027b
:020000040000fa
:020000041d02db
:10ae68000d00829003004014000000000800e00379
:10ae780000000000e0ffbd271c00bfaf1800b1af05
:10ae88001400b0af00d0400f258080000c00039262
:10ae980014006014ffff632407d0400f25204000f2
:10aea80025880002f3c7400f25202002fdff40142b
:10aeb8000000000000d0400f000000000c000392ca
:10aec800010063240c0003a207d0400f2520400096
:10aed8001c00bf8f1800b18f1400b08f0800e0036a
:10aee8002000bd270c0003a207d0400f25204000fa
:08aef800ecff001025880002a8
:020000040000fa
:020000041d02db
:10af00002300c01000000000e0ffbd271c00bfaf01
:10af10001800b1af1400b0af2588c0004fca400f71
:10af20002580a0000a004010251840003c004494f1
:10af30000900901001000524251000001c00bf8f9f
:10af40001800b18f1400b08f0800e0032000bd2767
:10af5000faff001025100000f8ff851425100000ee
:10af60004000649403008430f5ff80141c00bf8f00
:10af70000000228e140062ac4000629401000424a0
:10af80000442827c400062a4ecff00100100022415
:08af90000800e0032510000099
:020000040000fa
:020000041d02db
:10af9800e8ffbd271400bfaf5881828f1f004050c3
:10afa800251000001d0080502510000008004410e6
:10afb800251880000800448c1800805025100000d7
:10afc8000f0064500800838cfaff001025108000e1
:10afd8005c81828f07004450588182270800828c48
:10afe800588182afa06e400f252060000b00001032
:10aff80001000224000040acfaff0010040040ac3d
:10b00800080043ac5c81838f010064505c8182af8f
:10b01800a06e400f00000000010002241400bf8f42
:08b028000800e0031800bd2739
:020000040000fa
:020000041d02db
:10b030000400c92805002011213886001700c01c13
:10b04000000000000800e0032510000025408500f6
:10b050000300083103000011000000001000001080
:10b06000000088900000888c0000a98c04008424d3
:10b07000050009110400a524fcffa524fcff84247d
:10b080000700001000008890fcffc624f5ffc01cdc
:10b09000000000000800e003251000000000889078
:10b0a0000000a99001008424030009110100a524d7
:10b0b0000800e00323100901f8ff871400000000d6
:08b0c0000800e0032510000068
:020000040000fa
:020000041d02db
:10b0c800e0ffbd271c00bfaf1800b1af1400b0af40
:10b0d800258080003800918c1c00228e09f84000e1
:10b0e8000c00848c010003240e0043101c00bf8f49
:10b0f8002000228e09f840000c00048e0d00401438
:10b10800780006263c00228e2528000009f8400019
:10b118000c00048e0b00400404000224840002aedc
:10b128001c00bf8f1800b18f1400b08f0800e00317
:10b138002000bd273fc7400f25200002f9ff00105f
:10b148001c00bf8f3fc7400f25200002f5ff0010ed
:04b158001c00bf8f89
:020000040000fa
:020000041d02db
:10b15c0000a0033cd823632420008314faff0224ac
:10b16c001a0080100000000000a0023ce823438c71
:10b17c000200022417006214000000001700a01047
:10b18c0025100000e8ffbd271400bfaf1000b0afc2
:10b19c002580a00000a0023cdac9400f1824448c82
:10b1ac0003000224080002ae010002240c0002aecf
:10b1bc00dc050224100002ae251000001400bf8f25
:10b1cc001000b08f0800e0031800bd270800e00352
:10b1dc00faff02240800e003feff02240800e0034b
:04b1ec00000000005f
:020000040000fa
:020000041d02db
:10b1f0000d00829003004014000000000800e003ee
:10b2000000000000e0ffbd271c00bfaf1800b1af79
:10b210001400b0af2588a00000d0400f258080002a
:10b220000c00039212006014ffff632407d0400f4c
:10b23000252040002528200270cb400f2520000249
:10b2400000d0400f000000000c00039201006324b6
:10b250000c0003a207d0400f252040001c00bf8f28
:10b260001800b18f1400b08f0800e0032000bd2744
:10b270000c0003a207d0400f25204000eeff001075
:04b28000252820025b
:020000040000fa
:020000041d02db
:10b28400e0ffbd271c00bfaf1800b1af1400b0af82
:10b29400258080002c00848c040080102588a00068
:10b2a4000900062498af400f020005241400201260
:10b2b4002c0011ae1c00238e1000228e300002ae32
:10b2c4000c004294f8ff4224340002a60400629465
:10b2d400360002a61c00228e08004224380002ae6a
:10b2e40025282002c48c400f252000021c00bf8f9b
:10b2f4001800b18f1400b08f0800e0032000bd27b0
:10b30400300000ae340000a6360000a6f4ff0010a2
:04b31400380000ae4f
:020000040000fa
:020000041d02db
:10b3180020008010000000002000c0100002a32cb4
:10b3280003006014010002240800e003000000008c
:10b33800e0ffbd271c00bfaf1800b0af2580c000dc
:10b3480000008290401002007e0043300212050087
:10b358002510430080ff0324251043001000a2a3fa
:10b368001100a5a31200a0a3030006241400a5271a
:10b37800e7ae400f1000a4271600a293000002a217
:10b38800251000001c00bf8f1800b08f0800e003d4
:10b398002000bd270800e003010002240800e003a4
:04b3a800010002247a
:020000040000fa
:020000041d02db
:10b3ac002000801000000000e0ffbd271c00bfaf94
:10b3bc001800b0af25808000040080a01000a627e4
:10b3cc00c6ac400f25280000050040501000a29389
:10b3dc001c00bf8f1800b08f0800e0032000bd27b1
:10b3ec00010002a21100a62701000524c6ac400fe3
:10b3fc0025200002f6ff40141100a3930f006430c7
:10b40c00020004a202190300030003a21000a4937b
:10b41c00f20003240500831401000324ecff001048
:10b42c00040003a20800e00301000224e8ff00105e
:04b43c0003000224e3
:020000040000fa
:020000041d02db
:10b44000080082282100401000a0033c40100400a6
:10b450002110440080100200c02863242110430002
:10b460000000438cfeff0224100062144010040010
:10b47000211044008018020000a0023cc028422491
:10b480002110430008000524feff06240100842447
:10b490000c008510000000000c0042240000438cca
:10b4a000fbff66500100842440100400211044007a
:10b4b0008020020000a0023cc02842240800e003d3
:10b4c000211044000800e003251000000800e003fc
:04b4d0002510000043
:020000040000fa
:020000041d02db
:10b4d40022008010000000006c0085ac700086ac77
:10b4e400740080ac096a023c67e64234000082ac16
:10b4f40067bb023c85ae4234040082ac6e3c023c25
:10b5040072f34234080082ac4fa5023c3af542344f
:10b514000c0082ac0e51023c7f524224100082acdb
:10b52400059b023c8c684224140082ac831f023cbd
:10b53400abd94234180082ace05b023c19cd4234f2
:10b544001c0082ac600080ac640080ac680080acfd
:10b55400780080ac0800e003251000000800e00338
:04b5640053ff02246b
:020000040000fa
:020000041d02db
:10b56800e8ffbd271000b0af1400bfaf48008280cd
:10b57800ffff432425104300480082a01800838c55
:10b588001400828c2b10620005004010258080007a
:10b598002c00828c2530000009f840002528000086
:10b5a8000400028e280000ae180000ae02004330ee
:10b5b80008006010140000ae10004234040002ae0f
:10b5c800ffff02241400bf8f1000b08f0800e003b3
:10b5d8001800bd270800038e0c00048ec000427cb2
:10b5e8002310020021186400400003aef5ff00108c
:04b5f8003c0003ae62
:020000040000fa
:020000041d02db
:10b5fc00e0ffbd271c00bfaf1800b1af17008010d3
:10b60c001400b0af0800838c0200022415006214f1
:10b61c0025888000020082940100423012004050c4
:10b62c002588000000d0400f00000000000023928d
:10b63c0005006014ffff632407d0400f2520400055
:10b64c000a00001025102002000023a207d0400f92
:10b65c0025204000050000102510200202000010db
:10b66c002588000025880000251020021c00bf8fb3
:10b67c001800b18f1400b08f0800e0032000bd2724
:020000040000fa
:020000041d02db
:10b68c000000838c0d006510000000001e0060108f
:10b69c00000000000000628c0f00a250251060001a
:10b6ac0017004010000000000000438c0b00655098
:10b6bc000000a38cfaff001025106000e8ffbd27e6
:10b6cc001400bfaf99c7400f000000001400bf8fdb
:10b6dc000800e0031800bd270000a38c000043ac59
:10b6ec000400838c01006550040082ac0800828c3d
:10b6fc00ffff4224080082ac0800e0032510a000e4
:10b70c000800e003000000000800e00325106000c2
:020000040000fa
:020000041d02db
:10b71c00e0ffbd271c00bfaf1800b2af1400b1afe3
:10b72c001000b0af258880002580a000a3ad400f8d
:10b73c002520c00007000252040012921c00bf8f8b
:10b74c001800b28f1400b18f1000b08f0800e00306
:10b75c002000bd27100006242528000050a6400f0d
:10b76c0025200002252800021ccb400f7400242643
:10b77c00010002240b0002a203000224f0ff421677
:10b78c001c00bf8f88bf043c09d1400f009084344b
:10b79c0002002296c418027ce8ff0010020022a6c8
:020000040000fa
:020000041d02db
:10b7ac00e0ffbd271c00bfaf1800b1af1400b0af55
:10b7bc008010040021204400c0200400bc80908f25
:10b7cc00218004020a000392070002241200621076
:10b7dc002588a000619d400f1c00048610004010bd
:10b7ec001c00bf8f26000396000163300d006054cf
:10b7fc001800b18f0b0020521800b18f25280000c3
:10b80c00e1c8400f0c000486070002240a0002a2c3
:10b81c000200001025102002010002241c00bf8f22
:10b82c001800b18f1400b08f0800e0032000bd2772
:020000040000fa
:020000041d02db
:10b83c00e0ffbd271c00bfaf1800b1af1400b0afc4
:10b84c000d0082900700401425880000251020026e
:10b85c001c00bf8f1800b18f1400b08f0800e003dc
:10b86c002000bd2700d0400f258080000c000392e3
:10b87c000e006014ffff632407d0400f252040000a
:10b88c00f3c7400f2520000200d0400f2588400050
:10b89c000c000392010063240c0003a207d0400f9c
:10b8ac0025204000eaff0010251020020c0003a206
:10b8bc0007d0400f25204000f1ff001000000000d1
:020000040000fa
:020000041d02db
:10b8cc001c00a010000000000000a88c1b00001140
:10b8dc0000a0033ca421668c1a00c0181081828f32
:10b8ec000c000010251800004000a5300700a01027
:10b8fc00010063240400458c262805010800478cb0
:10b90c002428a7001000a0100000000007006610fb
:10b91c006c004224f4ff805042004594fbff82549b
:10b92c0001006324f0ff0010420045940800e0037e
:10b93c00251000000800e0032510a0000800e0031b
:10b94c0025100000251000000800e0030000000096
:020000040000fa
:020000041d02db
:10b95c00d8ffbd272400bfaf2000b3af1c00b2af8f
:10b96c001800b1af1400b0af258080002588a0006e
:10b97c00130080102598c000e279400f62008424e7
:10b98c00259040000700201225104002060060128e
:10b99c002400bf8f0c004016ffff6626000020a27b
:10b9ac00251040022400bf8f2000b38f1c00b28fe3
:10b9bc001800b18f1400b08f0800e0032800bd27d9
:10b9cc00f0ff00102590000062000526f9cd400f15
:10b9dc002520200221883302f1ff0010ffff20a256
:020000040000fa
:020000041d02db
:10b9ec00e0ffbd271c00bfaf1800b2af1400b1af11
:10b9fc001000b0af2588a0004fca400f2590c000a2
:10ba0c0025804000140000122510000035c9400f9d
:10ba1c0025200002110040101c00bf8f0200405274
:10ba2c000000038e0800038e218871000000038e35
:10ba3c002b18230208006054251000000400038e0c
:10ba4c002b18710004006050080011ae02000010a9
:10ba5c0025100000080011ae1c00bf8f1800b28f1b
:10ba6c001400b18f1000b08f0800e0032000bd2738
:020000040000fa
:020000041d02db
:10ba7c00ffff8224feff422c1c004010ffff83308e
:10ba8c000500622c1b00401000a0053cc0100300f8
:10ba9c002110430080100200f425a524211045003c
:10baac002000458c1400a41425100000c0100300c5
:10babc00211043008010020000a0043cf4258424d3
:10bacc0021104400000044900b0080102510000051
:10badc00c0100300211843008018030000a0023c92
:10baec00f42542240800e003211043000800e00381
:10bafc0025100000251000000800e00300000000e5
:020000040000fa
:020000041d02db
:10bb0c00e0ffbd271c00bfaf1800b1af1400b0aff1
:10bb1c0000a0103ca82610260400028e1800428caf
:10bb2c0009f8400025888000140002ae1400048e31
:10bb3c005fc9400f0000000025804000a4b5400ff5
:10bb4c00252040002fc8400f25200002918f400f68
:10bb5c002520200206004014000000001c00bf8fae
:10bb6c001800b18f1400b08f0800e0032000bd272f
:10bb7c0000d0400f000000004476400f25804000ac
:10bb8c0007d0400f25200002f5ff00101c00bf8fce
:020000040000fa
:020000041d02db
:10bb9c00e0ffbd271c00bfaf1800b2af1400b1af5f
:10bbac001000b0af259080002588c00090819027b0
:10bbbc000b80a50088bf023c00020324e46043ac68
:10bbcc00c4ca400f0100042425382002253000028d
:10bbdc00252820021050400f2520400286d0400f0f
:10bbec0000000000fdff401400000000c4ca400f1c
:10bbfc000100042488bf023c00020324e86043ac2b
:10bc0c00c4ca400f010004241c00bf8f1800b28f5f
:10bc1c001400b18f1000b08f0800e0032000bd2786
:020000040000fa
:020000041d02db
:10bc2c00c03a0500425504002538ea000080013c6a
:10bc3c002538e1004050050042550a001e04062438
:10bc4c002330ca000c00c018000000002000c12cda
:10bc5c000200201400000000000007340200a104c0
:10bc6c000638c70023380700251007000800e0033a
:10bc7c000000000000000000020080100000000026
:10bc8c000100a534f07f013c010021342b08a100f8
:10bc9c000300201400000000f4ff00100080023ca0
:10bcac00ff7f023cf1ff0010ffff42340000000058
:020000040000fa
:020000041d02db
:10bcbc00e0ffbd271c00bfaf1800b1af1400b0af40
:10bccc003000828c0800401400000000eec1400fd0
:10bcdc00252800001c00bf8f1800b18f1400b08ff6
:10bcec000800e0032000bd271ec3400f2580800004
:10bcfc0055c4400f258840004019020023186200eb
:10bd0c008018030021106200c0100200e7034224d7
:10bd1c006210033cd34d6324190043001010000043
:10bd2c008211020021105100280002ae02000224f0
:0cbd3c001e0002a6e7ff0010200000a679
:020000040000fa
:020000041d02db
:10bd4800d8ffbd272400bfaf2000b3af1c00b2af9f
:10bd58001800b1af1400b0af258880002520a000de
:10bd68002598c0000400258e0800308e2380050227
:10bd78002b90d0002510c0000a101202030080107a
:10bd8800259040000d004014000000000400228ea1
:10bd980021905200040032ae2b10130201004238e9
:10bda8002400bf8f2000b38f1c00b28f1800b18f02
:10bdb8001400b08f0800e0032800bd278879400fe1
:0cbdc80025304000f2ff00100400228e25
:020000040000fa
:020000041d02db
:10bdd4002000801000000000420083944000633083
:10bde40003006014251000000800e00300000000b8
:10bdf400e8ffbd271400bfaf251080002c00842469
:10be04000300a8880000a8980700a7880400a79842
:10be14000b00a6880800a6980f00a3880c00a3981e
:10be2400030088a8000088b8070087a8040087b822
:10be34000b0086a8080086b80f0083a8d2a4400f80
:10be44000c0083b8010002241400bf8f0800e00333
:0cbe54001800bd270800e00325100000c6
:020000040000fa
:020000041d02db
:10be6000e8ffbd271400bfaf1000b0af0200a01064
:10be7000258080002c0085a02d0000a20800028ee5
:10be80000d004010000000000c00058e09f8400075
:10be900025200002050040101400bf8f22000296ea
:10bea000c418027c220002a61400bf8f1000b08fbd
:10beb0000800e0031800bd27b5d1400f00000000c6
:10bec0000200422cf9ff40541400bf8fb3d1400f41
:10bed00000000000039d053c683ba524a2a3400f81
:0cbee00025204000f1ff00101400bf8f6f
:020000040000fa
:020000041d02db
:10beec00e0ffbd271c00bfaf1800b1af1400b0af0e
:10befc00258080002588a00006a9400f2528000079
:10bf0c00050040101c00bf8f1800b18f1400b08fbb
:10bf1c000800e0032000bd27c4ca400fc800042459
:10bf2c000100052406a9400f25200002f6ff40144d
:10bf3c001c00bf8fbbb7400f25200002f2ff40143e
:10bf4c001c00bf8f25282002c1b5400f2520000200
:10bf5c00edff40541c00bf8f2528000006a9400fa0
:0cbf6c0025200002e8ff00101c00bf8f21
:020000040000fa
:020000041d02db
:10bf78002518e003019d083c28ba08251b0000117c
:10bf8800000000000000098d180020110400082599
:10bf980000000a8d0400082500000b8d09006011bf
:10bfa8000400082500000c91ffff4a250100082520
:10bfb80000002ca1fbff40150100292505000010f9
:10bfc80000000000000020a1ffff4a25fdff4015ea
:10bfd8000100292503000825fcff0a242440480104
:10bfe8000000098de7ff20150000000025f860001b
:0cbff8000800e003000000000000000052
:020000040000fa
:020000041d02db
:10c00400e8ffbd271400bfafe7c9400f1000b0af71
:10c014001b004010258040006f0044900100032461
:10c0240005008310251000001400bf8f1000b08f8e
:10c034000800e0031800bd274400028efaff4010f8
:10c04400251000006e000392030002240300621016
:10c0540008000424f4ff6414251000009abd400f66
:10c06400252000020400038e0000048e23186400bf
:10c07400ffff632423106200ebff0010ffff423038
:08c08400e9ff00102510000087
:020000040000fa
:020000041d02db
:10c08c001d008010000000001d00a0101200c62c26
:10c09c000300c010251000000800e00300000000a1
:10c0ac00d8ffbd272400bfaf2518a00025108000a5
:10c0bc00050084901c00a4af040044901800a4afa9
:10c0cc00030044901400a4af020044901000a4afed
:10c0dc000100479000004690039d053cd419a5240f
:10c0ec00efcd400f25206000010002242400bf8ffb
:10c0fc000800e0032800bd270800e003251000001d
:08c10c000800e003251000000b
:020000040000fa
:020000041d02db
:10c1140022008294010042301d00401400000000ff
:10c12400e0ffbd271c00bfaf1800b1af1400b0afd3
:10c134001000858c0c00a014258880001481848f45
:10c144000c00828c09f84000252820021c00bf8fb7
:10c154001800b18f1400b08f0800e0032000bd2741
:10c16400f6ff0012252800021000a29401004230bc
:10c17400fbff40140000b08c1481848f0c00828c6f
:10c1840009f8400000000000f5ff00100000000066
:08c194000800e00300000000b8
:020000040000fa
:020000041d02db
:10c19c00e8ffbd271400bfaf4fca400f1000b0af6f
:10c1ac002580400005000016251000001400bf8fec
:10c1bc001000b08f0800e0031800bd2700d0400f1e
:10c1cc0000000000188183930e006014ffff6324ad
:10c1dc0007d0400f2520400013b7400f2520000248
:10c1ec0000d0400f000000001881839301006324ed
:10c1fc00188183a307d0400f25204000ebff0010cf
:10c20c0001000224188183a307d0400f2520400091
:08c21c00f1ff0010000000001a
:020000040000fa
:020000041d02db
:10c22400e0ffbd271c00bfaf1800b1af1400b0afd2
:10c234001600a0102588c0002580a000f7a6400f96
:10c244000100052412004050ffff022402002012c6
:10c25400080050ac000020ae00d0400f0400518c08
:10c264000000239201006324000023a207d0400fa2
:10c2740025204000251000021c00bf8f1800b18f3c
:10c284001400b08f0800e0032000bd27fdff022446
:10c29400f9ff205225102002000022aef6ff001004
:04c2a4002510000061
:020000040000fa
:020000041d02db
:10c2a800d8ffbd272400bfaf2000b3af1c00b2af3a
:10c2b8001800b1af3ec8400f1400b0afffff4230c6
:10c2c80000c0503400401124ffff12340500001054
:10c2d80000c01334ffff1032ffff3126090020523f
:10c2e8002580000099c2400f252000020600405416
:10c2f80025100002f7ff125601001026f6ff001065
:10c3080025806002251000022400bf8f2000b38f13
:10c318001c00b28f1800b18f1400b08f0800e00322
:04c328002800bd2705
:020000040000fa
:020000041d02db
:10c32c00e8ffbd271400bfafd080848f05008010bc
:10c33c00dc80858fd7c3400f00000000d08080af19
:10c34c00dc80858f00a0043c84cc400ff029842431
:10c35c00c88080af00a0043c12b2400f0c2a842489
:10c36c00d880848f05008010d480858f79cc400fc5
:10c37c0000000000d88080afd480858f0500a0100d
:10c38c00dc80848f0c00828c09f8400000000000d7
:10c39c00d48080afdc8080af1400bf8f0800e00336
:04c3ac001800bd2791
:020000040000fa
:020000041d02db
:10c3b000d8ffbd272400bfaf2000b3af1c00b2af31
:10c3c0001800b1af60ce400f1400b0afffff423095
:10c3d00000c0503400401124ffff1234050000104b
:10c3e00000c01334ffff1032ffff31260900205236
:10c3f00025800000f8c2400f2520000206004054ae
:10c4000025100002f7ff125601001026f6ff00105b
:10c4100025806002251000022400bf8f2000b38f0a
:10c420001c00b28f1800b18f1400b08f0800e00319
:04c430002800bd27fc
:020000040000fa
:020000041d02db
:10c43400d8ffbd272400bfaf2000b3af1c00b2afac
:10c444001800b1af1400b0af258880001400938c9d
:10c454000800828c4ec1400f020044942590400095
:10c46400e279400f25204000030050241000228e62
:10c474002b1050000d004014252840020300022414
:10c48400000062a29c6c400f01006426251000028b
:10c494002400bf8f2000b38f1c00b28f1800b18f0f
:10c4a4001400b08f0800e0032800bd27f8ff001037
:04c4b400ffff022460
:020000040000fa
:020000041d02db
:10c4b800d8ffbd272400bfaf2000b3af1c00b2af28
:10c4c8001800b1af1400b0af259080001400938c11
:10c4d8000800908c2c0002260a10100025804000cd
:10c4e800e279400f25204000030051241000428ebd
:10c4f8002b1051000d0040142528000204000224ce
:10c50800000062a29c6c400f0100642625102002e6
:10c518002400bf8f2000b38f1c00b28f1800b18f8a
:10c528001400b08f0800e0032800bd27f8ff0010b2
:04c53800ffff0224db
:020000040000fa
:020000041d02db
:10c53c00e8ffbd271400bfaf3481828f070040187d
:10c54c00040005241c00838c070065501800828ca5
:10c55c000200042410006450ffff42241400bf8f1b
:10c56c000800e0031800bd27010003240418430051
:10c57c002718030000a0023c902a42240c00448c93
:10c58c00242083000c0044ac1000448c241883003d
:10c59c00f2ff0010100043acf0ff4014348182af66
:10c5ac0087b5400f0000000000a0023cebff00101c
:04c5bc00a42a40acc1
:020000040000fa
:020000041d02db
:10c5c000e8ffbd271400bfaf6181829303004014d0
:10c5d00001000224608182a3618182a3070080148c
:10c5e000ffff02240600a0101400bf8f00a0023c31
:10c5f000a827438c04006010ffff02241400bf8fa3
:10c600000800e0031800bd270800a48c00a0033c2c
:10c61000a82766240800c4ac0400a28c0400c2aca5
:10c6200002000624a82766ac0800428c09f84000e6
:10c630000000a58cf1ff001025100000efff001096
:04c64000ffff0224d2
:020000040000fa
:020000041d02db
:10c64400e0ffbd271c00bfaf1800b2af1400b1afac
:10c65400ffff0224190082101000b0afa681869754
:10c664001600c010258880002580000000a0123c20
:10c67400a0015226253800002330d0002128500282
:10c684007ace400f252020020500401821800202a6
:10c69400a68186972a100602f7ff40142538000069
:10c6a400a68180a71c00bf8f1800b28f1400b18f21
:10c6b4001000b08f0800e0032000bd27f9ff001030
:04c6c400a68180a724
:020000040000fa
:020000041d02db
:10c6c800e8ffbd271400bfaf1000b0afe1c4400fb2
:10c6d80025808000170040101400bf8f3a0006968e
:10c6e8002000c23010004054240005961ec3400f9d
:10c6f800000000002800038e2b10430006004010a5
:10c70800f8ff052401000524bfba400f25200002c8
:10c71800080000101400bf8feec1400f2520000252
:10c72800040000101400bf8ff2c4400f252000023f
:10c738001400bf8f1000b08f0800e0031800bd2759
:020000040000fa
:020000041d02db
:10c74800021204004700452c0300a014251880009d
:10c75800e0ff4224047a437cff0084304700822ca7
:10c7680004004014003a627ce0ff84240438837c8f
:10c77800003a627c3a00442c0d008054d0ff4224d9
:10c78800c9ff4224ff004230ff0063303a00642ca6
:10c7980009008054d0ff6324c9ff6324ff0063307d
:10c7a80000110200251043000800e003ff0042309a
:10c7b800f5ff0010ff004230f9ff0010ff00633062
:020000040000fa
:020000041d02db
:10c7c8001700801000000000e0ffbd271c00bfaf6d
:10c7d8001800b2af1400b1af1000b0af25888000c8
:10c7e800039d103c083b1026039d123c283b522613
:10c7f800080010260c001212251000000400058ef7
:10c80800fcffa050080010263388400f2520200286
:10c81800f8ff405408001026030000100000028ea4
:10c828000800e003251000001c00bf8f1800b28f1d
:10c838001400b18f1000b08f0800e0032000bd275e
:020000040000fa
:020000041d02db
:10c848000d00829003004014000000000800e0037f
:10c8580000000000e0ffbd271c00bfaf1800b1af0b
:10c868001400b0af00d0400f258080000c00039268
:10c878000e006014ffff632407d0400f25204000fe
:10c8880025880002f3c7400f25202002fdff401431
:10c89800000000000d0000a21c00bf8f1800b18f1f
:10c8a8001400b08f0800e0032000bd270c0003a28d
:10c8b80007d0400f25204000f2ff00102588000215
:020000040000fa
:020000041d02db
:10c8c8000c81828f0600405000a0023c03004450b7
:10c8d8000c8180af0800e0030000000000a0023ccb
:10c8e800a421458c1400a0181081838f4200629403
:10c8f800400042300b004014252000000100842431
:10c90800070085106c0063244200629440004230a6
:10c91800fbff405001008424030000100c81828f2b
:10c92800251800000c81828feaff401400000000e7
:10c938000800e0030c8183affdff001025180000fc
:020000040000fa
:020000041d02db
:10c94800d8ffbd272400bfaf2000b3af1c00b2af93
:10c958001800b1af1400b0af2590800000a0023cd1
:10c96800a421538c0900601a1081908f258800003b
:10c97800252840023388400f620004260800401032
:10c9880001003126faff33166c0010269ba7400fd2
:10c99800252040020dbe400f252040002580400084
:10c9a800251000022400bf8f2000b38f1c00b28f17
:10c9b8001800b18f1400b08f0800e0032800bd27cd
:020000040000fa
:020000041d02db
:10c9c800e0ffbd271c00bfaf1800b1af1400b0af27
:10c9d8002580a0004fca400f2588c00025184000b8
:10c9e8000700601025100000060020121c00bf8ff1
:10c9f8003c00629407000212010004242510000084
:10ca08001c00bf8f1800b18f1400b08f0800e0031e
:10ca18002000bd27faff0416251000000000228e12
:10ca2800180062ac400062944429827c8431827c84
:10ca3800c439027c400062a4f1ff00100100022406
:020000040000fa
:020000041d02db
:10ca48003454019d742a039d3c54019d4c54019d0e
:10ca580014f3029d5054019d6c54019d2038019d92
:10ca68007454019d4425039d307d029d481b039d00
:10ca7800c83f039df436039d7c54019dc81b039d4c
:10ca8800030000008054019d881b039d03000000e3
:10ca98008454019decf8029d030000008854019d18
:10caa8000c11039d030000008c54019dfcd1029dd4
:10cab800040000009454019d84d1029d04000000ec
:020000040000fa
:020000041d02db
:10cac80020000524000082800e004510f7ff432453
:10cad8000500632cfbff6054010084242b00032411
:10cae8000a0043102d0003240300431425280000e6
:10caf800010005240100842425100000070000100f
:10cb08000a000724efff001001008424f9ff001039
:10cb1800252800000100842423104300000083809e
:10cb2800d0ff63240a00662cfaffc0540210477035
:10cb38000100a050231002000800e00300000000dc
:020000040000fa
:020000041d02db
:10cb4800c8ffbd27ffff03241000a3af0201032481
:10cb58002510a0003400bfaf2528c0001400a3afe3
:10cb6800020080142530e0002c00a4271800a4af90
:10cb78001c00a2af0200401025180000ffff43244c
:10cb8800080041042000a3af00a0023c4f0003248a
:10cb9800fc2a43acffff02243400bf8f0800e003e7
:10cba8003800bd272800a4af2400a4af000080a04f
:10cbb80098c8400f1000a427f8ff00103400bf8f5a
:020000040000fa
:020000041d02db
:10cbc8006c0087940010e7300600e01000000000b9
:10cbd8004000838c03006010010002240800e00379
:10cbe80000000000e8ffbd271400bfaf1000b0af81
:10cbf800258080002b3807003c00862438008524d7
:10cc0800d2a5400f4000848c0a004010400002aebc
:10cc18006c000296010003240463627c6c0002a687
:10cc2800010002241400bf8f1000b08f0800e00339
:0ccc38001800bd27fbff001025100000b5
:020000040000fa
:020000041d02db
:10cc4400e8ffbd2716008230090040141400bfaf6e
:10cc54005a00a294252082005a00a4a40881828f3d
:10cc640001004224088182af120000101400bf8f1b
:10cc74005a00a294252082005a00a4a40881828f1d
:10cc840001004224088182af00a0023c1c1f422400
:10cc94001800439401006334180043a425300000b5
:10cca4000100052400a0043c82c6400f2c1f8424ec
:0cccb4001400bf8f0800e0031800bd272b
:020000040000fa
:020000041d02db
:10ccc000e8ffbd27050080101400bfaf28ca400f41
:10ccd0000c81848f150040141400bf8f00a0033c0a
:10cce000a421658c1300a0181081828f030000100e
:10ccf000252000000b0085106c0042244200439464
:10cd000040006330fbff60500100842460004394c6
:10cd100001006330f7ff605001008424030000101d
:10cd20001400bf8f251000001400bf8f0800e0031f
:0ccd30001800bd27fcff001025100000bb
:020000040000fa
:020000041d02db
:10cd3c00e0ffbd271c00bfaf1800b1af1400b0afaf
:10cd4c00258080002588c00040100400211044007c
:10cd5c008010020000a0043c8c1e842470cb400f79
:10cd6c002120820006002016008110001c00bf8fbd
:10cd7c001800b18f1400b08f0800e0032000bd270d
:10cd8c0000a0043c1c1f84242120900008008294e5
:10cd9c0001004234080082a42530000082c6400ff6
:0ccdac0001000524f2ff00101c00bf8fe6
:020000040000fa
:020000041d02db
:10cdb800d8ffbd272400bfaf2000b3af1c00b2af1f
:10cdc8001800b1af1400b0af259880002520a0004e
:10cdd8002590c0002588e0000400a28c09f84000d6
:10cde8002528e0000900401025804000040040127a
:10cdf80025302002252840028879400f2520400050
:10ce0800252800027cac400f252060022510000276
:10ce18002400bf8f2000b38f1c00b28f1800b18f81
:0cce28001400b08f0800e0032800bd27b4
:020000040000fa
:020000041d02db
:10ce340088bf023c8000053c641045ac0001043c02
:10ce4400641044ac0002033c641043ac80bf023c59
:10ce5400005e40ac80bf023c205e428c88bf023c36
:10ce6400341045ac341044ac341043ac80bf023ca5
:10ce740027000324305e43ac80bf023c40000324ff
:10ce8400145e43ac80bf023c0100033c6000632499
:10ce9400085e43ac05000324085e43ac0080033401
:0ccea400085e43ac0800e0030000000042
:020000040000fa
:020000041d02db
:10ceb000e8ffbd271400bfaf1000b0af75bf400f33
:10cec000258080000e004050010010249fae400fce
:10ced00025200002130040102580400001004290f0
:10cee0000c00401400000000180000a2190000a26d
:10cef000000000a225800000e0c5400f00000000f7
:10cf0000251000021400bf8f1000b08f0800e0034e
:10cf10001800bd27dea8400f25200002f2ff0010f8
:0ccf2000010000a2f4ff0010010010242a
:020000040000fa
:020000041d02db
:10cf2c00e0ffbd271c00bfaf1800b1af1400b0afbd
:10cf3c00258880002580a00025288000b3c9400fdb
:10cf4c00252000020c0040505800028e1c00038e5d
:10cf5c002410430018000386211043000000448c69
:10cf6c001000828c000040ac6000028e09f840007a
:10cf7c00000000005800028e2528200209f840000d
:10cf8c005000048e1c00bf8f1800b18f1400b08f9e
:08cf9c000800e0032000bd279e
:020000040000fa
:020000041d02db
:10cfa400e0ffbd271c00bfaf1800b2af1400b1af43
:10cfb4001000b0af258080002588a0000900001073
:10cfc4002590c00009f82002252840020600001020
:10cfd4000000048e0a008010000000aef9ff201645
:10cfe400000000000000048e0400028ef9ff82504d
:10cff400040000ae0000828cf8ff0010000002aeb6
:10d004001c00bf8f1800b28f1400b18f1000b08fb6
:08d014000800e0032000bd2725
:020000040000fa
:020000041d02db
:10d01c00e8ffbd271400bfafe7c9400f1000b0af49
:10d02c001400401025180000258040006c0042942c
:10d03c00800042300b004014253000006c0002963a
:10d04c00010003248452627c6c0002a601000524ba
:10d05c003c7a400f252000020600401001000324fa
:10d06c0025300000010005246696400f25200002a3
:10d07c0001000324251060001400bf8f1000b08f36
:08d08c000800e0031800bd27b5
:020000040000fa
:020000041d02db
:10d094004950763420496e69743a204661696c655a
:10d0a4006420746f20696e6974616c697a653a20d2
:10d0b400256421200d0a0000495076343a20466147
:10d0c400696c656420746f20726567697374657236
:10d0d40020415250206e6f74696669636174696f90
:10d0e4006e21200d0a000000495076343a20415246
:10d0f4005020656e747269657320706f6f6c206563
:08d104006d707479210d0a0021
:020000040000fa
:020000041d02db
:10d10c001b00c01000000000e0ffbd271c00bfafdb
:10d11c001800b2af1400b1af1000b0af2580c00042
:10d12c002588a000e279400f2520c0004100522c38
:10d13c00400003240b18520025906000253060003d
:10d14c00252800028879400f2000248e2000228e92
:10d15c0021905200000040a21c00bf8f1800b28f1b
:10d16c001400b18f1000b08f0800e0032000bd2721
:08d17c000800e00300000000c0
:020000040000fa
:020000041d02db
:10d184001c00868c1800828c2330c2000300c0145b
:10d19400019d053c0800e00300000000d0ffbd270e
:10d1a4002c00bfaf2800b2af2400b1af2000b0af55
:10d1b400258080000000928c0400918ccc52a52420
:10d1c400efcd400f1000a4270000428e1000a527c9
:10d1d40009f84000252020021c00028e180002ae2f
:10d1e4002c00bf8f2800b28f2400b18f2000b08f95
:08d1f4000800e0033000bd2734
:020000040000fa
:020000041d02db
:10d1fc00c8ffbd273400bfaf3000b3af2c00b2afb7
:10d20c002800b1af2400b0af200091241800868c08
:10d21c002330d1000800c014258080003400bf8f5b
:10d22c003000b38f2c00b28f2800b18f2400b08f48
:10d23c000800e0033800bd270000938c0400928c9a
:10d24c00019d053cd452a524efcd400f1000a4271e
:10d25c000000628e1000a52709f84000252040022e
:08d26c00eeff0010180011aee6
:020000040000fa
:020000041d02db
:10d27400e0ffbd271c00bfaf1800b1af75bf400f62
:10d284001400b0af160040102580000000a0113c2f
:10d29400a82631260400228e1800428c09f840008a
:10d2a400000000005fc9400f252040002400238ea9
:10d2b400218043002800318e2b180302e0c5400f63
:10d2c4002188230225100002251820021c00bf8f8c
:10d2d4001800b18f1400b08f0800e0032000bd27b0
:08d2e400f8ff0010258800008e
:020000040000fa
:020000041d02db
:10d2ec001b00801000000000e0ffbd271c00bfaf3a
:10d2fc001800b0af25808000010002241000a2affe
:10d30c0001000724253000002098400f1d00052443
:10d31c0005004010000000001c00bf8f1800b08feb
:10d32c000800e0032000bd27c4ca400f0a000424f3
:10d33c001000a0af01000724253000001d000524bb
:10d34c002098400f25200002f4ff00101c00bf8f16
:08d35c000800e00301000224b7
:020000040000fa
:020000041d02db
:10d36400e8ffbd271400bfaf1000b0af25808000d8
:10d374000c00828c2000438c0000638c1400468ccb
:10d3840025288000029d043c09f860004847842455
:10d3940007004010010003240a004314252840001c
:10d3a4001400bf8f1000b08f0800e0031800bd27e1
:10d3b400400000ae030002241e0002a6f8ff001085
:10d3c400200002a6eec1400f25200002f5ff001048
:04d3d4001400bf8ff3
:020000040000fa
:020000041d02db
:10d3d800e0ffbd271c00bfaf1800b1af1400b0af0d
:10d3e8002580a000f7a6400f010005240d0040503d
:10d3f800ffff10240800438c03007014fdff102465
:10d40800080040ac2580000000d0400f0400518c7b
:10d418000000239201006324000023a207d0400fdc
:10d4280025204000251000021c00bf8f1800b18f76
:10d438001400b08f0800e0032000bd27f2ff0010a1
:04d44800fdff1024b0
:020000040000fa
:020000041d02db
:10d44c00e8ffbd271400bfaf7fad400f1000b0af99
:10d45c000c00401025804000140044241400429419
:10d46c000c00401400000000240002960d00401433
:10d47c0024000426980006242528000050a6400ffe
:10d48c00252000021400bf8f1000b08f0800e003ad
:10d49c001800bd276974400f00000000f3ff001056
:10d4ac00240002966974400f00000000f2ff001087
:04d4bc0098000624aa
:020000040000fa
:020000041d02db
:10d4c000e8ffbd271400bfaf1000b0af258080007b
:10d4d0005b56400f00008494000002a65b56400f8c
:10d4e00002000496020002a65856400f0400048e63
:10d4f000040002ae5856400f0800048e080002ae29
:10d500005b56400f0e0004960e0002a65b56400fbd
:10d5100010000496100002a65b56400f12000496fd
:10d52000120002a61400bf8f1000b08f0800e003a5
:04d530001800bd27fb
:020000040000fa
:020000041d02db
:10d534001a008010000000002400828c15004010a6
:10d54400f9ff02243000828c0f00401424000624ca
:10d55400e8ffbd271400bfaf1000b0af25808000e6
:10d5640050a6400f252800004400028e09f8400010
:10d574004000048e251000001400bf8f1000b08fef
:10d584000800e0031800bd27f9ff02240800e003a7
:10d59400380082ac0800e003380082ac0800e003e5
:04d5a400f7ff022467
:020000040000fa
:020000041d02db
:10d5a8001800a01000000000feff82242500422c75
:10d5b800160040100021040000a0023c1c1f422459
:10d5c800211044000000438c05006010000000009a
:10d5d80003006510000000000800e00325100000ab
:10d5e8000500c010000045acf880838f2b20c300d5
:10d5f800201e037c0b3064000c0046a40800e003e6
:10d608000a0046a40800e003251000000800e00313
:04d6180025100000d9
:020000040000fa
:020000041d02db
:10d61c00e8ffbd271400bfaf00a0023ca82a448c31
:10d62c000600801000a0023c79cc400f00000000e6
:10d63c0000a0023ca82a40ac00a0023c902a4484e2
:10d64c00ffff0224090082140000000000a0023c2d
:10d65c00902a42240c0040ac100040ac040040a4c2
:10d66c001400bf8f0800e0031800bd2767b0400fff
:10d67c000000000000a0023cffff0324f4ff001098
:04d68c00902a43a4f9
:020000040000fa
:020000041d02db
:10d6900000a0023cd826428c1500405000a0023c5d
:10d6a0000b008014000000001100001000a0023cdc
:10d6b0000c00438c232083000c0040ac1c00428ce7
:10d6c0000b00405000a0023c0900805000a0023c2a
:10d6d0000c00438c2b186400f5ff60140000000060
:10d6e0000c00438c232064000c0044ac00a0023cde
:10d6f000a82642241400438c100043ac0800e00329
:04d700000000000025
:020000040000fa
:020000041d02db
:10d70400d8ffbd272400bfaf2000b1af1c00b0afcd
:10d71400258080002588a0001000a0a31100a0a3ec
:10d724001000a627c6ac400fc9000524060040100f
:10d734001100a6272400bf8f2000b18f1c00b08fda
:10d744000800e0032800bd27ca000524c6ac400f2a
:10d7540025200002f7ff40141100a393001a0300d0
:10d76400000163301000a49325186400f1ff001039
:04d77400000023a6e8
:020000040000fa
:020000041d02db
:10d778000000868c0100c230080040102538800067
:10d788000800e003251000000100c2300500401029
:10d7980025100000110000101400bf8fe8ffbd27fe
:10d7a8001400bfaf04bc400f2520c0002520400056
:10d7b800deca400f254040000000e48cf2ff86548a
:10d7c8000000e68c0400047c2528000128a5400ff1
:10d7d8002320e400010002241400bf8f0800e003a6
:04d7e8001800bd2741
:020000040000fa
:020000041d02db
:10d7ec00e0ffbd271c00bfaf1800b1af1400b0aff5
:10d7fc00258880002580a00025288000b3c9400f13
:10d80c002520000209004010401006241c00038e45
:10d81c002410430018000386211043006400038e7b
:10d82c00feff052409f860000000448c5800028ead
:10d83c002528200209f840005000048e1c00bf8fe0
:10d84c001800b18f1400b08f0800e0032000bd2732
:020000040000fa
:020000041d02db
:10d85c00e8ffbd271400bfaf0c00858c1000a28c14
:10d86c00240083940420027cc000667c2510c20036
:10d87c0000606730080046340b10c7000018673092
:10d88c00100046340b10c7000050673002004634bd
:10d89c000b10c70000286330040046340b10c30083
:10d8ac001000a2ac3000838c000062aceec1400fc3
:10d8bc00252800001400bf8f0800e0031800bd27c6
:020000040000fa
:020000041d02db
:10d8cc00e8ffbd271400bfaf1000b0afe1c4400f9c
:10d8dc00258080000e0040101400bf8f220002969d
:10d8ec003a00039624104300007843300b0060107c
:10d8fc0008784230240002a6400000ae0300022447
:10d90c001e0002a602000224200002a61400bf8ff3
:10d91c001000b08f0800e0031800bd27fdff0524a0
:10d92c00eec1400f25200002f9ff00101400bf8f3c
:020000040000fa
:020000041d02db
:10d93c00e8ffbd271400bfaf1000b0af25808000fa
:10d94c000c00828c2000438c0400638c1000468ced
:10d95c0025288000029d043c09f860004847842477
:10d96c000700400425284000090040100300022451
:10d97c001400bf8f1000b08f0800e0031800bd2703
:10d98c00eec1400f25200002faff00101400bf8fdb
:10d99c001e0002a604000224f5ff0010200002a6bf
:020000040000fa
:020000041d02db
:10d9ac00e8ffbd271400bfaf1000b0afe1c4400fbb
:10d9bc0025808000130040101400bf8f3a0002969f
:10d9cc00080042300c004010faff05240012062417
:10d9dc0025280000d8ba400f25200002090040106d
:10d9ec001400bf8f030002241e0002a607000224ad
:10d9fc0003000010200002a6eec1400f25200002fb
:10da0c001400bf8f1000b08f0800e0031800bd2772
:020000040000fa
:020000041d02db
:10da1c00e8ffbd271400bfaf1000b0afe1c4400f4a
:10da2c00258080000b0040101400bf8f3a00029636
:10da3c00080042300a00401000120624252800007d
:10da4c00d8ba400f252000020a004014020002241c
:10da5c001400bf8f1000b08f0800e0031800bd2722
:10da6c00faff0524eec1400f25200002f9ff00103b
:10da7c001400bf8f1e0002a6f5ff0010200000a6a8
:020000040000fa
:020000041d02db
:10da8c001c00838c030002241700621000000000ad
:10da9c00e8ffbd271400bfaf4080828f0800401004
:10daac00253000004080828f01004224408082afec
:10dabc00010002241400bf8f0800e0031800bd27ea
:10dacc00029d053c6cc2a5246ab5400f06000424d7
:10dadc00f4ff40143c8082af42cc400f00000000a9
:10daec00f4ff0010251000000800e00301000224e0
:020000040000fa
:020000041d02db
:10dafc001900c01000000000e0ffbd271c00bfafe4
:10db0c001800b2af1400b1af1000b0af2588e00020
:10db1c002580c000e7c9400f2590a00009004010e7
:10db2c001c00bf8f7400438c06006054251000004d
:10db3c00740050ac720052a4780051ac2510000255
:10db4c001c00bf8f1800b28f1400b18f1000b08f63
:10db5c000800e0032000bd270800e00325100000aa
:020000040000fa
:020000041d02db
:10db6c00000082948439027c252845000800c010ee
:10db7c00000085a40300c2880000c298100082ac8b
:10db8c000400c290140082a00500c290150082a06f
:10db9c0000a0023c8429428c0c0082ac01000224bf
:10dbac000900e010160082a4e8ffbd271400bfafe7
:10dbbc00040085247cac400f2520e0001400bf8fae
:10dbcc000800e0031800bd270800e0030000000077
:020000040000fa
:020000041d02db
:10dbdc00e8ffbd271400bfaf1000b0afe880908ff6
:10dbec0011000012252880000000048e0a0080100d
:10dbfc00faff02240800a010f7ff0224d694400f6d
:10dc0c00000000000c0040102528400007bf400f0a
:10dc1c0025200002251000001400bf8f1000b08fcb
:10dc2c000800e0031800bd27fbff0010faff0224d8
:10dc3c00f9ff0010f7ff0224f7ff0010ffff02248a
:020000040000fa
:020000041d02db
:10dc4c00e8ffbd271400bfaf1000b0afb9bb400f49
:10dc5c0025808000420002964408027c420002a605
:10dc6c009cc5400f252000022c00048e0300801060
:10dc7c000900062498af400fefff0524120002861e
:10dc8c00801802003081828f21104300000040accc
:10dc9c002881848f0c00828c09f840002528000212
:10dcac001400bf8f1000b08f0800e0031800bd27d0
:020000040000fa
:020000041d02db
:10dcbc00e8ffbd271400bfaf1000b0af4fca400f34
:10dccc002580a00011004010251800000a00005209
:10dcdc00240040ac420003964000633003006054c3
:10dcec00240050ac04000010240040ac40004394cd
:10dcfc00c418037c400043a4420043940100042454
:10dd0c004408837c420043a40100032425106000d6
:10dd1c001400bf8f1000b08f0800e0031800bd275f
:020000040000fa
:020000041d02db
:10dd2c001900c01000000000e0ffbd271c00bfafb1
:10dd3c001800b2af1400b1af1000b0af2590e000e6
:10dd4c002580c0004fca400f2588a0000900401054
:10dd5c001c00bf8f5000438c06006054251000003f
:10dd6c00500050ac540052ac580051a42510000285
:10dd7c001c00bf8f1800b28f1400b18f1000b08f31
:10dd8c000800e0032000bd270800e0032510000078
:020000040000fa
:020000041d02db
:10dd9c001900801001008524e0ffbd271c00bfafd7
:10ddac001800b1af1400b0af25808000030082884a
:10ddbc000000829850819127000022ae5881822762
:10ddcc00040040ac000040ac01008690039d043c74
:10dddc009e96400f6cca842402000296020022a672
:10ddec00010002241c00bf8f1800b18f1400b08feb
:10ddfc000800e0032000bd270800e0032510000008
:020000040000fa
:020000041d02db
:10de0c00190080142518a00000a0023cec2a4590b3
:10de1c00010004240300a410ffff02240800e00307
:10de2c0000000000e8ffbd271400bfaf1000b0af2a
:10de3c002528c00000a0023ce42a5024080000a2bf
:10de4c00e42a428c0000428c09f840002520600036
:10de5c0001000324080003a21400bf8f1000b08f30
:10de6c000800e0031800bd270800e003ffff0224b0
:020000040000fa
:020000041d02db
:10de7c00190080142518a00000a0023cec2a459043
:10de8c00010004240300a410ffff02240800e00397
:10de9c0000000000e8ffbd271400bfaf1000b0afba
:10deac002528c00000a0023ce42a5024080000a24f
:10debc00e42a428c0c00428c09f8400025206000ba
:10decc0001000324080003a21400bf8f1000b08fc0
:10dedc000800e0031800bd270800e003ffff022440
:020000040000fa
:020000041d02db
:10deec00d8ffbd272400bfaf2000b1af1c00b0afde
:10defc00258880001000a0a3c80010241000a627bd
:10df0c009f000524c6ac400f252020020b004014b6
:10df1c001000a39301006330090060142400bf8f2c
:10df2c00c4ca400f32000424ffff1026ffff10323a
:10df3c00f3ff00161000a627040002242400bf8f54
:10df4c002000b18f1c00b08f0800e0032800bd2713
:020000040000fa
:020000041d02db
:10df5c00e0ffbd271c00bfaf1800b1af1400b0af7d
:10df6c002580800002130400039d113c40423126a1
:10df7c00211051003dbd400f00004480001a027e6c
:10df8c00211051003dbd400f000044800019027e5d
:10df9c00211051003dbd400f000044800f00103295
:10dfac00218011023dbd400f000004821c00bf8f78
:10dfbc001800b18f1400b08f0800e0032000bd27bb
:020000040000fa
:020000041d02db
:10dfcc00000082801800401000000000e0ffbd2718
:10dfdc001c00bfaf1800b1af1400b0af258080009b
:10dfec00090000100a0011243dbd400f0d0004244f
:10dffc00010010263dbd400fffff0482000002828d
:10e00c00050040101c00bf8ffaff51540100102670
:10e01c00f5ff0010000000001800b18f1400b08f45
:10e02c000800e0032000bd270800e003000000000a
:020000040000fa
:020000041d02db
:10e03c000400868c0100c230080040102538800096
:10e04c000800e003251000000100c230050040105c
:10e05c0025100000100000101400bf8fe8ffbd2732
:10e06c001400bfaf04bc400f2520c0002520400089
:10e07c00deca400f254040000400e28cf2ff4654fb
:10e08c000400e68c2528000128a5400f2520e0007f
:10e09c00010002241400bf8f0800e0031800bd2704
:020000040000fa
:020000041d02db
:10e0ac000300a010200003242520a0002518000048
:10e0bc00022c04000400a0140212050010006334aa
:10e0cc0025288000021205000400401402210200e1
:10e0dc00080063342510a0000221020004008054c3
:10e0ec0082100400040063342520400082100400d8
:10e0fc0004004054421002000200633425108000da
:10e10c0042100200010042380800e00325104300d1
:020000040000fa
:020000041d02db
:10e11c001400801000a0033c0c00858c4c28632458
:10e12c001400a314f5ff02240800838c02000224bf
:10e13c000e006214000000000e00c050f7ff022415
:10e14c00300086ac220087a41c0082a4200080a48e
:10e15c001e0080a401000224080082ac0800e00329
:10e16c002c0082ac0800e003f5ff02240800e00359
:0ce17c00f6ff02240800e0030000000091
:020000040000fa
:020000041d02db
:10e188001400801000a0033c0c00858c4c286324ec
:10e198001400a314f5ff02240800838c0200022453
:10e1a8000e006214000000000e00c050f7ff0224a9
:10e1b800300086ac040002241c0082a4200080a445
:10e1c8001e0080a401000224080082ac0800e003bd
:10e1d8002c0082ac0800e003f5ff02240800e003ed
:0ce1e800f6ff02240800e0030000000025
:020000040000fa
:020000041d02db
:10e1f400e8ffbd271400bfaf1000b0afe1c4400f6b
:10e20400258080000a0040101400bf8f3a00029657
:10e21400001042300900401025280000bfba400f0a
:10e22400252000020a004014020002241400bf8fbb
:10e234001000b08f0800e0031800bd27fbff052481
:10e24400eec1400f25200002f9ff00101400bf8f1b
:0ce254001e0002a6f5ff0010200000a62e
:020000040000fa
:020000041d02db
:10e26000e8ffbd271400bfaf1000b0af25808000cd
:10e270000c0002246e0082a0340082848018020008
:10e280006080828f21104300000040ac5480848f56
:10e290000c00828c09f840001400058e5480848f95
:10e2a0000c00828c09f840000000058e5480848f99
:10e2b0000c00828c09f84000252800021400bf8f52
:0ce2c0001000b08f0800e0031800bd271c
:020000040000fa
:020000041d02db
:10e2cc00e0ffbd271c00bfaf1800b1af1400b0af0a
:10e2dc002588a0000002f03028000324140002243a
:10e2ec000b107000258040002128a6002128450035
:10e2fc002530e000b193400fffffa5300700401020
:10e30c001c00bf8f060020121800b18f1800438c20
:10e31c00218070001c0050ac1c00bf8f1800b18f06
:0ce32c001400b08f0800e0032000bd27a3
:020000040000fa
:020000041d02db
:10e33800e8ffbd271400bfaf88bf023c3010448cf3
:10e348000001847c010002244d8182a34881828fd0
:10e3580001004224640003240c004310488182af6a
:10e3680088bf023c10000324341043ac4081828fe4
:10e37800040040101400bf8f09f840004481858fc5
:10e388001400bf8f0800e0031800bd270100022415
:0ce398004c8182a3f2ff0010488180af8e
:020000040000fa
:020000041d02db
:10e3a4001800801400a0023ca827428c15004010dd
:10e3b40000a0023ce0ffbd271c00bfaf1800b1afb6
:10e3c4001400b0afac27518c090020122580a000a6
:10e3d400e279400f2520a0001800238e253040004c
:10e3e4002528000200a0023c09f86000b027448cf4
:10e3f4001c00bf8f1800b18f1400b08f0800e00319
:0ce404002000bd270800e003000000001d
:020000040000fa
:020000041d02db
:10e41000e0ffbd271c00bfaf1800b1af1500801092
:10e420001400b0af258880000700a0142580a0004c
:10e43000251000021c00bf8f1800b18f1400b08f90
:10e440000800e0032000bd27dccb400f00000000e7
:10e450000300401425300002f5ff00102580000065
:10e460002528200230c7400f25204000f1ff001072
:0ce4700025100002eeff001025800000c7
:020000040000fa
:020000041d02db
:10e47c00e0ffbd271c00bfaf1800b2af1400b1af56
:10e48c001000b0af259080002588a00052be400f30
:10e49c002580c0000b00401000000000000052acb2
:10e4ac00040051ac080050ac251000001c00bf8fbc
:10e4bc001800b28f1400b18f1000b08f0800e00369
:10e4cc002000bd2752be400ffeff0424f4ff405431
:0ce4dc00000052acf5ff00107cff022491
:020000040000fa
:020000041d02db
:10e4e8001700801000a0023c0c00838c4c284224aa
:10e4f8001300621400000000e8ffbd271400bfaf3e
:10e508001000b0af258080001000828c1c00428c67
:10e5180009f840001400848c000000a60c00038e4b
:10e5280002006294ffff4224020062a4080000aec9
:10e538001400bf8f1000b08f0800e0031800bd273b
:08e548000800e00300000000e0
:020000040000fa
:020000041d02db
:10e5500000a0023c4c284224150082140000000058
:10e560001300801000a0023ce8ffbd271400bfafdd
:10e570004c284224020040a402000324040043acbf
:10e580000400a38c0c0043ac1000a38c200043ac0f
:10e59000480006242528000000a0043c50a6400f97
:10e5a000702884241400bf8f0800e0031800bd27e2
:08e5b0000800e0030000000078
:020000040000fa
:020000041d02db
:10e5b800e0ffbd271c00bfaf1800b1af1400b0af1b
:10e5c800258880000000a494400082300c00401090
:10e5d8002580a0000400242674ab400f0400052603
:10e5e8002528000264cb400f0000248e1c00bf8f3a
:10e5f8001800b18f1400b08f0800e0032000bd2779
:10e608008000843024002226140023260b10640086
:08e61800f1ff00102520400075
:020000040000fa
:020000041d02db
:10e6200006008010251000004000838c4040023c12
:10e630002418620003006014010002240800e003b3
:10e6400000000000e8ffbd271400bfaf1000b0af0e
:10e65000258080000300072404000624252880006c
:10e6600000a0043c3199400fa421842432b2400f11
:10e6700025200002010002241400bf8f1000b08f7b
:08e680000800e0031800bd27ab
:020000040000fa
:020000041d02db
:10e68800020002241600821000000000e8ffbd27e7
:10e698001400bfaf2510e0002538c0002530a000c9
:10e6a800252840001a58400f01000424ffff0324c6
:10e6b80008004310801802003081848f21188300dd
:10e6c8000000638c42006494010005244408a47c83
:10e6d800420064a41400bf8f0800e0031800bd279f
:08e6e8000800e003ffff02241b
:020000040000fa
:020000041d02db
:10e6f000e8ffbd271400bfaf4fca400f1000b0aff6
:10e7000013004010258040003000428c090040106a
:10e71000000000003c00049601000324090083105f
:10e72000251000001400bf8f1000b08f0800e00318
:10e730001800bd275cca400f25200002f6ff00101c
:10e740003c0004961400028ef6ff00102b1002000d
:08e75000f4ff00102510000089
:020000040000fa
:020000041d02db
:10e75800ffff8424ffff84300a00822c120040103f
:10e768002026047cc0100400211044008010020000
:10e7780000a0033cd81a63242110430000004290f3
:10e788000b0040100000000025106000c0180400b5
:10e798002128640080280500212845000300a0a046
:10e7a8000800e0030600a2840800e003fbff02243f
:08e7b8000800e003fbff02244e
:020000040000fa
:020000041d02db
:10e7c000170080140100032400a0023cec2a4490ae
:10e7d00003008310ffff02240800e0030000000094
:10e7e000e8ffbd271400bfaf1000b0af00a0023c8f
:10e7f000e42a5024080000a2e42a428c1000428c33
:10e8000009f840000000000001000324080003a2f2
:10e810001400bf8f1000b08f0800e0031800bd2760
:08e820000800e003ffff0224e1
:020000040000fa
:020000041d02db
:10e82800170080140100032400a0023cec2a449045
:10e8380003008310ffff02240800e003000000002b
:10e84800e8ffbd271400bfaf1000b0af00a0023c26
:10e85800e42a5024080000a2e42a428c1400428cc6
:10e8680009f840000000000001000324080003a28a
:10e878001400bf8f1000b08f0800e0031800bd27f8
:08e888000800e003ffff022479
:020000040000fa
:020000041d02db
:10e89000170080140100032400a0023cec2a4490dd
:10e8a00003008310ffff02240800e00300000000c3
:10e8b000e8ffbd271400bfaf1000b0af00a0023cbe
:10e8c000e42a5024080000a2e42a428c0800428c6a
:10e8d00009f840000000000001000324080003a222
:10e8e0001400bf8f1000b08f0800e0031800bd2790
:08e8f0000800e003ffff022411
:020000040000fa
:020000041d02db
:10e8f800170080140100032400a0023cec2a449075
:10e9080003008310ffff02240800e003000000005a
:10e91800e8ffbd271400bfaf1000b0af00a0023c55
:10e92800e42a5024080000a2e42a428c0400428c05
:10e9380009f840000000000001000324080003a2b9
:10e948001400bf8f1000b08f0800e0031800bd2727
:08e958000800e003ffff0224a8
:020000040000fa
:020000041d02db
:10e960004554484d414300004d434850424f4152a9
:10e97000445f450030303a31383a33653a30323a04
:10e9800034363a643300000031302e302e302e31d0
:10e99000393100003235352e302e302e3000000057
:10e9a00031302e302e302e310000000031302e302c
:10e9b0002e302e3235340000302e302e302e3000e6
:08e9c00066756c6c000000009c
:020000040000fa
:020000041d02db
:10e9c800170080100002a32c030060140100022429
:10e9d8000800e00300000000e0ffbd271c00bfaff7
:10e9e80000008290401002007e004230021a0500aa
:10e9f800251062001000a2a31100a5a31200a6a36f
:10ea08000300062425280000e7ae400f1000a427c5
:10ea1800251000001c00bf8f0800e0032000bd2760
:08ea28000800e00301000224d4
:020000040000fa
:020000041d02db
:10ea3000d8ffbd272400bfaf2000b2af1c00b1af8c
:10ea40001800b0af258080002588a00072ba400f62
:10ea50002590c000070040101000a6272400bf8f9b
:10ea60002000b28f1c00b18f1800b08f0800e003a7
:10ea70002800bd2725282002c6ac400f2520000213
:10ea8000f6ff40141000a3932690720002000324a6
:08ea9000f2ff00100b107200f0
:020000040000fa
:020000041d02db
:10ea980000a0023c4c28422414008214000000000c
:10eaa8001200801000a0023c702842940f00401011
:10eab80000a0023ce8ffbd271400bfaf8c28429499
:10eac80080100200029d033c044863242110430087
:10ead8000000428c00a0043c09f8400070288424ff
:10eae8001400bf8f0800e0031800bd270800e003ea
:04eaf800000000001a
:020000040000fa
:020000041d02db
:10eafc00e8ffbd271400bfaf1000b0af2580800029
:10eb0c0001000224340082a4380085a403000224ee
:10eb1c00360082a40c00828c1c00428cc388400fef
:10eb2c003c0082ac07004004f7ff05240300423888
:10eb3c002b1002001400bf8f1000b08f0800e003f0
:10eb4c001800bd27eec1400f25200002f9ff001070
:04eb5c002510000080
:020000040000fa
:020000041d02db
:10eb6000e8ffbd271400bfaf1000b0af25808000c4
:10eb700001000224340082a4380085a4360082a457
:10eb80003a0086a40c00828c1c00428cc388400f83
:10eb90003c0082ac07004004f7ff05240300423824
:10eba0002b1002001400bf8f1000b08f0800e0038c
:10ebb0001800bd27eec1400f25200002f9ff00100c
:04ebc000251000001c
:020000040000fa
:020000041d02db
:10ebc400e8ffbd271400bfafe7c9400f1000b0af86
:10ebd40012004010258040006e0044900b00022477
:10ebe4000600821025180000251060001400bf8f55
:10ebf4001000b08f0800e0031800bd2728ab400fb9
:10ec040025200002f8ff400425180000010002241a
:10ec14006e0002a2f4ff001001000324f2ff0010b2
:04ec240025180000af
:020000040000fa
:020000041d02db
:10ec2800e0ffbd271c00bfaf1800b1afe7c9400f18
:10ec38001400b0af1100401025804000a8c7400f55
:10ec48002520400007004014258840002510200298
:10ec58001c00bf8f1800b18f1400b08f0800e003ac
:10ec68002000bd271c00028e200002ae49a7400fdd
:10ec780025200002f6ff001025102002f3ff0010e7
:04ec880025880000db
:020000040000fa
:020000041d02db
:10ec8c00e8ffbd271400bfaf0400848c2400858ce2
:10ec9c000b00a01000a0033c702963241400628cac
:10ecac000800a58c231045003400638c2b10430006
:10ecbc000400405414008424020000102400842416
:10eccc00140084240fae400f00000000fcff43240e
:10ecdc000a180200251060001400bf8f0800e00322
:04ecec001800bd2728
:020000040000fa
:020000041d02db
:10ecf000e8ffbd271400bfaf1000b0af2580800033
:10ed000024008484ffff02240d0082140000000010
:10ed10000c00048e040080100000000079cc400f2d
:10ed2000000000000c0000aef0a2400f2520000201
:10ed30001400bf8f1000b08f0800e0031800bd273b
:10ed400067b0400f00000000ffff0224f0ff00103a
:04ed5000240002a6f3
:020000040000fa
:020000041d02db
:10ed5400e880828f13004010000000001300801030
:10ed6400000000000400438c000083ac0800438cc6
:10ed7400040083ac1c00438c080083ac260043943d
:10ed84000c0083a40000438c2400638c0e0083a435
:10ed94000000428c0c00428c100082a40800e003a6
:10eda400251000000800e003faff02240800e00335
:04edb4002510000026
:020000040000fa
:020000041d02db
:10edb8000c00838c150060100000828c0800001085
:10edc800252800000800838c211043000100a52499
:10edd8000c00838c2b18a3000c00601000000000ae
:10ede8000000439401006330f7ff60500800838cf3
:10edf800000043940400037c000043a42400838c97
:10ee0800ffff6324efff0010240083ac0800e00339
:04ee180000000000f6
:020000040000fa
:020000041d02db
:10ee1c000d00829003004014000000000800e00385
:10ee2c0000000000e8ffbd271400bfaf1000b0af1a
:10ee3c0000d0400f258080000c0003920800601465
:10ee4c00ffff632407d0400f252040002510000051
:10ee5c001400bf8f1000b08f0800e0031800bd270e
:10ee6c000c0003a207d0400f25204000f8ff001033
:04ee7c00010002246b
:020000040000fa
:020000041d02db
:10ee80000000a58c0001023c7f0042241100a2106a
:10ee900000a0033ca421668c1000c0181081828f52
:10eea0000400438c0700a310251800000100632410
:10eeb000060066106c0042240400448cfcffa4147d
:10eec000010063240800e003000000000800e003e4
:10eed000251000000800e003251080000800e00372
:04eee00025100000f9
:020000040000fa
:020000041d02db
:10eee400e8ffbd271400bfaf1000b0af3c0083940f
:10eef4000100022406006210258080000c0000ae90
:10ef04001400bf8f1000b08f0800e0031800bd2765
:10ef14000c00848cfaff80500c0000ae2200829416
:10ef240008004230f6ff40540c0000ae45b0400fdc
:10ef3400000000003f000292ffff4224efff001098
:04ef44003f0002a2e6
:020000040000fa
:020000041d02db
:10ef4800f8ffbd270400bfaf006802400008033c7b
:10ef58002510430000688240c0000000010003241f
:10ef680088bf023c641043ac251000000048824072
:10ef7800c0000000ffff022400588240c0000000cb
:10ef880000680240c4de027c00688240c0000000c5
:10ef980088bf023c681043ac0400bf8f0800e00340
:04efa8000800bd2779
:020000040000fa
:020000041d02db
:10efac00e8ffbd271400bfaf1000b0af2580800074
:10efbc000100a5380100a62c72ba400f18000524d8
:10efcc0005004010253000001400bf8f1000b08fda
:10efdc000800e0031800bd271900052472ba400f81
:10efec0025200002f9ff40541400bf8f253000008b
:10effc001a00052472ba400f25200002f3ff0010fe
:04f00c001400bf8f9e
:020000040000fa
:020000041d02db
:10f0100002210400ffff84242100822c03004050c1
:10f020000002822c0800e003251080000700401039
:10f03000011c832c039d023c20fa4224c2200400c0
:10f04000212082000800e003fcff8290070060108e
:10f050003f000224039d023c20fa4224c221040006
:10f0600021208200fcff8290100042240800e0036f
:04f07000000000009c
:020000040000fa
:020000041d02db
:10f074000000868c1200c010000000000000c48c48
:10f084000d00801025100000020000100000000098
:10f09400252060000400c38cc001637c2618650031
:10f0a4000100632c04008010211043000000838cb5
:10f0b400f7ff6014253080000800e0030000000022
:10f0c4000800e003251000000800e0030000000031
:020000040000fa
:020000041d02db
:10f0d4001200801000a0033c0c00848c4c28632494
:10f0e40011008314f5ff0224c0bf043cf02f828c6e
:10f0f4000006437cf02f828c4006427c0100422ca7
:10f104000800a010401002000100633825104300dd
:10f114000000a2ac0800e003251000000800e00392
:10f12400f5ff0224251000000800e00300000000a1
:020000040000fa
:020000041d02db
:10f13400e8ffbd271400bfaf1000b0afe1c4400f1b
:10f14400258080000f0040101400bf8f3000038e14
:10f1540009006010252800003a0004968000827c93
:10f164001000843025284000040042340a10a40012
:10f17400000062ac25280000eec1400f25200002eb
:10f184001400bf8f1000b08f0800e0031800bd27e3
:020000040000fa
:020000041d02db
:10f19400e0ffbd271c00bfaf1800b1af1400b0af33
:10f1a4000000b18c06002012251000001c00bf8f47
:10f1b4001800b18f1400b08f0800e0032000bd27b1
:10f1c40028ca400f2580a000f9ff40101c00bf8f03
:10f1d4004200439400106330f6ff60501800b18f72
:10f1e4002200038600006328f0ff00100a102302a7
:020000040000fa
:020000041d02db
:10f1f40000a0033ca4216324130064142510000020
:10f204001100a0500100022400a0023c8c21488c73
:10f214008c2142240400478c0800468c0c00448c4a
:10f224001000438c1400428c0000a8ac0400a7ac6e
:10f234000800a6ac0c00a4ac1000a3ac1400a2ac53
:10f244000800e003010002240800e00300000000bd
:020000040000fa
:020000041d02db
:10f2540013008010000000004200839440006330db
:10f2640003006014251000000800e0030000000003
:10f274000000a38cffff02240b0062100100022493
:10f28400e8ffbd271400bfaf02c8400f0000000014
:10f29400010042301400bf8f0800e0031800bd27ae
:10f2a4000800e003251000000800e00301004230dc
:020000040000fa
:020000041d02db
:10f2b400e8ffbd271400bfaf4fca400f1000b0af26
:10f2c40011004010258040003000428c04004010a2
:10f2d4000000000036000296080040141400bf8f9e
:10f2e4005cca400f252000023000038e020060102b
:10f2f40025100000360002961400bf8f1000b08f56
:10f304000800e0031800bd27fbff001025100000d3
:020000040000fa
:020000041d02db
:10f31400e8ffbd271400bfaf1000b0af0000828c1f
:10f324000000428c019d053cdc52a52409f84000f4
:10f334000400848c800006242528000000a0043cde
:10f3440050a6400f581684245881908f050000124f
:10f354001400bf8fa06e400f25200002fdff001097
:10f36400000000001000b08f0800e0031800bd2763
:020000040000fa
:020000041d02db
:10f37400110080140000000000a0023ca827428c69
:10f384000f0040100000000000a0023cac27428c9b
:10f394000d00401000a0033ce8ffbd271400bfafe0
:10f3a4000c00428c09f84000b027648c1400bf8f15
:10f3b4000800e0031800bd270800e003ffff022453
:10f3c4000800e003ffff02240800e003ffff02241b
:020000040000fa
:020000041d02db
:10f3d400110080140000000000a0023ca827428c09
:10f3e4000f0040100000000000a0023cac27428c3b
:10f3f4000d00401000a0033ce8ffbd271400bfaf80
:10f404001000428c09f84000b027648c1400bf8fb0
:10f414000800e0031800bd270800e003ffff0224f2
:10f424000800e003ffff02240800e003ffff0224ba
:020000040000fa
:020000041d02db
:10f43400110080140000000000a0023ca827428ca8
:10f444000f0040100000000000a0023cac27428cda
:10f454000d00401000a0033ce8ffbd271400bfaf1f
:10f464001800428c09f84000b027648c1400bf8f48
:10f474000800e0031800bd270800e003ffff022492
:10f484000800e003ffff02240800e003ffff02245a
:020000040000fa
:020000041d02db
:10f49400e8ffbd271400bfaf1000b0af2580800087
:10f4a4002530000072ba400f1200052405004010f8
:10f4b400010006241400bf8f1000b08f0800e00381
:10f4c4001800bd271200052472ba400f252000023f
:10f4d400f9ff40541400bf8f2530000012000524aa
:10f4e40072ba400f25200002f3ff00101400bf8ff2
:020000040000fa
:020000041d02db
:10f4f400a48182930b00401000a0023ca681829755
:10f50400ff07432c1000601001004324a68183a749
:10f5140000a0033ca0016324211043000800e00381
:10f52400000044a00e0e4394ff03622c060040101a
:10f5340000a0023ca0094224010065246e0445a4f5
:10f54400211043006e0044a00800e0030000000006
:020000040000fa
:020000041d02db
:10f55400401002240f0082140000000000a0023cae
:10f56400ec234290010043300c00601000000000c6
:10f57400020042300b0040140100042400a0023cad
:10f58400d8234224140043904408837c0800e003f9
:10f59400140043a00800e003ffff02240800e00376
:0cf5a400ffff02240800e003ffff022428
:020000040000fa
:020000041d02db
:10f5b0001200801000a0033c0c00868c4c286324b1
:10f5c0001000c314f5ff02240800838c02000224fb
:10f5d0000c006254f6ff0224300085ac06000224c1
:10f5e0001c0082a4200080a41e0080a4010002242c
:10f5f000080082ac0800e0032c0082ac0800e003a5
:0cf60000f5ff02240800e00300000000f9
:020000040000fa
:020000041d02db
:10f60c001200801000a0033c0c00858c4c28632455
:10f61c001000a314f5ff02240800838c02000224be
:10f62c000c006254f6ff0224300086ac0300022466
:10f63c001c0082a4200080a41e0080a401000224cf
:10f64c00080082ac0800e0032c0082ac0800e00348
:0cf65c00f5ff02240800e003000000009d
:020000040000fa
:020000041d02db
:10f668006e00839003000224030062100800052442
:10f6780009006514251000000800828c0c00838c9a
:10f688002b2843000600a0500400858c231062003c
:10f69800ffff4224ffff42300800e00300000000a3
:10f6a8000000848c2328a400ffffa5242310430016
:0cf6b8002310a2000800e003ffff423016
:020000040000fa
:020000041d02db
:10f6c4001200a0100000000000a0023c7829428c27
:10f6d4001000401010000724d8ffbd272400bfaf3e
:10f6e4001400a5af1800a6af1c00a4af1000a627f5
:10f6f4002528400000a0043c6eb3400f90298424c8
:10f704002400bf8f0800e0032800bd270800e003a1
:0cf71400251000000800e00300000000c9
:020000040000fa
:020000041d02db
:10f72000e8ffbd271400bfaf1000b0af35ca400fcf
:10f7300025808000090040101400bf8f0400038e54
:10f740000500601025100000420003960800633099
:10f75000050060541000038e1400bf8f1000b08f9e
:10f760000800e0031800bd27fbff6014010002241d
:0cf770001400028ef8ff00102b100200a5
:020000040000fa
:020000041d02db
:10f77c001300a010212885001c81023cc59d423439
:10f78c000036020040180200003902002118670000
:10f79c0021186200c0390200211867000012020013
:10f7ac00211062002118c20001008424ffff829006
:10f7bc00f3ffa414261043000800e003000000002f
:0cf7cc001c81023c0800e003c59d423493
:020000040000fa
:020000041d02db
:10f7d8002530000000a0023c442a422400a0073c37
:10f7e800060000106c2ae7240e00641000000000d8
:10f7f8000400422406004710000000000000439463
:10f80800f9ff601400000000f9ff00100a304600fc
:10f818000400a0502510a0000000a6ac0800e003da
:0cf82800251000000800e00300000000b4
:020000040000fa
:020000041d02db
:10f83400001002241100821000a0033ca421668c55
:10f844001000c0181081828f0200439407008310b7
:10f854002518000001006324060066106c00422491
:10f8640002004594fcffa414010063240800e00393
:10f87400000000000800e003251000000800e00379
:0cf88400251000000800e0032510000023
:020000040000fa
:020000041d02db
:10f890001000828c0900422c120040141400858c48
:10f8a000020002240000a2a00100a3240800828c10
:10f8b0003c0044240a2002002510800003008488b4
:10f8c000000044980400a4a8000064b80400449018
:10f8d000040064a005004290050062a00800e00357
:0cf8e000090002240800e003ffff0224de
:020000040000fa
:020000041d02db
:10f8ec001800828c1c00838c2b10430011004010dc
:10f8fc0000000000e8ffbd271400bfaf1000b0af40
:10f90c00258080000000828c0000428c0000a58cb9
:10f91c0009f840000400848c1800028e0100422477
:10f92c00180002ae1400bf8f1000b08f0800e00367
:0cf93c001800bd270800e00300000000d8
:020000040000fa
:020000041d02db
:10f9480000a0023cc028428c0c0082100100032455
:10f9580000a0023ccc284224080006240000458c64
:10f968000800a4504010030001006324fbff661444
:10f978000c0042240800e0032510000025180000b0
:10f9880040100300211843008018030000a0023c27
:0cf99800c02842240800e00321104300b6
:020000040000fa
:020000041d02db
:10f9a40014008010000000005c0085ac4567023c38
:10f9b400012342244c0082accdef023c89ab42349b
:10f9c400500082acba98023cfedc4234540082ac53
:10f9d4003210023c76544224580082ac000080acc1
:10f9e400040080ac080080ac600080ac0800e00338
:0cf9f400251000000800e00353ff02246f
:020000040000fa
:020000041d02db
:10fa0000000117021d1813031e1b190b1408040d07
:10fa10001f161c121a0a070c1511090610050f0ee5
:10fa20002021222324242525262627272828282884
:10fa3000292929292a2a2a2a2b2b2b2b2c2c2c2c1e
:10fa40002c2c2c2c2d2d2d2d2d2d2d2d2e2e2e2ee6
:0cfa50002e2e2e2e2f2f2f2f2f2f2f2f7a
:020000040000fa
:020000041d02db
:10fa5c001000828ce0ffbd271400b0af2580800021
:10fa6c001400848c1800b1af2b88c2000a305100ee
:10fa7c001c00bfaf8879400f2588c0001400028e8f
:10fa8c001000068e211051002388d100100011aef9
:10fa9c00140002ae000040a01c00bf8f1800b18ff4
:0cfaac001400b08f0800e0032000bd270c
:020000040000fa
:020000041d02db
:10fab800039d063c25100000b041c62440180200f2
:10fac80021186600000067800300e0540000858c60
:10fad8000800e003010062900000a88009000715f3
:10fae80001004224010062900100a524000085acb9
:10faf8000b00432cf2ff6014401802000800e003da
:0cfb080000000000faff0010ff00423077
:020000040000fa
:020000041d02db
:10fb1400e8ffbd271400bfaf1000b0af2580800000
:10fb24003800828c4000428c2538000078008624fe
:10fb34002528000009f840000c00848c06004004cd
:10fb440001000224840002ae1400bf8f1000b08fa5
:10fb54000800e0031800bd273fc7400f252000021e
:08fb6400faff00101400bf8f2e
:020000040000fa
:020000041d02db
:10fb6c001100801000a0033c0c00858c4c286324f1
:10fb7c000f00a314f5ff02240800838c020002245a
:10fb8c000b006254f6ff0224050002241c0082a420
:10fb9c00200080a41e0080a401000224080082ac76
:10fbac000800e0032c0082ac0800e003f5ff0224ff
:08fbbc000800e0030000000056
:020000040000fa
:020000041d02db
:10fbc400e8ffbd271400bfafe7c9400f00000000e5
:10fbd4000f00401001000324252040006f004590d1
:10fbe4000400a310251000001400bf8f0800e003d8
:10fbf4001800bd274400838cfcff60501400bf8fa5
:10fc0400c2c0400f00000000f8ff00101400bf8fb6
:08fc1400f5ff001025100000af
:020000040000fa
:020000041d02db
:10fc1c000000a294010043301100601080004230bb
:10fc2c00e8ffbd271400bfaf040040141000b0afb4
:10fc3c0026008294ffff4224260082a42580a00087
:10fc4c0064cb400f0000848c270000a2260000a289
:10fc5c001400bf8f1000b08f0800e0031800bd2700
:08fc6c000800e00300000000a5
:020000040000fa
:020000041d02db
:10fc7400e0ffbd271c00bfaf1800b1af1400b0af48
:10fc84000d009090070000160000000025100002ef
:10fc94001c00bf8f1800b18f1400b08f0800e00360
:10fca4002000bd2700d0400f258880000c0023923f
:10fcb400010063240c0023a207d0400f252040003c
:08fcc400f3ff001025100002ff
:020000040000fa
:020000041d02db
:10fccc0000a0033ca421668c1100c0181081828f07
:10fcdc0003000010252800000b00a6106c00422425
:10fcec004200439440006330fbff60100100a524e8
:10fcfc000400478c0000838cf7ffe3140000000025
:10fd0c000800e003000000000800e00325100000dc
:08fd1c000800e00325100000bf
:020000040000fa
:020000041d02db
:10fd2400e0ffbd271c00bfaf1800b1af1400b0af97
:10fd3400258080002520a0002588c00074ab400fda
:10fd44002528000206004010251800000c00228e11
:10fd54002528000209f84000252020020100032480
:10fd6400251060001c00bf8f1800b18f1400b08fe5
:08fd74000800e0032000bd2798
:020000040000fa
:020000041d02db
:10fd7c00e0ffbd271c00bfaf1800b2af1400b1af3d
:10fd8c001000b0af2590800000607141c0000000f1
:10fd9c003cce400f00000000258040009fcd400f5e
:10fdac0025204002b3cd400f010024322510000263
:10fdbc001c00bf8f1800b28f1400b18f1000b08fd1
:08fdcc000800e0032000bd2740
:020000040000fa
:020000041d02db
:10fdd40000a0023cd42643900600601401000224d3
:10fde40000a0023cdc26449001000324030083109d
:10fdf400251000000800e00300000000e8ffbd2714
:10fe04001400bfaf00a0023ca8264224340040a046
:10fe14005fbf400f0800448c010002241400bf8f10
:08fe24000800e0031800bd27ef
:020000040000fa
:020000041d02db
:10fe2c0000a0033c5429668c0000828cff7f033cad
:10fe3c00efff6334ffff4524231866002b18650081
:10fe4c000b006050170042240600405010000224a2
:10fe5c0000a0023c0c000324fc2a43ac0800e00385
:10fe6c00ffff0224000082ac0800e0032510000014
:08fe7c00fcff00100418027cd9
:020000040000fa
:020000041d02db
:10fe84000400828c0400027c231845001100662cb7
:10fe94000f00c01421308500e8ffbd270100a53400
:10fea40001006334211082001400bfaf0000c5ac10
:10feb4000400c3ac000043ac040085aca06e400f4a
:10fec4000800c4241400bf8f0800e0031800bd27f5
:08fed4000800e003000000003b
:020000040000fa
:020000041d02db
:10fedc00e8ffbd271400bfaf1000b0afe1c4400f66
:10feec0025808000050040543a0002961400bf8f14
:10fefc001000b08f0800e0031800bd27220002a6f6
:10ff0c0005000524bfba400f25200002f8ff401061
:10ff1c001400bf8f030002241e0002a6f3ff001082
:04ff2c00200000a60b
:020000040000fa
:020000041d02db
:10ff3000e8ffbd271400bfaf1000b0afe1c4400f11
:10ff400025808000050040543a0002961400bf8fbf
:10ff50001000b08f0800e0031800bd27240002a69f
:10ff600004000524bfba400f25200002f8ff40100e
:10ff70001400bf8f040002241e0002a6f3ff00102d
:04ff8000200000a6b7
:020000040000fa
:020000041d02db
:10ff84000000828c1100401000000000e8ffbd2733
:10ff94001400bfaf1000b0af258080006ebb400fcf
:10ffa400252040009aab400f240004269aab400f52
:10ffb400140004269aab400f040004261400bf8fdb
:10ffc4001000b08f0800e0031800bd270800e0030c
:04ffd4000000000029
:020000040000fa
:020000041d02db
:10ffd800e0ffbd271c00bfaf1800b1af208e047c26
:10ffe800ffff0224060022161400b0af1c00bf8fca
:10fff8001800b18f1400b08f0800e0032000bd275f
:020000041d03da
:100008002580a000e279400f2520a000ffff4630a0
:10001800252800029d7b400f25202002f4ff0010b8
:040028001c00bf8f6a
:020000040000fa
:020000041d03da
:10002c00e8ffbd271400bfaf1000b0af0b0080106d
:10003c00148180af258080000400828c09f8400078
:10004c003400052405004010252840000c00038ec8
:10005c0009f8600025200002148190af1481828f72
:10006c002b1002001400bf8f1000b08f0800e003ab
:04007c001800bd2784
:020000040000fa
:020000041d03da
:100080000000043ce8ffbd2700008424030080102a
:100090001400bfaf09f880000000000000008430a9
:1000a0000000a530039d083cac21082509f800019b
:1000b000000000000000023c000042240300401049
:1000c0000000000009f8400000000000f9ff0010e7
:0400d000000000002c
:020000040000fa
:020000041d03da
:1000d400e0ffbd271800b0af1c00bfaf5aad400f02
:1000e40025808000060040504400028effff022459
:1000f4001c00bf8f1800b08f0800e0032000bd274c
:10010400010006241000a52709f84000252000025c
:1001140001000324f5ff43141000a293f5ff00101f
:040124001c00bf8f6d
:020000040000fa
:020000041d03da
:10012800e8ffbd271400bfaf1000b0af2580a000c6
:100138001c00a28c242082001800a28421208200a6
:100148006400a28c401006240100052409f8400030
:100158000000848c0401028e01004224040102aed6
:100168001400bf8f1000b08f0800e0031800bd27ef
:020000040000fa
:020000041d03da
:100178000011040000404330c21104000400423062
:10018800251043004219040008006330251062005e
:10019800801904004020633025186200c010040054
:1001a80080034230251843008010040020004230ac
:1001b800251043004008847c0800e00325108200d5
:020000040000fa
:020000041d03da
:1001c80000a0023cd823422408008214000000004a
:1001d800060080100000000000a0023cec234290c2
:1001e800010042300300405400a0043c0800e00332
:1001f80000000000e8ffbd271400bfaffe8b400fd2
:10020800d82384241400bf8f0800e0031800bd27fa
:020000040000fa
:020000041d03da
:10021800e8ffbd271400bfaf1000b0aff7a6400f2e
:10022800010005240a004010258040006974400f31
:100238002520400000d0400f0400108e00000392db
:1002480001006324000003a207d0400f25204000ce
:100258001400bf8f1000b08f0800e0031800bd27fe
:020000040000fa
:020000041d03da
:10026800104a029d7446039d4cd4029d1423039d9d
:10027800a03d019d4042029d84c5019d1802039d39
:100288007434039d24c2029dd8d3029da02c039de3
:10029800d02c039d002d039d880c029d707f029d2c
:1002a8000400060008000a000e0014001c002800c4
:020000040000fa
:020000041d03da
:1002b8003400828c000f427c080040500400828c7d
:1002c800010042380100422c010042386c0083943e
:1002d800c47b437c0800e0036c0083a40000838c8b
:1002e800231043006200859440180500211865001a
:1002f800431803002a104300f3ff0010010042389e
:020000040000fa
:020000041d03da
:100308000800838c1000828c0f006210000000002f
:100318005c00839403006014251000000800e003cb
:1003280000000000e8ffbd271400bfaf010006244d
:100338002b1c400f100005240100422c1400bf8f15
:100348000800e0031800bd270800e003251000009e
:020000040000fa
:020000041d03da
:10035800544350204e554c4c2064796e616d69634e
:1003680020616c6c6f636174696f6e2068616e6484
:100378006c652f696e697420646174610000000007
:10038800205443502044796e616d696320616c6c20
:100398006f636174696f6e206661696c65640000e3
:020000040000fa
:020000041d03da
:1003a800e8ffbd271400bfaf6c80828f040040189f
:1003b800020003241c00848c04008350ffff4224a5
:1003c8001400bf8f0800e0031800bd27fcff40148d
:1003d8006c8082af7480848ffaff80101400bf8f06
:1003e80079cc400f00000000f5ff0010748080af4a
:020000040000fa
:020000041d03da
:1003f800e0ffbd271c00bfaf1800b1af1400b0afbd
:10040800258880002580a000e279400f2520a000e3
:1004180025284000dfbd400f252000020c00238e58
:100428001b004300f4016000101000001c00bf8f87
:100438001800b18f1400b08f0800e0032000bd271a
:020000040000fa
:020000041d03da
:10044800e0ffbd271c00bfaf1800b1af1400b0af6c
:1004580025808000040080ac000080ac00d0400ff4
:10046800080080ac010011240c0011a207d0400f35
:10047800252040000d0011a2010002241c00bf8f9e
:100488001800b18f1400b08f0800e0032000bd27ca
:020000040000fa
:020000041d03da
:100498001100801000000000420083944000633087
:1004a80003006014251000000800e00300000000ad
:1004b800e8ffbd271400bfaf4400828c3c00428c8b
:1004c80009f840005000848c0100422c1400bf8fb2
:1004d8000800e0031800bd270800e003251000000d
:020000040000fa
:020000041d03da
:1004e8001100801000000000420083944000633037
:1004f80003006014251000000800e003000000005d
:10050800e8ffbd271400bfaf4400828c4400428c32
:1005180009f840005000848c0100422c1400bf8f61
:100528000800e0031800bd270800e00325100000bc
:020000040000fa
:020000041d03da
:1005380000a0033ca421678c0f00e0181081828f73
:100548000300001025180000090067106c00422401
:100558004400458cfcffa010010063240000a69411
:10056800f9ffc414000000000800e0030400a28c96
:100578000800e003251000000800e0032510000033
:020000040000fa
:020000041d03da
:10058800e0ffbd271c00bfaf1800b1af1400b0af2b
:10059800258880002580a0000fae400f252020026e
:1005a80006004010252840000c00038e09f8600062
:1005b80025200002f8ff0010000000001c00bf8f7b
:1005c8001800b18f1400b08f0800e0032000bd2789
:020000040000fa
:020000041d03da
:1005d8001400e38c1000601000a0043ce8ffbd2765
:1005e8001400bfafd81a84242320e4008320040019
:1005f800e338023c398e42340220827001008424a0
:100608001800e78c09f860002026047c1400bf8fce
:100618000800e0031800bd270800e0030000000000
:020000040000fa
:020000041d03da
:100628000002832c03006014010002240800e00388
:1006380000000000e0ffbd271c00bfaf021204004d
:10064800400042341000a2a31100a4a31200a5a3e5
:100658000300062425280000e7ae400f1000a42759
:10066800251000001c00bf8f0800e0032000bd27f4
:020000040000fa
:020000041d03da
:10067800e0ffbd271c00bfaf1800b1af1400b0af3a
:100688002580800002110400039d113c4042312660
:10069800211051003dbd400f000044800f00103272
:1006a800218011023dbd400f000004821c00bf8f55
:1006b8001800b18f1400b08f0800e0032000bd2798
:020000040000fa
:020000041d03da
:1006c800c8ffbd273400bfaffeff02242800a2af39
:1006d8002400a0af5000a28f2000a2af4c00a28f30
:1006e8001c00a2af4800a28f1800a2af1400a7af49
:1006f8001000a6af2538a00025300000488d400f17
:10070800252800003400bf8f0800e0033800bd270b
:020000040000fa
:020000041d03da
:10071800e8ffbd271000b0af1400bfaf0652400f6e
:100728002580800006004010030010260408107c75
:100738002180500025184000050070540000648c8a
:100748001400bf8f1000b08f0800e0031800bd2709
:1007580001008054000060acf7ff0010040063241f
:020000040000fa
:020000041d03da
:100768008000a32810006014251000008200a22831
:1007780003004014830003240b00a3142510000079
:100788000000c28c070042240410027c08004324a5
:100798000000c3ac0400438c0000428c040083ac0e
:1007a800000082ac010002240800e0030000000001
:020000040000fa
:020000041d03da
:1007b800200080a41e0080a41c0080a40200022443
:1007c800080082ac0300a0042c0085ac0800e003fc
:1007d80000000000e8ffbd271400bfaf2530a000cf
:1007e800039d053cc839a524a2a3400f252000007d
:0c07f8001400bf8f0800e0031800bd27ac
:020000040000fa
:020000041d03da
:10080400e8ffbd271400bfaf1e0082940300432cf1
:100814000a00601080100200029d033ca447632478
:10082400211043000000428c09f840000000000041
:100834001400bf8f0800e0031800bd27eec1400f6d
:0c084400f7ff0524fbff00101400bf8f1d
:020000040000fa
:020000041d03da
:10085000e8ffbd271400bfaf1e0082940300432ca5
:100860000a00601080100200029d033cb047632420
:10087000211043000000428c09f8400000000000f5
:100880001400bf8f0800e0031800bd27eec1400f21
:0c089000f7ff0524fbff00101400bf8fd1
:020000040000fa
:020000041d03da
:10089c00e8ffbd271400bfaf1e0082940500432c57
:1008ac000a00601080100200029d033cbc476324c8
:1008bc00211043000000428c09f8400000000000a9
:1008cc001400bf8f0800e0031800bd27eec1400fd5
:0c08dc00f7ff0524fbff00101400bf8f85
:020000040000fa
:020000041d03da
:1008e800e8ffbd271400bfaf1e0082940600432c0a
:1008f8000a00601080100200029d033cd047632468
:10090800211043000000428c09f84000000000005c
:100918001400bf8f0800e0031800bd27eec1400f88
:0c092800f7ff0524fbff00101400bf8f38
:020000040000fa
:020000041d03da
:10093400e8ffbd271400bfaf1e0082940300432cc0
:100944000a00601080100200029d033ce847632403
:10095400211043000000428c09f840000000000010
:100964001400bf8f0800e0031800bd27eec1400f3c
:0c097400f7ff0524fbff00101400bf8fec
:020000040000fa
:020000041d03da
:10098000e8ffbd271400bfaf1e0082940400432c73
:100990000a00601080100200029d033cf4476324ab
:1009a000211043000000428c09f8400000000000c4
:1009b0001400bf8f0800e0031800bd27eec1400ff0
:0c09c000f7ff0524fbff00101400bf8fa0
:020000040000fa
:020000041d03da
:1009cc00e8ffbd271400bfaf200082940800432c21
:1009dc000a00601080100200029d033c284763242b
:1009ec00211043000000428c09f840000000000078
:1009fc001400bf8f0800e0031800bd27eec1400fa4
:0c0a0c00f7ff0524fbff00101400bf8f53
:020000040000fa
:020000041d03da
:100a18006e008290fdff4524ff00a5300300a52c41
:100a28000500a01403000324080042380100032431
:100a3800030005240a18a2003600829400024530fb
:100a4800040064340b188500000442300800643444
:0c0a58000b1882000800e003251060006d
:020000040000fa
:020000041d03da
:100a64005080868f0f00c01025180000030000106e
:100a74006080828f09006610040042240000458cc7
:100a8400fcffa010010063245a00a594f9ffa414ec
:100a9400000000000800e003251000000800e00347
:0c0aa400010002240800e003010002240d
:020000040000fa
:020000041d03da
:100ab00018ffbd27e400bfafe000b0af2580800085
:100ac000f000a6aff400a7aff000a7271000a7af73
:100ad0002530a000c8000524f6a0400f1400a4276c
:100ae0001400a527f6bf400f25200002e400bf8fa9
:0c0af000e000b08f0800e003e800bd2724
:020000040000fa
:020000041d03da
:100afc00e0ffbd271c00bfaf1800b1af1400b0afb2
:100b0c000288a670d26d400f2528200205004010e7
:100b1c0025804000253020022528000050a6400fdb
:100b2c0025204000251000021c00bf8f1800b18f3b
:0c0b3c001400b08f0800e0032000bd276b
:020000040000fa
:020000041d03da
:100b4800e0ffbd271c00bfaf1800b1af1400b0af65
:100b5800258880002580a000f3c7400f25200002cb
:100b6800050040102528400070cb400f25202002aa
:100b7800f9ff0010000000001c00bf8f1800b18fa3
:0c0b88001400b08f0800e0032000bd271f
:020000040000fa
:020000041d03da
:100b9400e8ffbd271400bfaf1000b0af08008010fd
:100ba4002580a0000000828c050040100000000099
:100bb40033bf400f00000000050040141400bf8f35
:100bc40002000012251000000c81828f1400bf8fd8
:0c0bd4001000b08f0800e0031800bd27df
:020000040000fa
:020000041d03da
:100be0002c81868f0f00c01825180000030000100c
:100bf0003081828f09006610040042240000458c79
:100c0000fcffa010010063242a00a594f9ffa4149e
:100c1000000000000800e003251000000800e003c9
:0c0c2000010002240800e003010002248f
:020000040000fa
:020000041d03da
:100c2c00f8ffbd270400bfaf00606241c0000000a8
:100c3c0081bf023c30f240ac99aa033c5566632458
:100c4c0030f243ac6655033caa99633430f243aca2
:100c5c0081bf023c0100032418f643ac81bf023c67
:0c0c6c0010f6428cffff0010000000009a
:020000040000fa
:020000041d03da
:100c7800e8ffbd271400bfaf7081828f0b004010c2
:100c8800000000009db4400f000000007081868fb6
:100c980025380000252040003f3f400f25286000f0
:100ca8001400bf8f0800e0031800bd27aaca400f30
:0c0cb80001000424f3ff0010708182afe3
:020000040000fa
:020000041d03da
:100cc400e8ffbd271400bfaf7081828f0b00401076
:100cd400000000009db4400f000000007081868f6a
:100ce40025380000252040003f3f400f25286000a4
:100cf4001400bf8f0800e0031800bd27aaca400fe4
:0c0d040001000424f3ff0010708182af96
:020000040000fa
:020000041d03da
:100d1000d0ffbd272c00bfaf019d023c141f422411
:100d20001400a2af010002241800a2af019d023cf2
:100d3000b81e42241c00a2af0b0002242000a2af68
:100d40002400a0af1000a527379b400f25200000ee
:0c0d50002c00bf8f0800e0033000bd271e
:020000040000fa
:020000041d03da
:100d5c004000838c3c00888c2548c700500086ac32
:100d6c0023106800c32f0200540087ac580082acdb
:100d7c00080020115c0085ac2a48e50005002055d0
:100d8c00211806010300a7142b10c20001004054c7
:0c0d9c00211806010800e0034c0083aca5
:020000040000fa
:020000041d03da
:100da8000500c0540100a524251880002520000056
:100db8000900001021306600ffffa2800100832493
:100dc800ffffc624faff4010ffff62a0f4ff0010e7
:100dd80025206000ffff60a0feff66540100632429
:0c0de800251060000800e0030b108400e0
:020000040000fa
:020000041d03da
:100df40000a0033cd82363240d008314ffff0224c6
:100e0400090080100000000000a0023cec23429086
:100e14000100423006004050ffff022400a0023cc3
:100e24000800e003e823428c0800e003ffff0224eb
:080e34000800e00300000000cb
:020000040000fa
:020000041d03da
:100e3c000d00801000a0033c0c00858c4c28632412
:100e4c000b00a314f5ff0224e8ffbd271400bfaf6d
:100e5c00eec1400ff4ff0524251000001400bf8fd5
:100e6c000800e0031800bd270800e003f5ff02248a
:080e7c000800e0030000000083
:020000040000fa
:020000041d03da
:100e84000800c010251000006f0082900300451078
:100e9400010003240800e003251000000300a31050
:100ea400251000000800e003000000000000c28cd0
:100eb4003c0082ac6c0082940463627c6c0082a46b
:080ec4000800e0030100022414
:020000040000fa
:020000041d03da
:100ecc00e8ffbd271400bfafe7c9400f00000000ca
:100edc0009004010010004243600439400026330e2
:100eec00050060102520000036004394444a037c22
:100efc00360043a401000424251080001400bf8f89
:080f0c000800e0031800bd27f6
:020000040000fa
:020000041d03da
:100f1400e8ffbd271400bfaf1000b0afe7c9400f12
:100f24002580a00004004010251800007400448ca3
:100f340006009050740040ac251060001400bf8f70
:100f44001000b08f0800e0031800bd27720040a411
:080f5400f9ff00100100032465
:020000040000fa
:020000041d03da
:100f5c000d0080100000000000a0023c7829468c97
:100f6c000b00c01025100000e8ffbd271400bfaf18
:100f7c0000a0053c49bf400f9029a5241400bf8f49
:100f8c000800e0031800bd270800e003251000004e
:080f9c000800e0030000000062
:020000040000fa
:020000041d03da
:100fa400e8ffbd271400bfaf0481828f01004224f3
:100fb400048182af00a0023c1c1f42240800439419
:100fc40002006334080043a4253000000200052415
:100fd40000a0043c82c6400f2c1f84241400bf8f41
:080fe4000800e0031800bd271e
:020000040000fa
:020000041d03da
:100fec0005008010251000004200839440006330ff
:100ffc00030060543c0082240800e0030000000061
:10100c000300a3880000a3983f0083a8000043b806
:10101c000400a390040043a00500a390050043a086
:08102c000800e00301000224aa
:020000040000fa
:020000041d03da
:101034001c008324180085240300a01020008224af
:101044001800858c040085ac0300601000000000cb
:101054001c00838c080083ac04004050420082943e
:101064002000828c0c0082ac420082940463027cd7
:081074000800e003420082a421
:020000040000fa
:020000041d03da
:10107c00e8ffbd271400bfaf1000b0af4fca400f40
:10108c002580a0000700401025180000280050a45f
:10109c0042004394010004244408837c420043a48e
:1010ac0001000324251060001400bf8f1000b08fc6
:0810bc000800e0031800bd2745
:020000040000fa
:020000041d03da
:1010c400e8ffbd271400bfaf1000b0af4fca400ff8
:1010d4002580a00004004010251800005000448c16
:1010e40006009050500040ac251060001400bf8fe3
:1010f4001000b08f0800e0031800bd27580040a47a
:08110400f9ff001001000324b3
:020000040000fa
:020000041d03da
:10110c001800838c200082242b1043000c0040100c
:10111c00ffff6324e8ffbd271400bfaf0000828ce3
:10112c00180083ac0000428c0000a58c09f840002c
:10113c000400848c1400bf8f0800e0031800bd2746
:08114c000800e00300000000b0
:020000040000fa
:020000041d03da
:10115400e8ffbd271400bfaf7081828f0a004010e2
:101164000000000073d1400f000000007081838fe5
:101174001b004300f4016000121000001400bf8f34
:101184000800e0031800bd27aaca400f0100042488
:08119400f4ff0010708182af2e
:020000040000fa
:020000041d03da
:10119c00e8ffbd271400bfafbb25400f1000b0af58
:1011ac0000a0103ccc2a1026684f400f0c00048e77
:1011bc009115400f0800048ef27f400f1400048e2e
:1011cc00e42b400f000000001400bf8f1000b08f04
:0811dc000800e0031800bd2724
:020000040000fa
:020000041d03da
:1011e4000000023c00004224070040100000023cc2
:1011f4000000422405004050039d023c3f00007063
:101204000800e00300000000039d023cc4174224d0
:10121400030040100000000009f840000000000036
:081224000800e00300000000d7
:020000040000fa
:020000041d03da
:10122c000f00c01025100000ffffc6242518000079
:10123c0021108300000042902138a30007004010c9
:10124c000000e7900600e050231047000400c35054
:10125c0023104700f6ff47100100632423104700ba
:08126c000800e003000000008f
:020000040000fa
:020000041d03da
:101274000e00a01000000000e8ffbd271400bfaf5f
:101284001000b0af2580a000252800001dbc400f31
:10129400e000848c000002ae251000001400bf8f13
:1012a4001000b08f0800e0031800bd270800e00319
:0412b4002510000001
:020000040000fa
:020000041d03da
:1012b8000e00a01000000000e8ffbd271400bfaf1b
:1012c8001000b0af2580a000010005241dbc400f10
:1012d800e000848c000002ae251000001400bf8fcf
:1012e8001000b08f0800e0031800bd270800e003d5
:0412f80025100000bd
:020000040000fa
:020000041d03da
:1012fc000e00a01000000000e8ffbd271400bfafd7
:10130c001000b0af2580a000252800001dbc400fa8
:10131c00d800848c000002ae251000001400bf8f92
:10132c001000b08f0800e0031800bd270800e00390
:04133c002510000078
:020000040000fa
:020000041d03da
:101340000c00801000a0033c0c00848c4c2863240b
:101350000a008314f5ff02240800c0502510000085
:1013600000a0023c6828428c0000c2ac0800e003e8
:10137000251000000800e003f5ff02240800e00348
:041380000000000069
:020000040000fa
:020000041d03da
:10138400e8ffbd271400bfaf1000b0afcca9400fd9
:101394002580800007004004f7ff0524020042383e
:1013a4002b1002001400bf8f1000b08f0800e00360
:1013b4001800bd27eec1400f25200002f9ff0010e0
:0413c40025100000f0
:020000040000fa
:020000041d03da
:1013c800e8ffbd271400bfaf2510a0000010a33010
:1013d80007006010fbff052400024230040040149f
:1013e800f9ff05242000c630f8ff05240b28060065
:1013f800eec1400f000000001400bf8f0800e0039a
:041408001800bd27e4
:020000040000fa
:020000041d03da
:10140c00e8ffbd271400bfaf4080828f0400401856
:10141c00020003241c00848c04008350ffff422430
:10142c001400bf8f0800e0031800bd27fcff401418
:10143c00408082af42cc400f00000000f9ff00104a
:04144c001400bf8f3a
:020000040000fa
:020000041d03da
:10145000e8ffbd271400bfafe7c9400f0000000040
:1014600009004050251000006e004490fdff8324c9
:10147000ff0063300300632c0300601401000224aa
:10148000080082380100422c1400bf8f0800e003de
:041490001800bd275c
:020000040000fa
:020000041d03da
:10149400e8ffbd271400bfaf1000b0af2580800067
:1014a4005b56400f00008494000002a65b56400f78
:1014b40002000496020002a65b56400f0600049642
:1014c400060002a61400bf8f1000b08f0800e003ce
:0414d4001800bd2718
:020000040000fa
:020000041d03da
:1014d800e8ffbd271400bfaf9080828f040040183a
:1014e800020003241c00848c04008350ffff422464
:1014f8001400bf8f0800e0031800bd27fcff40144c
:10150800908082af6b9a400f00000000f9ff001036
:041518001400bf8f6d
:020000040000fa
:020000041d03da
:10151c000e0082042510000000a0023ca421438c84
:10152c002a1883000900601025100000c010040068
:10153c00231044008010020023104400801002008d
:10154c001081848f0800e003211082000800e00362
:04155c00000000008b
:020000040000fa
:020000041d03da
:101560000600801025100000020002240500a210d1
:10157000010003240700a310251000000800e00369
:101580000000000042008294080042380800e00396
:10159000c000427c42008294100042380800e00300
:0415a0000001427c88
:020000040000fa
:020000041d03da
:1015a4000e0080100000000042008394400063306d
:1015b40003006014251000000800e0030000000090
:1015c400e8ffbd271400bfaf6dcd400f0000000041
:1015d4001400bf8f0800e0031800bd270800e003d3
:0415e40025100000ce
:020000040000fa
:020000041d03da
:1015e8000e00801000000000420083944000633029
:1015f80003006014251000000800e003000000004c
:10160800e8ffbd271400bfaf77cd400f00000000f2
:101618001400bf8f0800e0031800bd270800e0038e
:041628002510000089
:020000040000fa
:020000041d03da
:10162c000e00a010251000000000a38c0b00601011
:10163c00000000000600c0500c00a6a4f880828fa9
:10164c002b18c2002016027c0b3043000c00a6a401
:10165c000a00a6a40800e003010002240800e0032d
:04166c00000000007a
:020000040000fa
:020000041d03da
:10167000e8ffbd271400bfaf1000b0af44009024b6
:10168000f3c7400f25200002060040100900062481
:10169000efff052498af400f25204000f8ff001011
:1016a000000000001400bf8f1000b08f0800e0039e
:0416b0001800bd273a
:020000040000fa
:020000041d03da
:1016b400554450204e554c4c2064796e616d6963dd
:1016c40020616c6c6f636174696f6e2068616e6415
:1016d4006c6500005544502044796e616d69632047
:1016e400616c6c6f636174696f6e206661696c65af
:0416f400640000008e
:020000040000fa
:020000041d03da
:1016f800f8ffbd270400bfaf80100400211044008c
:10170800c0100200231044000011020021204400f0
:101718008021040000480340004802402310430091
:101728002b104400fcff40140400bf8f0800e003a6
:041738000800bd27c1
:020000040000fa
:020000041d03da
:10173c0088bf023c00100324081043ac88bf023c55
:10174c000c000324981043ac88bf023c0400032413
:10175c00a81043ac88bf023c10000324f81043ac23
:10176c0088bf023c08000324581143ac0800e00376
:04177c000000000069
:020000040000fa
:020000041d03da
:10178000e8ffbd271400bfaf1000b0af00a0103cb1
:10179000a826102695cd400f0800048e2c0002923a
:1017a000050040141400bf8f00a0023c0100032478
:1017b000dc2643a01400bf8f1000b08f0800e003a8
:0417c0001800bd2729
:020000040000fa
:020000041d03da
:1017c40000606041c000000099aa033c81bf023c54
:1017d4005566632430f240ac30f243ac6655033caa
:1017e400aa99633430f243ac81bf023c0100032464
:1017f40018f643ac81bf023c10f6428cf3c5400b93
:0418040000000000e0
:020000040000fa
:020000041d03da
:1018080000a0023cd82342240b00821400000000f0
:101818000900801000a0023cec23429001004230f5
:101828000500401000a0023cd82342241400439035
:101838004408037c140043a00800e00300000000f3
:020000040000fa
:020000041d03da
:101848000b00801000a0033c0c00868c4c286324fd
:101858000900c314f5ff02240700a050251000005a
:101868004000828c0000a2ac0800e00325100000b4
:101878000800e003f5ff02240800e0030000000070
:020000040000fa
:020000041d03da
:10188800e8ffbd271400bfaf1000b0afe1c4400fa0
:1018980025808000050040543a0006961400bf8f4a
:1018a8001000b08f0800e0031800bd27240005963b
:1018b800f2c4400f25200002f9ff00101400bf8f6a
:020000040000fa
:020000041d03da
:1018c800e8ffbd271400bfaf1000b0af258080002f
:1018d80000800634d8ba400f2528000005004014bf
:1018e800010002241400bf8f1000b08f0800e0032d
:1018f8001800bd271e0002a6faff0010200000a64f
:020000040000fa
:020000041d03da
:10190800e8ffbd271400bfaf1000b0af25808000ee
:10191800bfba400f0100052405004014030002244b
:101928001400bf8f1000b08f0800e0031800bd2717
:101938001e0002a606000224f9ff0010200002a6dd
:020000040000fa
:020000041d03da
:10194800e8ffbd271400bfafe7c9400f0000000043
:1019580006004050251000004400438c03006050ee
:10196800251000009abd400f252040001400bf8fad
:101978000800e0031800bd27fcff00102510000038
:020000040000fa
:020000041d03da
:101988000d008010010003240000868c0300c310a2
:10199800251000000800e00300000000e8ffbd2754
:1019a8001400bfaf4b7f400f000000001400bf8f32
:1019b8000800e0031800bd270800e0032510800098
:020000040000fa
:020000041d03da
:1019c80025642e25642e25642e256400252e327864
:1019d8003a252e32783a252e32783a252e32783a20
:1019e800252e32783a252e327800000066756c6c08
:1019f800000000006c6f7700646f776e00000000d5
:020000040000fa
:020000041d03da
:101a08000400838c0c0060102538c000e8ffbd2757
:101a18001400bfaf2530a00000a0023c1c1f4224c8
:101a28002310820009f86000032902001400bf8f08
:101a38000800e0031800bd270800e00300000000cc
:020000040000fa
:020000041d03da
:101a480000a0023ca42142240b0044140000000022
:101a5800e8ffbd271400bfaf1081828f040040103b
:101a68001400bf8f9f7f400f000000001400bf8f3d
:101a78000800e0031800bd270800e003000000008c
:020000040000fa
:020000041d03da
:101a8800e8ffbd271400bfaf4fca400f1000b0af2a
:101a9800060040102580400035c9400f2520400031
:101aa80002004050258000000800108e251000021a
:101ab8001400bf8f1000b08f0800e0031800bd2786
:020000040000fa
:020000041d03da
:101ac800e8ffbd271400bfaf4fca400f1000b0afea
:101ad80006004010258000003000438c010060544f
:101ae800360050945cca400f2520400025100002a3
:101af8001400bf8f1000b08f0800e0031800bd2746
:020000040000fa
:020000041d03da
:101b080080bf023c00800334040643ac80bf023c23
:101b180030000324080643ac80bf023c100640acea
:101b280080bf023c340c0324200643ac88bf023c2f
:101b380010000324681043ac0800e0030000000014
:020000040000fa
:020000041d03da
:101b4800e8ffbd271400bfaf1c00a5a3fca5400fec
:101b580052818497020003240400431001000624e4
:101b68001400bf8f0800e0031800bd271c00a5273c
:101b78000dbd400f52818497faff00101400bf8feb
:020000040000fa
:020000041d03da
:101b8800d400828c0c004010000000000400458c3a
:101b9800d000828c0800451000000000e8ffbd2737
:101ba8001400bfaf5e84400f000000001400bf8f18
:101bb8000800e0031800bd270800e003000000004b
:020000040000fa
:020000041d03da
:101bc800d400828c05004050cc00858c0000458ce8
:101bd800cc00828c0800451000000000e8ffbd27fb
:101be8001400bfaf5e84400f000000001400bf8fd8
:101bf8000800e0031800bd270800e003000000000b
:020000040000fa
:020000041d03da
:101c08000800a01019008500101000000500401001
:101c180000a0023c0c000324fc2a43ac0800e003ab
:101c280025100000e8ffbd271400bfafc6c1400f54
:101c38000220a4701400bf8f0800e0031800bd271d
:020000040000fa
:020000041d03da
:101c48000a008010000000000a00a0100000000038
:101c5800e8ffbd271400bfafc165400f00000000ba
:101c68001400bf8f0800e0031800bd270800e00338
:0c1c780053ff02240800e00353ff022485
:020000040000fa
:020000041d03da
:101c84000a008010000000000a00a01000000000fc
:101c9400e8ffbd271400bfaf616b400f00000000d8
:101ca4001400bf8f0800e0031800bd270800e003fc
:0c1cb40053ff02240800e00353ff022449
:020000040000fa
:020000041d03da
:101cc0000a008010000000000a00a01000000000c0
:101cd000e8ffbd271400bfaffb62400f000000000b
:101ce0001400bf8f0800e0031800bd270800e003c0
:0c1cf00053ff02240800e00353ff02240d
:020000040000fa
:020000041d03da
:101cfc00e8ffbd271400bfaf1000b0af25808000f7
:101d0c00140082900421027c4429027c1ec3400fe3
:101d1c00140082a0700002ae840000ae1400bf8fcd
:0c1d2c001000b08f0800e0031800bd2775
:020000040000fa
:020000041d03da
:101d38000000828c09004010000000000400838c21
:101d480008006250040080ac0000438c000083aca3
:101d58000800838cffff6324080083ac0800e003bd
:0c1d680000000000faff0010000080ac3a
:020000040000fa
:020000041d03da
:101d7400e8ffbd271400bfaf1000b0af258080007e
:101d8400bfba400f010005240500401401000224dd
:101d94001400bf8f1000b08f0800e0031800bd27a7
:0c1da4001e0002a6faff0010200000a69e
:020000040000fa
:020000041d03da
:101db000e8ffbd271400bfaf1000b0af2580800042
:101dc000bfba400f2528000005004014010002247e
:101dd0001400bf8f1000b08f0800e0031800bd276b
:0c1de0001e0002a6faff0010200000a662
:020000040000fa
:020000041d03da
:101dec00e8ffbd271400bfaf1000b0af2580800006
:101dfc00bfba400f01000524050040140100022465
:101e0c001400bf8f1000b08f0800e0031800bd272e
:0c1e1c001e0002a6faff0010200000a625
:020000040000fa
:020000041d03da
:101e2800e8ffbd271400bfaf1000b0af25808000c9
:101e3800bfba400f01000524050040140100022428
:101e48001400bf8f1000b08f0800e0031800bd27f2
:0c1e58001e0002a6faff0010200000a6e9
:020000040000fa
:020000041d03da
:101e64000000828c09004010000000000400838cf4
:101e740008006250040080ac0000438c000083ac76
:101e84000800838cffff6324080083ac0800e00390
:0c1e940000000000faff0010000080ac0d
:020000040000fa
:020000041d03da
:101ea0001c00828c2000858c2b1845000900605096
:101eb000231045001800838c231865001400848cbf
:101ec0002310440021106200010042240800e003b6
:0c1ed000ffff42300800e003ffff42303b
:020000040000fa
:020000041d03da
:101edc00e8ffbd271400bfafe7c9400f00000000aa
:101eec002520400004008014251000001400bf8f32
:101efc000800e0031800bd273c7a400f01000524c0
:0c1f0c0027100200f9ff0010c2170200ad
:020000040000fa
:020000041d03da
:101f1800e8ffbd271400bfaf1000b0af25808000d8
:101f28002520a000dfbd400f040005240c00038e0f
:101f38001b004300f4016000101000001400bf8f64
:0c1f48001000b08f0800e0031800bd2757
:020000040000fa
:020000041d03da
:101f5400e8ffbd27010003240a00c3101400bfaf2b
:101f64002510c0002530a000020042380a280200d3
:101f7400ed63400f010007241400bf8f0800e00345
:0c1f84001800bd27faff001025300000f7
:020000040000fa
:020000041d03da
:101f9000240080ac0c00828c0a0040100000838c6e
:101fa00025280000000060a40800828c211862002f
:101fb0000100a5240c00828c2b10a200faff4054d3
:0c1fc000000060a40800e0030000000026
:020000040000fa
:020000041d03da
:101fcc000000828c09004010000000000400838c8b
:101fdc0008006250040080ac0000438c000083ac0d
:101fec000800838cffff6324080083ac0800e00327
:0c1ffc0000000000faff0010000080aca4
:020000040000fa
:020000041d03da
:1020080005008010251000004200839440006330d2
:10201800030060540800828c0800e0030000000000
:10202800271002000400838c251043000000a38cb5
:0c203800261043000800e0030100422cc9
:020000040000fa
:020000041d03da
:102044000011040000a0043c1c1f842421208200f1
:102054000800829427180500241843000001a530c5
:102064000400a010080083a4f480838fffff63247e
:0c207400f48083af0800e00300000000cf
:020000040000fa
:020000041d03da
:10208000e8ffbd271400bfaf88bf023c3010448c6e
:1020900088bf023c01000324341043ac3881828f96
:1020a000030040100100843009f840003c81858f16
:0c20b0001400bf8f0800e0031800bd27db
:020000040000fa
:020000041d03da
:1020bc0000a0033ca82663242400628c212082000b
:1020cc00240064ac2b1082000300405425106000e7
:1020dc000800e003000000002800638c010063246a
:0c20ec00280043acfaff001000000000c8
:020000040000fa
:020000041d03da
:1020f800e0ffbd271c00bfafdccb400f1000a0af36
:102108002520400004008014251000001c00bf8f0b
:102118000800e0032000bd270400062430c7400f54
:0c2128001000a527f9ff00101000a28f86
:020000040000fa
:020000041d03da
:10213400e8ffbd271400bfaf7c81838f0100022418
:102144000600621000000000c6cc400f0000000032
:102154001400bf8f0800e0031800bd27bbcc400f5c
:0c21640000000000fbff00101400bf8f03
:020000040000fa
:020000041d03da
:10217000e8ffbd271400bfaf1000b0af258080007e
:10218000009d043cf3b7400f043e8424f3b7400f96
:10219000252000023dbd400f0a0004241400bf8f1b
:0c21a0001000b08f0800e0031800bd27fd
:020000040000fa
:020000041d03da
:1021ac00e8ffbd271400bfaf7283400f252000004d
:1021bc00bec5400f881304248bd0400f00000000d4
:1021cc0067c4400f000000004c818293fcff405418
:0c21dc004c8180a3faff001000000000fe
:020000040000fa
:020000041d03da
:1021e8000000848c03008104251000000800e0032f
:1021f80000000000e8ffbd271400bfaffaa3400f9e
:1022080000000000ffff03240100435025100000d8
:0c2218001400bf8f0800e0031800bd2771
:020000040000fa
:020000041d03da
:10222400e0ffbd271800b0af1000a6af25808000e6
:102234001c00bfaf822a400f1000a6270400038ea3
:102244001c00bf8fffff0424100063300b108300b9
:0c2254001800b08f0800e0032000bd2738
:020000040000fa
:020000041d03da
:10226000e0ffbd271800b0af1000a6af25808000aa
:102270001c00bfaf822a400f1000a6270400038e67
:102280001c00bf8fffff0424100063300b1083007d
:0c2290001800b08f0800e0032000bd27fc
:020000040000fa
:020000041d03da
:10229c000800c010251080002000032423186600bd
:1022ac000600601c0620c500252000000610c50095
:1022bc00252880000800e0032518a0000610c200a5
:1022cc0004286500faff0010251045000800c01016
:1022dc002510800020000424232086000600805c4a
:1022ec000418c200251800000428c2002510600044
:1022fc000800e0032518a0000428c5000610820081
:08230c00faff00102528a200d1
:020000040000fa
:020000041d03da
:1023140009008010020003240800828c0800431482
:10232400000000000200839401006330ffff0424d6
:102334000800e0030a1083000800e003ffff022402
:082344000800e003ffff022482
:020000040000fa
:020000041d03da
:10234c00020002240a0082102538c000e8ffbd27d5
:10235c001400bfaf2530a000010005241838400f31
:10236c00010004241400bf8f0800e0031800bd27ef
:08237c000800e003ffff02244a
:020000040000fa
:020000041d03da
:10238400e8ffbd271400bfaf1000b0afe7c9400f8e
:102394002580a000040040102530000025280002fc
:1023a4006696400f252040001400bf8f1000b08fa8
:0823b4000800e0031800bd273a
:020000040000fa
:020000041d03da
:1023bc00e8ffbd271400bfaf020106241c00052452
:1023cc00b193400f3400042404004010039d033cdf
:1023dc00f4236324080043ac0c0040ac1400bf8f02
:0823ec000800e0031800bd2702
:020000040000fa
:020000041d03da
:1023f40000a0023cb429438c0300641401000224ad
:102404000800e00300000000e8ffbd271400bfaf90
:1024140045b0400f00000000251000001400bf8fdd
:082424000800e0031800bd27c9
:020000040000fa
:020000041d03da
:10242c00e8ffbd271400bfaf2026047cffff022469
:10243c00040082141c00a5a31400bf8f0800e00345
:10244c001800bd27010006249d7b400f1c00a5270a
:08245c00faff00101400bf8f0d
:020000040000fa
:020000041d03da
:102464000a008004248083932a18830008006010e3
:10247400251000008010040021104400c020020038
:10248400bc80828f0800e003211044002510000066
:082494000800e0030000000055
:020000040000fa
:020000041d03da
:10249c005000838c0a00601000000000e8ffbd278c
:1024ac001400bfaf4400828c3000428c09f840000d
:1024bc00252060001400bf8f0800e0031800bd2722
:0824cc000800e003f3ff022405
:020000040000fa
:020000041d03da
:1024d4003c008594010003240300a3102510000090
:1024e4000800e003000000000c00828cfcff405058
:1024f4002b10020022004394080063300b100300e9
:082504000800e0032b100200a7
:020000040000fa
:020000041d03da
:10250c001000838c0700632c090060141400828c6b
:10251c0005000324000043a00800838c0400638c96
:10252c00040043a8010043b80800e003070002249c
:08253c000800e003ffff022488
:020000040000fa
:020000041d03da
:10254400e8ffbd271400bfaf1000b0af2580a00086
:10255400e279400f2520a000253040002528000204
:102564000dbd400f528184971400bf8f1000b08faf
:082574000800e0031800bd2778
:020000040000fa
:020000041d03da
:10257c0000a0023ca82642241000428c2b104400e0
:10258c000500401000a0023ca82642241000428cfa
:10259c000800e00323108200a82642241000428c7d
:0825ac000800e0032310820087
:020000040000fa
:020000041d03da
:1025b4000400a32c03006014010002240800e003bb
:1025c40000000000e8ffbd271400bfaf0100a524f0
:1025d4007f00c63072ba400f402805001400bf8f38
:0825e4000800e0031800bd2708
:020000040000fa
:020000041d03da
:1025ec000400a32c03006014010002240800e00383
:1025fc0000000000e8ffbd271400bfaf4028050015
:10260c003f00c63072ba400f0300a5241400bf8fe0
:08261c000800e0031800bd27cf
:020000040000fa
:020000041d03da
:102624000400a32c03006014010002240800e0034a
:1026340000000000e8ffbd271400bfaf0500a5247b
:102644007f00c63072ba400f402805001400bf8fc7
:082654000800e0031800bd2797
:020000040000fa
:020000041d03da
:10265c000400a32c03006014010002240800e00312
:10266c0000000000e8ffbd271400bfaf40280500a4
:10267c003f00c63072ba400f0b00a5241400bf8f68
:08268c000800e0031800bd275f
:020000040000fa
:020000041d03da
:102694008400832425108000000040a0010042240f
:1026a400fdff4314840085242518800025100000b4
:1026b4000000649001006324fdff651425104400ac
:0826c4000800e0032b100200e6
:020000040000fa
:020000041d03da
:1026cc000800a28c09004010000000000400a38c3c
:1026dc008002637c0400601000a0033c0080033c7b
:1026ec000800e00325104300251043000800e00318
:0426fc0000000000da
:020000040000fa
:020000041d03da
:10270000031905000900601000000000f007022412
:10271000140082ac00190300f0076330180083ac8a
:102720002510a0000800e0030418027c0800e00364
:04273000ffff022481
:020000040000fa
:020000041d03da
:102734000000a290200382a00100a290210382a0a5
:102744000200a290100382a00300a290110382a0b1
:102754000400a290000382a00500a2900800e003f8
:04276400010382a04b
:020000040000fa
:020000041d03da
:10276800200382900000a2a0210382900100a2a071
:10277800100382900200a2a0110382900300a2a07d
:10278800000382900400a2a0010382900800e003e5
:042798000500a2a0f6
:020000040000fa
:020000041d03da
:10279c00090080045080838f2b1883000700601081
:1027ac0025100000802004006080828f21204400ce
:1027bc000800e0030000828c251000000800e003f4
:0427cc000000000009
:020000040000fa
:020000041d03da
:1027d000000202240300c210010006240800e003e6
:1027e00000000000e8ffbd271400bfaf0100052472
:1027f000b6a8400f190004241400bf8f0800e0039e
:042800001800bd27d8
:020000040000fa
:020000041d03da
:102804002026047cffff032403008314251000000a
:102814000800e00300000000e8ffbd271400bfaf7c
:102824004873400f000000001400bf8f0800e0034d
:042834001800bd27a4
:020000040000fa
:020000041d03da
:10283800000102240300c210010006240800e0037e
:1028480000000000e8ffbd271400bfaf0100052409
:10285800b6a8400f0f0004241400bf8f0800e0033f
:042868001800bd2770
:020000040000fa
:020000041d03da
:10286c0042008294c420027c420082a40800a23060
:10287c0003004054420082940800e0030000000072
:10288c0001000324c418627c420082a40800e00307
:04289c000100022411
:020000040000fa
:020000041d03da
:1028a0000500805025108000420083944000633072
:1028b00003006014251000000800e0030000000081
:1028c00060008294010042300a2002000800e00308
:0428d000251080004f
:020000040000fa
:020000041d03da
:1028d400e8ffbd271400bfaf28ca400f0000000066
:1028e4002518400004006010251000004200629486
:1028f400001042380003427c1400bf8f0800e0033c
:042904001800bd27d3
:020000040000fa
:020000041d03da
:1029080008008010251000001000838c050060105e
:10291800000000000c0064940000638cfdff60144c
:10292800211044000800e003ffff4230fdff0010c3
:042938002510000066
:020000040000fa
:020000041d03da
:10293c00090080042c81838f2a1883000700601003
:10294c0025100000802004003081828f212044005b
:10295c000800e0030000828c251000000800e00352
:04296c000000000067
:020000040000fa
:020000041d03da
:10297000e8ffbd271400bfaf1000b0af2580800076
:10298000f3c7400f4400842425284000a1ac400f29
:10299000252000021400bf8f1000b08f0800e00354
:0429a0001800bd2737
:020000040000fa
:020000041d03da
:1029a400000102240300c210010006240800e00311
:1029b40000000000e8ffbd271400bfaf010005249c
:1029c400b6a8400f0e0004241400bf8f0800e003d3
:0429d4001800bd2703
:020000040000fa
:020000041d03da
:1029d800f8ffbd270400bfaf006802400008033cb1
:1029e8002510430000688240c000000088bf023cf8
:1029f80001000324641043ac0400bf8f0800e00307
:042a08000800bd27de
:020000040000fa
:020000041d03da
:102a0c0000a0033c141663240c00628c0800638c39
:102a1c002b2062000300801400a0043c0800e0039b
:102a2c00231062002c16848c211864000800e0032b
:042a3c002310620001
:020000040000fa
:020000041d03da
:102a400000a0033c141663242800648c2c00628cc4
:102a50002b1882000300601400a0033c0800e00370
:102a6000231082004416638c212083000800e003b9
:042a700023108200ad
:020000040000fa
:020000041d03da
:102a7400e8ffbd271400bfaf0000828c0000428c29
:102a8400019d053c1053a52409f840000400848ce2
:102a94000bc3400f000000001400bf8f0800e003c8
:042aa4001800bd2732
:020000040000fa
:020000041d03da
:102aa800e8ffbd271400bfaf00a0023cb426428c4b
:102ab800e80306242538000019004400122000000d
:102ac8003f3f400f102800001400bf8f0800e003ac
:042ad8001800bd27fe
:020000040000fa
:020000041d03da
:102adc00e8ffbd271400bfaf00a0043c00cc400fa2
:102aec00ec248424030040042510000000a0023cc8
:102afc00ec244224788182af1400bf8f0800e003dd
:042b0c001800bd27c9
:020000040000fa
:020000041d03da
:102b1000f8ffbd270400bfaf004803408010040049
:102b200021204400c020040000480240231043003c
:102b30002b104400fcff40140400bf8f0800e0038a
:042b40000800bd27a5
:020000040000fa
:020000041d03da
:102b4400e8ffbd271400bfaf88bf023c0002032486
:102b5400e86043ac88bf023c04000324246043ac17
:102b6400c4ca400f0a0004241400bf8f0800e00305
:042b74001800bd2761
:020000040000fa
:020000041d03da
:102b780001008424c010040000a0043cd021842457
:102b8800211844000000658c0400a014f8ff4224ba
:102b980021208200040064ac000064ac0800e0035b
:042ba8000000000029
:020000040000fa
:020000041d03da
:102bac00e8ffbd271000b0af1400bfafac9f400fc3
:102bbc002580a000000043901400bf8fff0010324e
:102bcc00261870000b1003001000b08f0800e003f3
:042bdc001800bd27f9
:020000040000fa
:020000041d03da
:102be0000900801000000000e8ffbd271400bfafff
:102bf000e7cc400f00000000251000001400bf8f3c
:102c00000800e0031800bd270800e00353ff02247a
:020000040000fa
:020000041d03da
:102c10000000a0ac0400828c07004050040085ac8a
:102c2000000045ac040085ac0800828c0100422401
:102c30000800e003080082acfbff0010000085ac38
:020000040000fa
:020000041d03da
:102c40000800801000a0033c0c00868c4c286324f4
:102c50000500c314f5ff0224400085ac0800e00322
:102c600025100000f5ff02240800e003000000002a
:020000040000fa
:020000041d03da
:102c70000000a0ac0400828c07004050040085ac2a
:102c8000000045ac040085ac0800828c01004224a1
:102c90000800e003080082acfbff0010000085acd8
:020000040000fa
:020000041d03da
:102ca000d8ffbd272400bfaf010002241800a2af47
:102cb0003800a28f1400a2af1000a7af076f400f1b
:102cc000ffff07342400bf8f0800e0032800bd2762
:020000040000fa
:020000041d03da
:102cd000d8ffbd272400bfaf020002241800a2af16
:102ce0003c00a28f1400a2af3800a28f076f400fe4
:102cf0001000a2af2400bf8f0800e0032800bd270a
:020000040000fa
:020000041d03da
:102d0000d8ffbd272400bfaf030002241800a2afe4
:102d10003800a28f1400a2af1000a7af076f400fba
:102d2000ffff07342400bf8f0800e0032800bd2701
:020000040000fa
:020000041d03da
:102d3000e8ffbd271400bfafe7c9400f0000000047
:102d40002518400003006010251000003600629432
:102d50008002427c1400bf8f0800e0031800bd27ea
:020000040000fa
:020000041d03da
:102d6000e8ffbd271400bfafe7c9400f0000000017
:102d7000252040000300801025100000a8c7400f48
:102d8000000000001400bf8f0800e0031800bd27fa
:020000040000fa
:020000041d03da
:102d90000000a29401004230070040100000000033
:102da0000000a2940400027c0000a2a42400828cf3
:102db000ffff4224240082ac0800e0030000000072
:020000040000fa
:020000041d03da
:102dc0000000a0ac0400828c07004050040085acd9
:102dd000000045ac040085ac0800828c0100422450
:102de0000800e003080082acfbff0010000085ac87
:020000040000fa
:020000041d03da
:102df000e8ffbd271400bfaff6bd400f2528000037
:102e000025184000030060102510000002006290a9
:102e1000010042301400bf8f0800e0031800bd27f6
:020000040000fa
:020000041d03da
:102e2000e8ffbd271400bfaff6bd400f2528000006
:102e30002518400003006010251000000200629475
:102e40004000427c1400bf8f0800e0031800bd273b
:020000040000fa
:020000041d03da
:102e5000050080102510000042008394400063307c
:102e6000030060540800828c0800e00300000000aa
:102e7000271002000400838c0800e00325104300a3
:020000040000fa
:020000041d03da
:102e8000e8ffbd271400bfaf40100400211044002c
:102e90008010020000a0043c8c1e8424f3c7400f65
:102ea000212082001400bf8f0800e0031800bd2716
:020000040000fa
:020000041d03da
:102eb0000c00022488bf033c206062ac88bf033c46
:102ec000046062ac0002022488bf033ce06062ac94
:102ed00088bf033cc46062ac0800e003000000004f
:020000040000fa
:020000041d03da
:102ee000e8ffbd271400bfaf1000b0af00a0023c48
:102ef00090ca400f4416508cffff10262310020288
:102f00001400bf8f1000b08f0800e0031800bd2729
:020000040000fa
:020000041d03da
:102f1000e8ffbd271400bfaf1000b0af00a0023c17
:102f200083ca400f2c16508cffff1026231002027c
:102f30001400bf8f1000b08f0800e0031800bd27f9
:020000040000fa
:020000041d03da
:102f400000000000030000006832039d0cde029dbb
:102f5000f8e8029d90e8029d7cde029dc0e7029d9c
:102f600028e8029dc446039de43f039dbc46039da3
:020000040000fa
:020000041d03da
:102f7000e8ffbd271400bfaf7881828f04004010a6
:102f8000000000001400bf8f0800e0031800bd27f8
:102f9000b7ca400f00000000faff00107881828f4e
:020000040000fa
:020000041d03da
:102fa000090080102510a0002000a52c0100a050d1
:102fb0001f000224000082a0010080a0020080a067
:102fc000030080a0040080a00800e00300000000cf
:020000040000fa
:020000041d03da
:102fd000e0ffbd271c00bfaf030002240a1005005c
:102fe0001000a2af02000724253000002098400ff7
:102ff0001b0005241c00bf8f0800e0032000bd2734
:020000040000fa
:020000041d03da
:103000000800801000000000e8ffbd271400bfafdb
:10301000f2cc400f000000001400bf8f0800e00356
:0c3020001800bd270800e00353ff022445
:020000040000fa
:020000041d03da
:10302c00e8ffbd271400bfaf2510c0005400c38caf
:10303c002530a0002528800009f860005000448c41
:0c304c001400bf8f0800e0031800bd272f
:020000040000fa
:020000041d03da
:1030580000a0023c4c284224060082140000000014
:103068000400801000a0033c040040ac4c2860a081
:0c307800200040ac0800e0030000000055
:020000040000fa
:020000041d03da
:1030840000a0033c4c28632406008314ffff0224a1
:10309400040080100000000000a0023c0800e003cf
:0c30a4005028428c0800e00300000000ef
:020000040000fa
:020000041d03da
:1030b0000700801000a0033c0c00858c4c28632482
:1030c0000400a314ffff02240800e0030800828c20
:0c30d000ffff02240800e00300000000e5
:020000040000fa
:020000041d03da
:1030dc000700801000a0033c0c00858c4c28632456
:1030ec000400a314f5ff02240800e0032c00828cda
:0c30fc00f5ff02240800e00300000000c3
:020000040000fa
:020000041d03da
:10310800e8ffbd271400bfaf3c80848f0500801006
:103118001400bf8f79cc400f000000003c8080afc6
:0c3128001400bf8f0800e0031800bd2752
:020000040000fa
:020000041d03da
:103134000500801025100000420083944000633095
:10314400030060540000a28c0800e00300000000ab
:0c3154000c0082ac0800e0030100022423
:020000040000fa
:020000041d03da
:1031600008008010000000004200829440004230bd
:10317000030040540000a28c020000102520000033
:0c318000100082ac0800e0032b100400db
:020000040000fa
:020000041d03da
:10318c00050080102510000042008394400063303d
:10319c00030060540000a28c0800e0030000000053
:0c31ac00140082ac0800e00301000224c3
:020000040000fa
:020000041d03da
:1031b800e8ffbd27040080101400bfaf42008294ce
:1031c800400042300a20020063cd400f000000009a
:0c31d8001400bf8f0800e0031800bd27a2
:020000040000fa
:020000041d03da
:1031e4000800801010000624e8ffbd271400bfafbc
:1031f40050a6400f252800001400bf8f0800e003ec
:0c3204001800bd270800e00300000000d7
:020000040000fa
:020000041d03da
:10321000e8ffbd271400bfaf1000b0af62c1400f80
:103220002580800012b2400f252000021400bf8fbd
:0c3230001000b08f0800e0031800bd275c
:020000040000fa
:020000041d03da
:10323c00f8ffbd270400bfaf006802400008033c44
:10324c002510430000688240c0000000388180af28
:0c325c000400bf8f0800e0030800bd273d
:020000040000fa
:020000041d03da
:103268000800801400a0033ce42a6224010004241e
:10327800080044a00000a48ce42a64ac01000324e4
:0c328800040043ac0800e003000000005c
:020000040000fa
:020000041d03da
:103294000300a014000000000800e0030000000088
:1032a400e8ffbd271400bfaf95cd400f000000001c
:0c32b4001400bf8f0800e0031800bd27c5
:020000040000fa
:020000041d03da
:1032c000e8ffbd271400bfaf748186af010007245b
:1032d00025308000039d043cfda4400fa83b8424be
:0c32e0001400bf8f0800e0031800bd2799
:020000040000fa
:020000041d03da
:1032ec00e8ffbd271400bfafbdd1400f010004247f
:1032fc00c4ca400f02000424bdd1400f2520000099
:0c330c001400bf8f0800e0031800bd276c
:020000040000fa
:020000041d03da
:10331800e8ffbd271400bfafbfd1400f0100042450
:10332800c4ca400f02000424bfd1400f252000006a
:0c3338001400bf8f0800e0031800bd2740
:020000040000fa
:020000041d03da
:10334400e0ffbd271c00bfaf2e8085a31000a5aff2
:1033540001000724253000002098400f17000524a1
:0c3364001c00bf8f0800e0032000bd2704
:020000040000fa
:020000041d03da
:103370000600801088bf023c88bf023c0400032482
:10338000286043ac0800e0030000000004000324b0
:0c339000246043ac0800e00300000000d3
:020000040000fa
:020000041d03da
:10339c0008008010feff0624e8ffbd271400bfaf15
:1033ac0069be400f252800001400bf8f0800e00301
:0c33bc001800bd270800e00353ff0224a6
:020000040000fa
:020000041d03da
:1033c800e0ffbd271c00bfaffeff02241000a2af24
:1033d80025380000253000005f51400f25280000e7
:0c33e8001c00bf8f0800e0032000bd2780
:020000040000fa
:020000041d03da
:1033f400e0ffbd270080023c251800001000a2afaa
:103404001400a3af1c00bfaf25a1400f00000000b3
:0c3414001c00bf8f0800e0032000bd2753
:020000040000fa
:020000041d03da
:1034200000a0043c6c2a822401000324080043ac61
:1034300000a0033c102b63246c2a83ac0200033ce5
:0c344000a08663240800e003040043acf5
:020000040000fa
:020000041d03da
:10344c004452562050485920696e6974206661694f
:10345c006c65643a2025640d0a0000005049433322
:08346c0032494e54000000003b
:020000040000fa
:020000041d03da
:10347400e8ffbd271400bfaff7a6400f25280000c2
:1034840002004050ffff02240c00428c1400bf8f46
:083494000800e0031800bd2749
:020000040000fa
:020000041d03da
:10349c00050080102510000042008394400063302a
:1034ac00030060545e0082940800e00300000000fa
:0834bc000800e003ecff4224cc
:020000040000fa
:020000041d03da
:1034c4000c00838c2b18a30005006010251000004d
:1034d4000800828c0000838c0220a27021108300db
:0834e4000800e00300000000f5
:020000040000fa
:020000041d03da
:1034ec0005008010251000004200839440006330da
:1034fc00030060540c8184af0800e003000000005e
:08350c000800e00301000224a5
:020000040000fa
:020000041d03da
:1035140005008010251000004200839440006330b1
:1035240003006014000000000800e0030000000035
:083534000800e0030c00828c8a
:020000040000fa
:020000041d03da
:10353c000500801025100000420083944000633089
:10354c0003006014000000000800e003000000000d
:08355c000800e0031000828c5e
:020000040000fa
:020000041d03da
:103564000500801025100000420083944000633061
:1035740003006014000000000800e00300000000e5
:083584000800e0031400828c32
:020000040000fa
:020000041d03da
:10358c000500801025100000420083944000633039
:10359c0003006014000000000800e00300000000bd
:0835ac000800e0030400828c1a
:020000040000fa
:020000041d03da
:1035b4000500801025100000420083944000633011
:1035c40003006014000000000800e0030000000095
:0835d4000800e0030800828cee
:020000040000fa
:020000041d03da
:1035dc0005008010251000004200839440006330e9
:1035ec00030060546000828c0800e00300000000bf
:0835fc000800e0030100423069
:020000040000fa
:020000041d03da
:103604000700801000000000420082944000423015
:103614003c0084240a2002000800e00325108000f6
:083624000800e00325108000fe
:020000040000fa
:020000041d03da
:10362c001000828c0300422c050040141400838c83
:10363c0001000224000062a00800e0030300022441
:08364c000800e003ffff022467
:020000040000fa
:020000041d03da
:10365400421104000029020088bf023c6010422489
:10366400211045000100032404188300080043ac22
:083674000800e0030000000063
:020000040000fa
:020000041d03da
:10367c00421104000029020088bf023c6010422461
:10368c00211045000100032404188300040043acfe
:08369c000800e003000000003b
:020000040000fa
:020000041d03da
:1036a400421104000029020088bf023c3010422469
:1036b400211045000100032404188300040043acd6
:0836c4000800e0030000000013
:020000040000fa
:020000041d03da
:1036cc000700801000000000f8ffbd270400bfaf0a
:1036dc00206062410400bf8f0800e0030800bd2792
:0836ec000800e00300000000eb
:020000040000fa
:020000041d03da
:1036f400e0ffbd271c00bfaf010006241000a52772
:10370400ddbc400f528184971000a2831c00bf8f40
:083714000800e0032000bd27be
:020000040000fa
:020000041d03da
:10371c00e0ffbd271c00bfaf1000a5af01000724c0
:10372c00253000002098400fac0005241c00bf8ff2
:08373c000800e0032000bd2796
:020000040000fa
:020000041d03da
:10374400e0ffbd271c00bfaf1000a5af0100072498
:10375400010006242098400fac0005241c00bf8ff4
:083764000800e0032000bd276e
:020000040000fa
:020000041d03da
:10376c00e8ffbd271400bfaf25300000039d053cca
:10377c000c47a5241fb9400f252000001400bf8f53
:08378c000800e0031800bd274e
:020000040000fa
:020000041d03da
:10379400e0ffbd272800a6af2800a6271c00bfaf66
:1037a4002c00a7af03ce400f1000a6af1c00bf8fa4
:1037b4000800e0032000bd27e0ffbd272800a6afd6
:1037c4002800a6271c00bfaf2c00a7af03ce400fd4
:1037d4001000a6af1c00bf8f0800e0032000bd2727
:020000040000fa
:020000041d03da
:1037e400e8ffbd271000b0af1400bfaf6ac3400f9d
:1037f400258080001400bf8f251000021000b08fb8
:083804000800e0031800bd27d5
:020000040000fa
:020000041d03da
:10380c002538c0002530a000ff7f053ce8ffbd2710
:10381c001400bfafd2b2400fffffa5341400bf8f0e
:08382c000800e0031800bd27ad
:020000040000fa
:020000041d03da
:10383800000000000000f03f000000000000e03f32
:103848000000000000005043000000000000b03fee
:08385800000000000000204008
:020000040000fa
:020000041d03da
:1038600000a0033cd8236324040083142510000027
:1038700002008010251080009000628c0800e00398
:043880000000000044
:020000040000fa
:020000041d03da
:1038840006008010000000002c00828c3000838c25
:10389400231043000800e003c01002000800e00306
:0438a40025100000eb
:020000040000fa
:020000041d03da
:1038a80034d5029d48b7019dfc0a039db06d019d6a
:1038b800ec3d039d98a1029d8438039d083e039d1d
:0438c800243e039dfa
:020000040000fa
:020000041d03da
:1038cc0006008010251080004400828c03004010fc
:1038dc00000000000800e0030400428c0800e00334
:0438ec0000000000d8
:020000040000fa
:020000041d03da
:1038f000421904000029030088bf033c60106324c0
:10390000211865000000628c061082000800e003a8
:043910000100423040
:020000040000fa
:020000041d03da
:103914000400a28c648182af688182270800a3948a
:10392400040043a402000324000043ac0800e003a5
:04393400251000005a
:020000040000fa
:020000041d03da
:10393800e8ffbd271400bfaf7c8184af0100843845
:10394800bbd1400f0100842c1400bf8f0800e00396
:043958001800bd276f
:020000040000fa
:020000041d03da
:10395c00d0ff83240a00632c0400601401000224ad
:10396c00200084349fff82240600422c0800e003d0
:04397c000000000047
:020000040000fa
:020000041d03da
:1039800000a0043c002b828c954c033c2d7f6324cb
:103990000210437001004224002b82ac0800e003b7
:0439a00042140200cb
:020000040000fa
:020000041d03da
:1039a400e0ffbd272c00a7af2c00a7271c00bfaf4a
:1039b400d2b2400f1000a7af1c00bf8f0800e00375
:0439c4002000bd27fb
:020000040000fa
:020000041d03da
:1039c8004452565f504859206f7065726174696f30
:1039d8006e206572726f723a2025640d0a0000002d
:020000040000fa
:020000041d03da
:1039e800e0ffbd271c00bfaf1400a0afad58400fcb
:1039f8001000a0af1c00bf8f0800e0032000bd2707
:020000040000fa
:020000041d03da
:103a0800e8ffbd271400bfaf010006246346400f3e
:103a1800252880001400bf8f0800e0031800bd2788
:020000040000fa
:020000041d03da
:103a2800e8ffbd271400bfaf0400828c09f84000ee
:103a3800000000001400bf8f0800e0031800bd2735
:020000040000fa
:020000041d03da
:103a4800e8ffbd271400bfaf0800828c09f84000ca
:103a5800000000001400bf8f0800e0031800bd2715
:020000040000fa
:020000041d03da
:103a6800e8ffbd271400bfaf0c00828c09f84000a6
:103a7800000000001400bf8f0800e0031800bd27f5
:020000040000fa
:020000041d03da
:103a8800e8ffbd271400bfaf2000a48c3388400f87
:103a98002528c0001400bf8f0800e0031800bd27c8
:020000040000fa
:020000041d03da
:103aa800e0ffbd271c00bfaf010002241f6a400fc2
:103ab8001000a2af1c00bf8f0800e0032000bd2744
:020000040000fa
:020000041d03da
:103ac800e0ffbd271c00bfaf020002241f6a400fa1
:103ad8001000a2af1c00bf8f0800e0032000bd2724
:020000040000fa
:020000041d03da
:103ae800e8ffbd271400bfaf2530a0007ca4400f1d
:103af800010005241400bf8f0800e0031800bd274b
:020000040000fa
:020000041d03da
:103b0800000000000000000001000000f419039dff
:103b180002000000fc19039d03000000001a039d29
:020000040000fa
:020000041d03da
:103b280000a0023ca4214224030044140000000029
:103b38000800e003f080828f0800e003ffff022402
:020000040000fa
:020000041d03da
:103b480000a0023cb421438c03006414251000003b
:103b580000a0023cb021428c0800e00300000000f5
:020000040000fa
:020000041d03da
:103b68005061636b65742041636b3a206f727068b3
:103b7800616e207061636b657421200d0a0000007e
:020000040000fa
:020000041d03da
:103b8800f8ffbd270400bfaf00606241c00000001d
:103b9800010042300400bf8f0800e0030800bd2781
:020000040000fa
:020000041d03da
:103ba800e8ffbd271400bfaf7481828f09f8400079
:103bb800252800001400bf8f0800e0031800bd2767
:020000040000fa
:020000041d03da
:103bc800e8ffbd271400bfaf2530a00072ba400f30
:103bd800140005241400bf8f0800e0031800bd2757
:020000040000fa
:020000041d03da
:103be800e8ffbd271400bfaf2b30050072ba400fa5
:103bf800ab0005241400bf8f0800e0031800bd27a0
:020000040000fa
:020000041d03da
:103c0800000000000000f03f000000000000244019
:103c180000000000000050430000000000001440b5
:103c2800000000000000e043000000000000e0c3c6
:103c3800000000f0ffff1f34000000000000f00744
:020000040000fa
:020000041d03da
:103c4800e8ffbd271400bfaf95d1400f000000006a
:0c3c58001400bf8f0800e0031800bd2717
:020000040000fa
:020000041d03da
:103c6400e8ffbd271400bfaf93d1400f0000000050
:0c3c74001400bf8f0800e0031800bd27fb
:020000040000fa
:020000041d03da
:103c8000e8ffbd271400bfaf91d1400f0000000036
:0c3c90001400bf8f0800e0031800bd27df
:020000040000fa
:020000041d03da
:103c9c00e8ffbd271400bfaf8fd1400f000000001c
:0c3cac001400bf8f0800e0031800bd27c3
:020000040000fa
:020000041d03da
:103cb800e8ffbd271400bfaf8dd1400f0000000002
:0c3cc8001400bf8f0800e0031800bd27a7
:020000040000fa
:020000041d03da
:103cd400e8ffbd271400bfaf7fd1400f00000000f4
:0c3ce4001400bf8f0800e0031800bd278b
:020000040000fa
:020000041d03da
:103cf000e8ffbd271400bfaf8bd1400f00000000cc
:0c3d00001400bf8f0800e0031800bd276e
:020000040000fa
:020000041d03da
:103d0c00e8ffbd271400bfaf89d1400f00000000b1
:0c3d1c001400bf8f0800e0031800bd2752
:020000040000fa
:020000041d03da
:103d2800e8ffbd271400bfaf4b7c400f25200000e3
:0c3d38001400bf8f0800e0031800bd2736
:020000040000fa
:020000041d03da
:103d4400007f0224340282ac002a0500007fa530e3
:0c3d5400380285ac0800e003000000000d
:020000040000fa
:020000041d03da
:103d600001000224980282ac000000000000000064
:0c3d7000000000000800e003000000005c
:020000040000fa
:020000041d03da
:103d7c00e8ffbd271400bfafeec1400f252800009f
:0c3d8c001400bf8f0800e0031800bd27e2
:020000040000fa
:020000041d03da
:103d98000300c2880000c298251840000800a28cc1
:0c3da800261043000800e0032b1002006e
:020000040000fa
:020000041d03da
:103db400e8ffbd271400bfaf0c87400f02000724a3
:0c3dc4001400bf8f0800e0031800bd27aa
:020000040000fa
:020000041d03da
:103dd000e8ffbd271400bfaf0c87400f0300072486
:0c3de0001400bf8f0800e0031800bd278e
:020000040000fa
:020000041d03da
:103dec0004008010000000002c00828c0800e0030e
:0c3dfc00c01002000800e00325100000c9
:020000040000fa
:020000041d03da
:103e080004008010000000003400828c0800e003e9
:0c3e1800c01002000800e00325100000ac
:020000040000fa
:020000041d03da
:103e240004008010000000003800828c0800e003c9
:0c3e3400380080ac0800e003f7ff022417
:020000040000fa
:020000041d03da
:103e4000e8ffbd271400bfaf3466400f25300000e7
:0c3e50001400bf8f0800e0031800bd271d
:020000040000fa
:020000041d03da
:103e5c00ffff82300224040021104400007c447ccb
:0c3e6c00211044000800e003ffff42307a
:020000040000fa
:020000041d03da
:103e7800040080100000000042008294400042309c
:0c3e88000a2002000800e0032b100400d8
:020000040000fa
:020000041d03da
:103e94000400801025100000420082940700423084
:0c3ea4000100422c0800e00300000000b8
:020000040000fa
:020000041d03da
:103eb000e8ffbd271400bfaf81cd400f0000000018
:0c3ec0001400bf8f0800e0031800bd27ad
:020000040000fa
:020000041d03da
:103ecc00e8ffbd271400bfaf12c1400f0000000077
:0c3edc001400bf8f0800e0031800bd2791
:020000040000fa
:020000041d03da
:103ee800e8ffbd271400bfaff77c400f010007248f
:0c3ef8001400bf8f0800e0031800bd2775
:020000040000fa
:020000041d03da
:103f0400e8ffbd271400bfafa2b9400f0200072489
:0c3f14001400bf8f0800e0031800bd2758
:020000040000fa
:020000041d03da
:103f2000e8ffbd271400bfaf41aa400f000000000a
:0c3f30001400bf8f0800e0031800bd273c
:020000040000fa
:020000041d03da
:103f3c00e8ffbd271400bfaff567400f0100062452
:0c3f4c001400bf8f0800e0031800bd2720
:020000040000fa
:020000041d03da
:103f5800b446039d2c36039d90f8029d34c4029dff
:0c3f6800b8c4029d0c25039db444039dc9
:020000040000fa
:020000041d03da
:103f740081bf033c00f0628c4001427cfdff401095
:0c3f8400000000000800e0030000000046
:020000040000fa
:020000041d03da
:103f9000f8ffbd270400bfaf00588440c0000000f8
:0c3fa0000400bf8f0800e0030800bd27ec
:020000040000fa
:020000041d03da
:103fac00e8ffbd271400bfaf83ca400f000000001c
:0c3fbc001400bf8f0800e0031800bd27b0
:020000040000fa
:020000041d03da
:103fc800e8ffbd271400bfaff5bc400f52818497ae
:0c3fd8001400bf8f0800e0031800bd2794
:020000040000fa
:020000041d03da
:103fe400040080140000000000a0023c0800e0036c
:0c3ff400e82a428c0800e00303000224cd
:020000040000fa
:020000041d03da
:10400000e8ffbd271400bfafe2ce400f0000000064
:0c4010001400bf8f0800e0031800bd275b
:020000040000fa
:020000041d03da
:10401c00e8ffbd271400bfafb3cd400f0000000078
:0c402c001400bf8f0800e0031800bd273f
:020000040000fa
:020000041d03da
:10403800e8ffbd271400bfaf9db4400f000000008b
:0c4048001400bf8f0800e0031800bd2723
:020000040000fa
:020000041d03da
:10405400e8ffbd271400bfafdccc400f0000000018
:0c4064001400bf8f0800e0031800bd2707
:020000040000fa
:020000041d03da
:10407000bfff83241a00632c02006010251080000b
:0c408000200082340800e0030000000073
:020000040000fa
:020000041d03da
:10408c009fff83241a00632c02006010251080000f
:0c409c005f0082300800e003000000001c
:020000040000fa
:020000041d03da
:1040a8000000200201000003000000000b000000d7
:0840b8000100000000000000ff
:020000040000fa
:020000041d03da
:1040c0007f000224240282ac7f00a530280285ac48
:0840d0000800e00300000000fd
:020000040000fa
:020000041d03da
:1040d8007f000224340282ac7f00a530380285ac10
:0840e8000800e00300000000e5
:020000040000fa
:020000041d03da
:1040f000022104000a00832c30008224570084240b
:084100000800e0030a1083002f
:020000040000fa
:020000041d03da
:104108000f0084300a00832c300082245700842456
:084118000800e0030a10830017
:020000040000fa
:020000041d03da
:1041200003008010000000000800e00358008294a3
:084130000800e003ffff022478
:020000040000fa
:020000041d03da
:1041380003008010000000000800e003580082948b
:084148000800e003ffff022460
:020000040000fa
:020000041d03da
:10415000f8ffbd270400bfaf004802400400bf8f36
:084160000800e0030800bd2780
:020000040000fa
:020000041d03da
:10416800f8ffbd270400bfaf00680240007002409e
:08417800ffff00100000000031
:020000040000fa
:020000041d03da
:10418000f8ffbd270400bfaf006802400070024086
:08419000ffff00100000000019
:020000040000fa
:020000041d03da
:1041980000601a40bfff1b3cffff7b3724d05b0346
:0841a80000609a40180000427b
:020000040000fa
:020000041d03da
:1041b00068076c094c836a9074a07ac00080688894
:0841c00000846c820081000004
:020000040000fa
:020000041d03da
:1041c800822805002000828c84f8a27c0800e00385
:0441d800200082ac95
:020000040000fa
:020000041d03da
:1041dc00822805003000828c84f8a27c0800e00361
:0441ec00300082ac71
:020000040000fa
:020000041d03da
:1041f0008444039d04dc019d9045039d0000000064
:1042000000000000d8ff029db00a039d2c24039dee
:084210000428039df056029df5
:020000040000fa
:020000041d03da
:1042180080bf023c105e428c800042380800e003f8
:04422800c001427c13
:020000040000fa
:020000041d03da
:10422c0080bf023c00800334080643ac0800e00366
:04423c00000000007e
:020000040000fa
:020000041d03da
:1042400030313233343536373839414243444546cc
:04425000000000006a
:020000040000fa
:020000041d03da
:1042540001000224080082ac0800e0030000000012
:020000040000fa
:020000041d03da
:1042640000800234080282ac0800e0030000000071
:020000040000fa
:020000041d03da
:1042740000800234040282ac0800e0030000000065
:020000040000fa
:020000041d03da
:1042840000800234040082ac0800e0030000000057
:020000040000fa
:020000041d03da
:1042940000800234080082ac0800e0030000000043
:020000040000fa
:020000041d03da
:1042a40000020224040082ac0800e00300000000c5
:020000040000fa
:020000041d03da
:1042b40000020224080082ac0800e00300000000b1
:020000040000fa
:020000041d03da
:1042c40000010224040082ac0800e00300000000a6
:020000040000fa
:020000041d03da
:1042d40000010224080082ac0800e0030000000092
:020000040000fa
:020000041d03da
:1042e40040028294046aa27c0800e003400282a493
:020000040000fa
:020000041d03da
:1042f400400282940418a27c0800e003400282a4d5
:020000040000fa
:020000041d03da
:1043040000080224680282ac0800e00300000000f8
:020000040000fa
:020000041d03da
:1043140060028294c45a027c0800e003600282a412
:020000040000fa
:020000041d03da
:10432400600282940442a27c0800e003600282a43a
:020000040000fa
:020000041d03da
:10433400ffc0a530a40085ac0800e0030000000025
:020000040000fa
:020000041d03da
:10434400ffc0a530a80085ac0800e0030000000011
:020000040000fa
:020000041d03da
:10435400002c0500080085ac0800e0030000000004
:020000040000fa
:020000041d03da
:1043640008000224080282ac0800e00300000000f8
:020000040000fa
:020000041d03da
:1043740004000224080282ac0800e00300000000ec
:020000040000fa
:020000041d03da
:1043840080000224080082ac0800e0030000000062
:020000040000fa
:020000041d03da
:10439400480086ac580087ac0800e0030000000029
:020000040000fa
:020000041d03da
:1043a40002000224880282ac0800e003000000003e
:020000040000fa
:020000041d03da
:1043b40002000224840282ac0800e0030000000032
:020000040000fa
:020000041d03da
:1043c40001000224880282ac0800e003000000001f
:020000040000fa
:020000041d03da
:1043d40001000224840282ac0800e0030000000013
:020000040000fa
:020000041d03da
:1043e400a00282940462a27c0800e003a00282a4da
:020000040000fa
:020000041d03da
:1043f400a00282940420a27c0800e003a00282a40c
:020000040000fa
:020000041d03da
:1044040004000224d80282ac0800e003000000008b
:020000040000fa
:020000041d03da
:1044140002000224980282ac0800e00300000000bd
:020000040000fa
:020000041d03da
:1044240002000224940282ac0800e00300000000b1
:020000040000fa
:020000041d03da
:10443400b00285a4000000000800e00300000000b2
:020000040000fa
:020000041d03da
:1044440001000224940282ac0800e0030000000092
:020000040000fa
:020000041d03da
:1044540000800234880282ac0800e00300000000ff
:020000040000fa
:020000041d03da
:1044640000800234840282ac0800e00300000000f3
:020000040000fa
:020000041d03da
:10447400800282948428a27c0800e003800282a443
:020000040000fa
:020000041d03da
:104484000100c630fcff02240800e0030b10060004
:020000040000fa
:020000041d03da
:104494000300c2880000c2980800e0030800a2ac30
:020000040000fa
:020000041d03da
:1044a400040080ac000080ac0800e003080080ac8d
:020000040000fa
:020000041d03da
:1044b4001800828c2b1002000800e0034010020058
:020000040000fa
:020000041d03da
:1044c40038818227000044ac0800e003040045acb6
:020000040000fa
:020000041d03da
:1044d400ffff842400a0023c0800e003002b44ac4e
:020000040000fa
:020000041d03da
:1044e400494e4600696e66004e414e006e616e0094
:1044f400494e4600696e66004e414e006e616e0084
:020000040000fa
:020000041d03da
:10450800000000000000e07f0000000000006003e1
:020000040000fa
:020000041d03da
:0c451800e000828c0800e003c001427c3f
:020000040000fa
:020000041d03da
:0c452400e000828c0800e0038001427c73
:020000040000fa
:020000041d03da
:0c453000e000828c0800e0034001427ca7
:020000040000fa
:020000041d03da
:0c453c00d40085ac0800e0030000000083
:020000040000fa
:020000041d03da
:0c454800c80085ac0800e0030000000083
:020000040000fa
:020000041d03da
:0c455400c40085ac0800e003000000007b
:020000040000fa
:020000041d03da
:0c456000d40085ac0800e003000000005f
:020000040000fa
:020000041d03da
:0c456c000000828c0800e003c003427cc9
:020000040000fa
:020000041d03da
:0c457800d00282900800e00301004230f5
:020000040000fa
:020000041d03da
:0c458400d00282900800e0038000427c1e
:020000040000fa
:020000041d03da
:0c4590002600023c0800e003a0254224a5
:020000040000fa
:020000041d03da
:0c459c0000a0023c0800e003a421428cb7
:020000040000fa
:020000041d03da
:0c45a8002c0082240800e0030a1004002c
:020000040000fa
:020000041d03da
:0c45b400420082940800e003070042303f
:020000040000fa
:020000041d03da
:0c45c0006202023c0800e003005a4224a2
:020000040000fa
:020000041d03da
:0c45cc0000a0023c0800e003b426428c72
:020000040000fa
:020000041d03da
:0c45d8008c8184af0800e0038b8180a37d
:020000040000fa
:020000041d03da
:0845e4000800e00300000000e4
:020000040000fa
:020000041d03da
:0845ec000800e00301000224b5
:020000040000fa
:020000041d03da
:0845f4000800e003500285a459
:020000040000fa
:020000041d03da
:0845fc000800e003e2008290d8
:020000040000fa
:020000041d03da
:084604000800e0032000828c95
:020000040000fa
:020000041d03da
:08460c000800e0033000828c7d
:020000040000fa
:020000041d03da
:084614000800e003b20085a0dc
:020000040000fa
:020000041d03da
:08461c000800e003b00085a0d6
:020000040000fa
:020000041d03da
:084624000800e003100182947c
:020000040000fa
:020000041d03da
:08462c000800e0034001829444
:020000040000fa
:020000041d03da
:084634000800e003000182947c
:020000040000fa
:020000041d03da
:08463c000800e0035001829424
:020000040000fa
:020000041d03da
:084644000800e003600182940c
:020000040000fa
:020000041d03da
:08464c000800e0032001829444
:020000040000fa
:020000041d03da
:084654000800e003300182942c
:020000040000fa
:020000041d03da
:08465c000800e003d000828c8d
:020000040000fa
:020000041d03da
:084664000800e003c00282948b
:020000040000fa
:020000041d03da
:08466c000800e003000000005b
:020000040000fa
:020000041d03da
:084674000800e0030000000053
:020000040000fa
:020000041d03da
:08467c000800e0032510000016
:020000040000fa
:020000041d03da
:084684000800e003251080008e
:020000040000fa
:020000041d03da
:08468c000800e0030c81828f9d
:020000040000fa
:020000041d03da
:084694000800e0032b100400f4
:020000040000fa
:020000041d03da
:08469c000800e003148180af67
:020000040000fa
:020000041d03da
:0846a4000800e003f8ff022406
:020000040000fa
:020000041d03da
:0846ac000800e00308000224ed
:020000040000fa
:020000041d03da
:0846b4000800e00325100000de
:020000040000fa
:020000041d03da
:0846bc000800e00301000224e4
:020000040000fa
:020000041d03da
:0846c4000800e0030000000003
:020000040000fa
:020000041d03da
:0846cc000800e0036c818297f5
:020000040000fa
:020000041d03da
:0846d4000800e0036481828ffd
:020000040000fa
:020000041d03da
:0846dc000800e0037c81828fdd
:020000040000fa
:020000041d03da
:0846e4000800e0038a818293c3
:020000040000fa
:020000041d03da
:0846ec000800e00300000000db
:020000040000fa
:020000041d03da
:0846f4000800e00300000000d3
:020000040000fa
:020000041d03da
:0846fc000800e00300000000cb
:020000040000fa
:020000041d03da
:08470400000001001200a600f4
:020000040000fa
:020000041d03da
:08470c000800e003f1fe0224a5
:020000040000fa
:020000041d03da
:084714000800e00300000000b2
:020000040000fa
:020000041d03da
:08471c000800e00300000000aa
:020000040000fa
:020000041d03da
:084724000800e00300000000a2
:020000040000fa
:020000041d03da
:08472c00286e696c29000000f1
:00000001FF
